epoch,G_fidelity,G_adv,G_loss,D_real,D_fake,D_penalty,D_loss
0,13.15870122,106.4915826,119.6502833,-72.885142,-104.9173689,6.965432729,-25.06679387
1,10.80746896,97.17338617,107.9808562,-61.57722092,-95.98896081,7.894601618,-26.51713794
2,10.57034642,69.13122431,79.70157166,-45.85767008,-68.6802152,5.083938758,-17.73860617
3,9.989778178,51.52017498,61.50995255,-31.727483,-51.09457867,2.737355386,-16.62974027
4,9.782984797,48.5824858,58.3654707,-33.47308698,-48.21303684,2.59449017,-12.14545965
5,10.13212517,48.26027659,58.39240217,-32.91695697,-47.79844928,2.03852347,-12.84296887
6,9.632917913,51.57927598,61.21219336,-37.80053177,-51.25513647,2.299908042,-11.15469669
7,9.68458254,52.86556625,62.5501491,-39.37468433,-52.05144603,2.348818396,-10.32794331
8,9.985752233,66.72101599,76.70676778,-51.17356504,-66.03142544,2.233670676,-12.62418979
9,10.51416956,53.6158371,64.13000597,-39.18706063,-53.21665042,1.691154897,-12.3384349
10,10.38406792,62.56783196,72.95190013,-47.39579315,-62.07631887,1.889073352,-12.79145225
11,9.852165767,65.26333226,75.11549871,-54.33741914,-64.89458418,1.63402079,-8.923144153
12,10.49480319,60.54076597,71.0355696,-48.6778136,-60.11827295,1.402951155,-10.03750811
13,10.09325698,63.04084155,73.13409799,-52.8430371,-62.5649838,1.650657362,-8.071289364
14,10.06691381,68.92375898,78.99067307,-56.65165614,-68.42963164,1.357789642,-10.4201858
15,10.4606074,64.38574473,74.84635143,-53.19424292,-64.10181357,1.248070681,-9.659500114
16,10.35569014,71.43925806,81.7949479,-61.15012874,-71.0606096,1.292099587,-8.618381296
17,10.15884488,68.98911816,79.14796273,-59.1070385,-68.64465294,1.183925939,-8.353688558
18,10.83574343,66.18648624,77.02223005,-52.93268585,-65.76776549,1.353936838,-11.48114269
19,10.638786,62.93311402,73.5719003,-53.31488025,-62.52215977,1.127590044,-8.079689503
20,10.129587,72.56317561,82.69276251,-63.21465697,-72.21046788,1.176225441,-7.819585391
21,10.31877664,77.62959654,87.94837341,-66.48336194,-76.99330765,1.473634863,-9.036310784
22,10.38730792,76.25221593,86.63952412,-65.73909862,-75.78461706,1.221779344,-8.823739103
23,10.81118139,79.11086448,89.92204631,-64.97641239,-78.33735902,1.487109522,-11.87383715
24,9.832903658,50.71431922,60.54722275,-40.2162712,-50.29582904,1.189158814,-8.890398979
25,10.84814664,56.69988951,67.54803569,-44.18069124,-56.28275337,1.228354582,-10.87370743
26,10.10600977,57.88949242,67.99550209,-44.71604837,-57.30556424,1.464125244,-11.12539069
27,11.05547885,59.23956728,70.29504694,-44.6411696,-58.79388659,1.507623553,-12.64509344
28,9.74416879,54.82457781,64.56874603,-43.61544456,-54.27266436,1.501279036,-9.155940708
29,9.979562487,70.95035001,80.92991189,-57.32415989,-70.1668443,1.521345701,-11.32133865
30,9.640867996,59.8065951,69.44746221,-47.4863033,-59.43339713,1.439896067,-10.50719773
31,9.634084225,60.93155387,70.56563725,-50.65391816,-60.54621707,1.354300154,-8.537998727
32,10.29364688,53.33071524,63.62436206,-41.11919861,-52.87018522,1.338474639,-10.41251189
33,9.917030879,58.93486943,68.85189956,-46.64159788,-58.33749369,1.612877871,-10.08301786
34,9.879896323,61.48267895,71.36257591,-48.32094034,-60.7105559,1.484822897,-10.90479275
35,9.225650549,55.3512555,64.57690634,-44.20654668,-54.8624186,1.599682995,-9.056188822
36,10.73144217,65.56619552,76.29763734,-51.58529243,-65.0380613,1.4471808,-12.00558818
37,9.721475158,48.36710283,58.08857775,-37.71949009,-47.99030025,1.38914603,-8.881664174
38,9.767743145,58.43065521,68.19839818,-48.67349946,-58.16617632,1.236090507,-8.256586432
39,9.663088449,51.84498011,61.50806834,-41.91259492,-51.60781301,1.183041175,-8.512176879
40,10.29288639,54.14951856,64.44240672,-42.76110213,-53.75197342,1.144733625,-9.846137617
41,10.65378386,56.63106925,67.28485336,-42.97105427,-56.14681892,1.322337548,-11.85342712
42,10.29449974,71.27348069,81.56798036,-59.51487964,-70.82597678,1.402238471,-9.908858657
43,10.12746452,52.90345106,63.03091539,-42.49530195,-52.59213686,1.153972677,-8.942862193
44,9.535569634,80.70972599,90.24529593,-69.24775818,-80.23460327,1.482108321,-9.504736781
45,9.690575441,60.84865004,70.53922532,-50.41537541,-60.42217916,1.446226803,-8.560576916
46,10.00093872,62.64514944,72.64608806,-51.31455154,-62.17858607,1.18222243,-9.681812184
47,9.875650533,74.9495602,84.82521019,-62.99570057,-74.52217216,1.471296382,-10.0551753
48,9.80752962,57.93587075,67.7434001,-46.47150115,-57.48822474,1.260277678,-9.756445851
49,9.765650368,62.44733162,72.21298122,-51.94107148,-62.07571475,1.333394925,-8.801248344
50,9.80770295,63.37317743,73.18088,-51.95348208,-62.80003112,1.451629392,-9.394919583
51,10.20742403,62.83063221,73.03805637,-49.75049455,-62.18911525,1.46896186,-10.96965875
52,10.68117113,48.44018437,59.12135547,-35.83265262,-47.98500646,1.227283716,-10.92507022
53,10.02497012,52.57100358,62.59597387,-40.65570886,-52.23717556,1.444348182,-10.13711871
54,10.43887825,55.12007476,65.55895367,-41.3001845,-54.39984763,1.544628072,-11.55503515
55,10.35439982,47.2761566,57.63055645,-35.18493734,-46.77695719,1.53562057,-10.05639931
56,9.885131105,68.80026569,78.68539677,-56.12065353,-68.13064747,1.526786963,-10.48320691
57,10.47742435,58.2894408,68.76686566,-44.27019436,-57.7884483,1.472890973,-12.04536302
58,9.911490186,40.40948682,50.32097718,-29.65072476,-40.0783899,1.322770003,-9.104895242
59,10.02845335,67.81088843,77.83934184,-56.75476463,-67.28786605,1.615885011,-8.917216301
60,10.31754195,57.4920602,67.8096029,-45.25072727,-56.9013759,1.492680641,-10.15796795
61,10.0703049,58.05191244,68.12221759,-47.38996273,-57.79030292,1.397364702,-9.002975498
62,10.03581047,64.40064853,74.43645736,-53.46559198,-64.10723032,1.237185559,-9.404452767
63,9.719337877,56.75772336,66.47706146,-46.1690066,-56.35777702,1.157624086,-9.031146351
64,10.18920578,69.89486647,80.08407239,-57.72013728,-69.43974822,1.505235348,-10.21437556
65,9.849745051,66.19695358,76.04669876,-57.02160288,-66.02272415,1.118965356,-7.882155927
66,9.60424212,63.63654453,73.24078682,-53.75661602,-63.42660522,1.136337663,-8.53365142
67,9.890398026,52.00117671,61.89157575,-40.95591448,-51.58220959,1.167435602,-9.458859475
68,10.44126466,61.02361323,71.46487808,-49.6253296,-60.66502795,1.252444127,-9.787254197
69,9.661742783,64.02298272,73.68472592,-52.10033154,-63.59656194,1.263870172,-10.23236024
70,9.822308983,65.64013324,75.46244199,-54.36085871,-65.22919938,1.418407372,-9.449933325
71,9.941378975,66.61660182,76.55798187,-54.93418121,-66.2214915,1.3373052,-9.950005134
72,11.07940504,68.99862458,80.0780297,-56.39527665,-68.6029044,1.402149435,-10.80547844
73,9.942444674,62.7347669,72.67721144,-52.47536462,-62.51871968,1.154997893,-8.888357162
74,9.706447431,77.55776848,87.26421527,-67.06188308,-77.05687327,1.307401985,-8.687588198
75,9.596065521,62.13598539,71.73205103,-51.65099757,-61.78701445,1.351500567,-8.784516471
76,9.867577203,75.62908656,85.49666367,-64.93129187,-75.32924042,0.996418029,-9.401530552
77,10.05169197,70.55100632,80.60269846,-58.6814267,-70.13138403,1.329320037,-10.12063721
78,10.31451403,72.39258245,82.70709597,-60.26790989,-71.96372636,1.262848421,-10.43296811
79,9.877081837,73.22914028,83.10622243,-61.26183457,-72.70216084,1.359087339,-10.08123892
80,10.25182076,72.25123819,82.50305786,-59.21622245,-71.78342266,1.484305211,-11.08289512
81,9.382721935,78.01427596,87.39699745,-67.60265344,-77.72203646,1.208707107,-8.910675832
82,10.40154422,71.80148036,82.20302607,-59.99845448,-71.38973948,1.248169466,-10.14311543
83,9.85932609,86.21664878,96.07597453,-73.26978459,-85.71252843,1.487055898,-10.95568803
84,10.18586553,70.5959823,80.78184662,-59.49245828,-70.27153473,1.261530896,-9.517545636
85,10.08416135,73.30602319,83.39018386,-62.64588118,-72.99706214,1.242829089,-9.10835181
86,10.05161533,76.23154017,86.28315582,-65.88811781,-75.92190971,1.211162869,-8.822629102
87,10.30700019,75.33412583,85.64112738,-63.89959764,-74.85685572,1.168702781,-9.788555316
88,10.95903928,75.0395047,85.99854493,-63.29338734,-74.74448456,1.302057696,-10.14903947
89,10.42254314,79.72879523,90.15133642,-68.66330166,-79.29779758,1.154460263,-9.480035528
90,10.28541984,87.82198007,98.10739926,-76.61969655,-87.47095544,1.17644988,-9.674809081
91,9.542070484,73.41150322,82.95357475,-62.63811305,-73.04656862,1.195166608,-9.213289007
92,10.4052187,91.65117077,102.0563901,-81.07995176,-91.16875013,1.372918444,-8.715879951
93,9.983403428,86.83203519,96.81543808,-76.4829302,-86.46893361,1.263107622,-8.722895845
94,9.826031004,78.55212934,88.37816116,-67.84681351,-78.2334811,1.166466343,-9.220201373
95,10.02773902,84.10627136,94.13401031,-73.94067523,-83.84355672,1.120471136,-8.782410431
96,10.86181218,85.65573815,96.51755033,-74.54746004,-85.38236509,1.110920846,-9.72398431
97,10.21529201,79.32711875,89.54241123,-68.25196488,-78.92632621,1.146667977,-9.527693494
98,10.04406929,76.13250547,86.17657423,-65.79254743,-75.75794806,1.125421848,-8.839978797
99,10.29298236,85.70470594,95.99768829,-74.77895648,-85.36472804,1.083239241,-9.502532323
100,9.868113382,81.28715706,91.15527153,-71.81564222,-81.02149636,0.977206307,-8.228647913
101,9.51328751,91.87169416,101.3849832,-81.75903497,-91.49840927,1.121440768,-8.617933512
102,9.5565334,83.14935659,92.70588888,-72.66511167,-82.77033361,1.209084849,-8.896137063
103,9.793278422,75.66013786,85.4534171,-64.73246319,-75.21566319,1.141715633,-9.341484342
104,10.1452287,92.87942251,103.0246499,-80.81371565,-92.43152663,1.131941573,-10.48586934
105,9.917099714,82.92830685,92.84540585,-73.13339891,-82.58074842,1.142706164,-8.304643461
106,10.12743556,90.75925484,100.88669,-79.02914658,-90.35504704,1.076346382,-10.24955397
107,10.53019347,83.10020542,93.63039752,-71.45069851,-82.81429209,1.095923224,-10.26767032
108,10.23655087,89.97414896,100.2107006,-79.37935333,-89.62660074,1.10231747,-9.144930045
109,10.47609554,75.72997965,86.20607485,-65.50275244,-75.42869486,1.005648255,-8.920294115
110,10.24533173,93.38809636,103.6334297,-82.18432706,-92.95990664,1.136177425,-9.639402231
111,9.132404396,86.93486622,96.0672711,-78.85518592,-86.63583483,1.106446432,-6.674202587
112,10.71756172,84.40597228,95.123534,-73.32300973,-84.07408115,1.059309495,-9.691761902
113,9.751584752,100.8467893,110.5983737,-89.85673205,-100.3405552,1.251594492,-9.232228756
114,10.906147,79.4204043,90.32655116,-68.45101268,-79.12853922,0.983935326,-9.693591186
115,10.15817827,93.28004761,103.4382261,-83.6083058,-93.00526772,0.976502486,-8.420459493
116,10.51440334,88.52254622,99.03695066,-77.24708418,-87.97609874,1.163280404,-9.565734114
117,10.59585505,98.67892176,109.2747762,-87.57039591,-98.32590739,1.058808895,-9.696702449
118,10.13746646,96.65796307,106.7954294,-85.58610313,-96.23166452,1.12628164,-9.519279684
119,9.25283006,94.57847544,103.8313059,-86.29377569,-94.26584524,1.078255852,-6.893813705
120,10.07274764,88.45596804,98.52871568,-77.48190328,-88.07433292,1.088341117,-9.504088453
121,9.70448885,100.9649797,110.6694687,-90.5934199,-100.6021165,1.131452743,-8.877243837
122,9.77204442,88.20008632,97.97213091,-79.47319351,-87.95931952,0.937059194,-7.549066748
123,9.46841774,110.6354031,120.1038214,-101.3251506,-110.1040706,1.19962273,-7.579297304
124,9.241850001,90.26629273,99.50814295,-80.79387334,-89.83632175,1.052181721,-7.99026663
125,10.40912945,94.86179944,105.2709297,-85.33259215,-94.42593302,1.104953936,-7.988386903
126,9.844978428,111.7162432,121.5612228,-101.9738568,-111.2613844,1.284181205,-8.003346364
127,9.683232137,105.8861136,115.5693452,-95.30397769,-105.5182566,1.102386151,-9.111892768
128,10.06362149,116.7060265,126.7696471,-106.6488431,-116.3379397,1.00953145,-8.679565144
129,10.06171724,97.41054133,107.4722572,-86.99906511,-97.06271308,0.962762598,-9.100885357
130,9.904497687,97.28773905,107.1922371,-87.4297376,-96.98403041,1.050836639,-8.503456116
131,10.54016025,107.7786443,118.3188046,-98.88809667,-107.6122671,0.84562036,-7.878550087
132,9.487748845,109.0578777,118.5456281,-99.892711,-108.7846544,0.822089052,-8.069854228
133,10.02282967,101.7859876,111.8088177,-92.07567705,-101.4546588,0.970420173,-8.40856157
134,11.29893843,92.83320885,104.1321482,-81.09041392,-92.42264169,1.075171312,-10.25705636
135,10.3238478,99.41347122,109.7373199,-89.32372584,-99.05338015,1.075569327,-8.654085125
136,10.34526711,100.936633,111.2818998,-90.39679616,-100.6100288,1.018947105,-9.194285552
137,10.18560641,93.0068762,103.192482,-83.18790822,-92.64059305,0.922135089,-8.530549765
138,9.631142889,98.91668156,108.5478235,-89.70464107,-98.58662142,0.990828863,-7.891151394
139,10.77442245,93.53478216,104.3092044,-82.74459941,-93.11157964,1.030294359,-9.336685848
140,9.71041911,97.1236233,106.8340428,-87.49231461,-96.76265226,1.06280125,-8.207536391
141,9.785958195,113.7084058,123.4943644,-103.4084646,-113.2764966,1.198631934,-8.669400215
142,10.52781831,109.1014293,119.629249,-98.48485075,-108.8951729,0.884202655,-9.526119471
143,9.621846994,105.4843786,115.1062258,-94.78352458,-104.8866023,1.081146443,-9.021931235
144,8.99392581,113.5057727,122.499697,-97.13675363,-112.1926384,2.122861428,-12.93302328
145,9.450610828,114.0004506,123.451061,-102.0540955,-113.5956935,1.621902716,-9.919695282
146,9.742565155,104.6775905,114.4201546,-94.40978595,-104.3190305,0.975676971,-8.933567626
147,9.675592264,113.8333964,123.5089887,-102.6190781,-113.1647199,1.259325306,-9.286316506
148,9.993243728,103.2928257,113.2860707,-92.53714207,-102.9815023,1.06096137,-9.383398771
149,10.24754454,104.7706512,115.0181961,-94.42362264,-104.1982365,1.152612229,-8.622001473
150,10.68255414,109.7599585,120.4425141,-99.47483117,-109.414457,1.014373085,-8.92525271
151,10.0963003,109.6196297,119.7159298,-100.6179472,-109.3052112,0.787370899,-7.899893182
152,9.439211305,101.6005351,111.0397471,-92.0390269,-101.2519019,1.000825989,-8.212048944
153,9.940252611,106.3350612,116.2753146,-95.8290254,-105.9448861,1.063913269,-9.051947423
154,10.14946842,114.4400998,124.5895676,-104.7113134,-114.1006246,1.005213213,-8.384097989
155,10.04249821,111.2955472,121.3380459,-101.4305616,-110.8032638,0.991830656,-8.380871534
156,10.33495712,112.5400637,122.8750203,-101.3471186,-112.0558584,1.076902397,-9.631837336
157,11.12138741,104.6667107,115.7880974,-93.96268845,-104.4201647,0.935981176,-9.521495002
158,10.99096384,111.2298169,122.2207815,-100.1183347,-110.7564774,0.988023309,-9.650119273
159,9.510671275,97.41255978,106.9232309,-87.96499934,-97.10943113,0.909589325,-8.234842573
160,9.748945014,98.95873235,108.7076764,-89.26896998,-98.67839635,0.913562346,-8.495863946
161,10.11663205,91.97228295,102.0889146,-83.74206924,-91.71513476,0.891486666,-7.081578868
162,9.500591993,95.38293648,104.8835286,-86.72252015,-95.14151914,0.853257571,-7.565741403
163,10.13404446,106.7260447,116.8600901,-96.81323999,-106.4325178,0.88214889,-8.737128989
164,9.893724646,106.5763939,116.4701168,-97.01193769,-106.2084943,0.919328072,-8.277228492
165,10.28626912,101.9017268,112.1879953,-89.62654273,-101.3431522,1.118444987,-10.5981644
166,10.30692962,105.6391741,115.9461027,-95.66581781,-105.3058112,1.066227738,-8.573765653
167,10.50344639,111.8740417,122.3774882,-101.6434268,-111.5892502,0.927761694,-9.018061765
168,10.23891033,120.8719646,131.1108742,-110.637094,-120.5560529,0.950189071,-8.968769823
169,9.983870697,97.79274966,107.7766202,-88.85635745,-97.48501765,0.966922688,-7.661737553
170,10.50024642,109.6489994,120.1492457,-99.82237761,-109.3963138,0.831773375,-8.742162875
171,10.39551627,103.4131271,113.8086451,-93.54304581,-103.0012876,1.016215309,-8.442026464
172,10.37835796,112.8905792,123.2689378,-102.0177555,-112.5257819,1.060283942,-9.447742462
173,9.231874402,116.1210383,125.3529119,-106.8795685,-115.3576955,1.066861188,-7.411265818
174,10.51064079,109.4887837,119.999424,-99.10142572,-109.0584864,0.89794769,-9.059113026
175,9.831384523,105.6167872,115.4481724,-96.86192213,-105.2888707,0.921769021,-7.505179507
176,10.04803769,118.4396729,128.4877096,-108.6892649,-118.0171168,0.982589746,-8.345262146
177,9.334794794,103.8026532,113.1374479,-96.02399009,-103.5837201,0.885453884,-6.674276114
178,10.11512683,110.2897199,120.4048472,-101.8159116,-110.0554031,0.856528767,-7.38296272
179,10.42570761,96.880079,107.3057861,-88.15017836,-96.69478335,0.819504808,-7.725100109
180,9.06342535,115.3726262,124.4360504,-106.8506666,-114.934669,0.950384037,-7.133618323
181,10.1061602,101.4721631,111.5783228,-90.89874758,-101.0855996,0.826198999,-9.360652924
182,10.31766246,110.9212143,121.2388769,-101.8658437,-110.6672379,0.808311458,-7.993082714
183,9.953334502,123.7871165,133.7404518,-114.6153739,-123.2484676,0.941272144,-7.691821439
184,10.38863411,113.0943242,123.482958,-103.9188159,-112.9081573,0.808070393,-8.18127114
185,9.840500559,117.7867448,127.6272436,-108.5127351,-117.5123803,0.883234884,-8.116410324
186,9.800646146,110.3065908,120.1072375,-100.7590042,-109.9245425,1.007280513,-8.158257866
187,9.918776785,115.6830172,125.601793,-107.6812281,-115.4603675,0.826332307,-6.95280712
188,9.810964244,107.8942495,117.7052144,-99.45737621,-107.6910106,0.83361277,-7.400021587
189,10.58780839,110.2281708,120.8159805,-100.7859839,-109.8593859,0.883932853,-8.189469274
190,10.62087481,103.9770884,114.5979631,-94.33443056,-103.5815105,0.839440307,-8.40763981
191,10.29074847,118.720421,129.0111674,-109.402164,-118.3610654,0.935196459,-8.02370499
192,10.45464788,108.5105598,118.9652067,-98.42671181,-108.2153586,0.935794686,-8.852852072
193,10.01235685,107.8190839,117.8314392,-99.30862147,-107.5338727,0.904077597,-7.321173684
194,10.45285194,118.3604954,128.8133485,-109.0050117,-118.0731196,0.915470093,-8.152637754
195,10.36793308,110.1789459,120.5468806,-100.5676834,-109.7428309,0.849284252,-8.325863266
196,10.18576224,101.703525,111.8892866,-92.32514027,-101.4324886,0.799125344,-8.308222975
197,9.919294643,100.6281751,110.5474706,-91.6615003,-100.1729602,0.793989537,-7.717470328
198,9.382106645,102.532656,111.914763,-94.30494036,-102.1843076,0.941032925,-6.938334261
199,9.960442988,112.173829,122.1342723,-102.8503155,-111.8185178,0.995069698,-7.973132642
200,9.445260014,101.2434319,110.6886935,-92.39478329,-100.9011773,0.891090959,-7.615302869
201,9.283768688,105.5220201,114.8057883,-96.48001862,-105.2233963,0.876657712,-7.866720029
202,8.968900204,110.6608927,119.6297933,-102.0166316,-110.4324537,0.920435397,-7.495386664
203,10.55567455,109.793663,120.349338,-100.4056238,-109.3948544,0.875891345,-8.113339101
204,9.983589427,107.7423793,117.7259684,-99.11962891,-107.5469106,0.772369166,-7.654912535
205,9.845936298,106.5595491,116.4054843,-99.030159,-106.3748766,0.771660196,-6.573057379
206,9.534095764,112.1202443,121.6543383,-103.5105232,-111.6881477,0.963992244,-7.213632282
207,9.987524782,116.7501586,126.7376851,-107.7221353,-116.2663013,0.917878841,-7.626287154
208,10.4056866,109.0932706,119.4989578,-99.84194717,-108.8174088,0.821972211,-8.153489383
209,9.395807198,113.1808292,122.5766367,-106.0883933,-112.8875332,0.854022035,-5.945117712
210,9.666105429,119.3379481,129.0040553,-111.0449844,-119.113325,0.89419506,-7.17414554
211,9.56840304,112.6961286,122.2645305,-103.2068057,-112.3324279,0.806615587,-8.31900663
212,10.97149767,114.5916571,125.5631545,-103.6065562,-114.0688051,1.007925864,-9.454322972
213,10.21994546,122.1730286,132.3929738,-113.103744,-121.7893199,0.939302429,-7.746273486
214,10.23861715,113.0941364,123.3327522,-105.6355139,-112.9545217,0.688722947,-6.630284974
215,9.605122407,122.1456187,131.7507431,-113.5095139,-121.7901382,0.802975259,-7.477649053
216,9.457667487,114.6890564,124.1467236,-106.9995166,-114.4676928,0.687423668,-6.780752523
217,11.01214403,114.1554947,125.1676404,-104.7713755,-113.8757401,0.814782071,-8.289582475
218,11.00532566,113.5004169,124.5057417,-104.0932857,-113.2691966,0.768272968,-8.407637937
219,10.09846029,103.2430844,113.3415438,-93.62066689,-102.8419421,0.936268987,-8.28500611
220,10.65349879,105.6099292,116.263428,-95.28052957,-105.2760386,0.860443243,-9.135065794
221,10.01476491,100.8939163,110.9086812,-92.79463755,-100.7448639,0.773367548,-7.176858775
222,9.94340791,109.4229919,119.3663984,-101.267607,-109.274965,0.703673929,-7.303684201
223,9.748453458,109.580927,119.3293805,-100.4302973,-109.1636823,0.857713397,-7.875671514
224,9.676100867,102.9650002,112.6411013,-94.08097294,-102.6272964,0.878867601,-7.667455946
225,10.36088896,103.5260247,113.8869133,-94.44586304,-103.2144473,0.714815847,-8.053768499
226,10.7628053,99.90483615,110.6676422,-91.28327287,-99.65902685,0.772661233,-7.603092798
227,10.47599677,113.9858334,124.4618308,-104.6621908,-113.6292806,0.87459858,-8.092491184
228,9.498530833,96.29773687,105.7962677,-88.61157138,-96.03667094,0.782870777,-6.64222881
229,10.33547446,111.9966687,122.3321435,-103.8799673,-111.8366004,0.698403661,-7.258229494
230,10.15957753,110.4344371,120.594015,-102.7144808,-110.2614655,0.728208061,-6.81877648
231,9.696634906,110.2663224,119.9629568,-101.900475,-110.0016493,0.776548479,-7.324625867
232,9.287679577,111.1133046,120.4009834,-103.6565004,-110.8527888,0.816422409,-6.37986606
233,9.422613791,109.7011419,119.1237556,-101.659586,-109.4304744,0.805245395,-6.965643099
234,9.575011921,104.7734482,114.3484591,-96.82196388,-104.5296366,0.640535682,-7.067137067
235,9.615508011,105.9162919,115.5318015,-97.6710137,-105.5837487,0.750003649,-7.16273146
236,10.21442375,99.61813202,109.8325551,-90.42168427,-99.36163406,0.787059716,-8.152890046
237,10.12171595,99.20657485,109.3282907,-90.11442484,-98.78174918,0.799285616,-7.868038774
238,8.9543909,113.8890359,122.8434258,-104.9972136,-113.4458564,0.893017479,-7.555625268
239,9.418119081,118.5689898,127.9871094,-110.3138751,-118.3428462,0.851246258,-7.177724838
240,9.698646137,113.3765793,123.0752272,-105.6968918,-113.1707069,0.782383951,-6.691431216
241,10.75964737,114.6780787,125.4377263,-104.9884377,-114.3862027,0.809641651,-8.588123417
242,9.900949478,114.1230433,124.0239939,-105.2033705,-113.7227546,0.814372293,-7.705011811
243,10.18525785,113.2056056,123.3908635,-104.4826136,-112.9102788,0.748278274,-7.67938687
244,9.484782185,111.8029837,121.2877658,-104.042696,-111.5522556,0.758512752,-6.751046862
245,9.183946355,112.2370989,121.4210439,-105.2331561,-112.0079587,0.699924701,-6.074877946
246,10.27503095,115.4659211,125.7409532,-107.4111203,-115.2913478,0.696535513,-7.183692047
247,10.10901839,106.5574285,116.6664459,-98.17477722,-106.2724213,0.751478859,-7.346165212
248,10.49850086,118.4861483,128.9846486,-110.0833985,-118.2040193,0.783137783,-7.337482929
249,10.27653478,106.7887353,117.0652718,-99.10938829,-106.4593503,0.800903296,-6.549058755
250,9.78533629,120.7870922,130.5724297,-112.9511092,-120.4429771,0.758727648,-6.733140298
251,10.5363775,119.7919399,130.3283179,-110.6536615,-119.5133852,0.748299103,-8.111424616
252,10.06027625,117.6175854,127.6778604,-108.9876947,-117.1442905,0.822271208,-7.33432471
253,10.4996468,115.7747173,126.2743653,-107.7256606,-115.4404057,0.774675163,-6.94006988
254,10.26979259,121.7907939,132.0605855,-114.2949081,-121.6009293,0.773187413,-6.532833719
255,10.42276243,122.9984098,133.421172,-114.380303,-122.858411,0.717048717,-7.761059284
256,10.0606775,132.011467,142.0721456,-122.8131592,-131.7309362,0.768597591,-8.149179363
257,9.990124805,122.3575063,132.3476323,-115.0938394,-122.2259162,0.658173421,-6.473903315
258,10.64599187,123.0108281,133.6568207,-115.5195918,-122.9030574,0.641073382,-6.742392238
259,10.94124276,124.8595483,135.80079,-116.5160239,-124.6818624,0.714607877,-7.451230662
260,10.64988251,126.7554998,137.4053828,-117.8428813,-126.3444483,0.772145224,-7.72942187
261,9.872122731,129.905407,139.7775307,-121.1421798,-129.583253,0.940391592,-7.500681707
262,9.886487484,126.8162133,136.7027005,-119.4917608,-126.6144349,0.664726887,-6.457947288
263,10.27652639,113.5653112,123.8418381,-105.3655284,-113.348274,0.612784233,-7.369961357
264,9.252754007,135.3886474,144.6414002,-126.5175509,-134.8327043,0.800941897,-7.514211552
265,10.85488205,124.4559326,135.3108154,-115.1104151,-124.0726812,0.815569667,-8.146696329
266,10.00219761,131.5670874,141.5692869,-124.2023642,-131.3755913,0.685417026,-6.487810067
267,10.70845998,131.2565653,141.9650248,-123.1907931,-131.0066635,0.711666785,-7.104203669
268,9.560946907,132.4745222,142.0354707,-124.1516636,-132.2061212,0.698362108,-7.356095433
269,9.378571828,133.9638079,143.3423793,-126.5255597,-133.7815402,0.647796245,-6.608184131
270,9.869412422,130.1147657,139.9841777,-123.8068461,-129.9324515,0.585520361,-5.540085043
271,9.837281354,127.075174,136.9124552,-118.9457967,-126.864298,0.665314188,-7.253187148
272,10.06481137,110.3935263,120.458337,-102.4621353,-110.1417743,0.673995746,-7.0056433
273,8.996093432,99.36703517,108.3631271,-92.85618477,-99.15794779,0.655630213,-5.646132819
274,10.3263324,114.7162323,125.0425638,-105.7260899,-114.374946,0.713135641,-7.935720512
275,11.03817306,121.4336052,132.4717789,-112.0918808,-121.1008878,0.746182078,-8.262824944
276,10.76784,126.3898384,137.1576772,-118.3481712,-126.1288274,0.670045837,-7.11061039
277,10.41573811,117.6887242,128.1044633,-109.910838,-117.5017447,0.660818087,-6.930088588
278,10.46930434,126.8762586,137.3455627,-117.6232783,-126.503242,0.782952923,-8.097010771
279,9.647738252,116.7764427,126.4241796,-108.1000271,-116.4867082,0.732118517,-7.65456261
280,9.948795478,124.4063062,134.3551023,-115.8336077,-123.9384644,0.792502753,-7.312353834
281,10.62510981,120.6776597,131.3027703,-112.6364487,-120.3990067,0.677599428,-7.084958553
282,9.817395337,124.8300212,134.6474182,-117.0661209,-124.5971837,0.685533484,-6.84552927
283,10.3924771,133.5842389,143.9767151,-124.3494775,-133.1071478,0.823620928,-7.934049368
284,10.56100661,133.5768987,144.1379064,-123.1894145,-132.9304321,0.930724212,-8.810293452
285,11.30776869,129.0126403,140.3204084,-120.1956989,-128.8298318,0.656586125,-7.977546828
286,9.378321902,134.8665802,144.244902,-127.7340383,-134.5573741,0.694825125,-6.128510618
287,10.40490498,126.6339163,137.0388222,-119.1442462,-126.3799488,0.637651735,-6.598050799
288,10.84739893,133.3322656,144.1796632,-124.7420093,-133.0268489,0.701076016,-7.583763599
289,10.5133393,125.4652059,135.9785456,-116.4846207,-125.1162298,0.698145205,-7.933463891
290,10.15057748,131.3908326,141.5414096,-123.6987637,-131.1617012,0.627320626,-6.835616929
291,10.0172403,128.4123667,138.4296066,-120.1904678,-128.2069733,0.66705452,-7.349450954
292,10.59897641,121.8443745,132.4433501,-113.8085741,-121.7031659,0.585328645,-7.309263127
293,11.14666805,124.7169497,135.8636159,-116.8208555,-124.4685562,0.620060831,-7.027639834
294,9.941261087,126.3828558,136.3241174,-118.6071181,-126.0303808,0.740671151,-6.682591558
295,10.31178122,134.527121,144.8389028,-125.4997264,-134.2502508,0.729047547,-8.021476873
296,11.39805566,137.5163612,148.9144145,-129.2272432,-137.3033338,0.597773609,-7.478317005
297,10.48650208,129.8143702,140.3008723,-122.2692759,-129.5852549,0.654622179,-6.661356846
298,10.34233015,138.8241332,149.166463,-131.4137551,-138.5404282,0.700437101,-6.426235982
299,10.89178076,132.8242393,143.7160216,-123.6761506,-132.4843646,0.754917494,-8.053296471
300,10.622343,132.0056071,142.6279509,-124.8627289,-131.7109885,0.630763199,-6.217496395
301,10.69710227,139.3971318,150.0942345,-131.279395,-139.0984301,0.632996067,-7.186039039
302,9.67423439,135.5204564,145.1946915,-128.6076981,-135.2474996,0.595862903,-6.043938621
303,9.971110923,129.2724288,139.2435406,-122.7530899,-129.0656907,0.625070738,-5.687530075
304,10.39402479,129.5729602,139.9669856,-122.4091036,-129.3757731,0.614929521,-6.351739987
305,10.25438302,125.5974759,135.85186,-117.6860744,-125.4046892,0.627694617,-7.090920142
306,9.852103615,127.8254044,137.6775075,-119.8343455,-127.4810692,0.646941408,-6.999782213
307,10.43593931,128.915702,139.3516426,-120.3341222,-128.6633617,0.748758652,-7.580480848
308,9.841892052,129.9225357,139.7644262,-122.9231913,-129.7459707,0.56898817,-6.253791094
309,10.41528818,133.2734484,143.6887376,-126.0821964,-133.1193532,0.564984905,-6.472171954
310,9.652125581,131.6198558,141.2719813,-125.0939011,-131.4784587,0.525011248,-5.859546343
311,10.53846349,131.333137,141.8715995,-123.5067267,-131.1084317,0.597525463,-7.004179512
312,10.21658741,130.2973093,140.5138969,-122.8816926,-130.104911,0.613164276,-6.610054118
313,10.54224761,125.3045835,135.8468315,-116.862573,-125.025651,0.612713875,-7.550364192
314,10.69309453,125.7682964,136.4613925,-117.4355496,-125.4476504,0.597282999,-7.414817742
315,10.31308823,135.0245188,145.3376063,-126.6679866,-134.6847244,0.665904478,-7.350833352
316,10.34971769,142.7016929,153.0514112,-135.6490675,-142.458804,0.589514647,-6.220221894
317,9.678961563,138.5693476,148.2483093,-131.8043142,-138.4048976,0.538285299,-6.06229804
318,10.16276237,138.1862253,148.3489865,-130.2137702,-137.9932,0.580025777,-7.199403933
319,9.328958003,137.052595,146.3815536,-130.2698949,-136.7756856,0.67599052,-5.829800208
320,10.21252918,137.3542734,147.566803,-127.4761513,-136.9141677,0.717535711,-8.720480578
321,9.731991418,139.2167399,148.948733,-131.7015584,-138.9700638,0.635102604,-6.633402824
322,10.43985323,147.9338423,158.3736954,-140.5659201,-147.6468827,0.651529808,-6.42943275
323,10.91901944,144.0789556,154.9979747,-136.0646108,-143.9048055,0.617538446,-7.22265625
324,10.27646191,136.5354358,146.8118962,-128.640074,-136.276638,0.673722297,-6.962841698
325,9.918190854,140.0845964,150.0027875,-130.9413142,-139.6000432,0.896057159,-7.762671845
326,10.05595299,153.4940923,163.5500432,-146.1925761,-153.1560649,0.634093936,-6.329394849
327,9.595507213,152.315585,161.9110914,-145.1511759,-152.0424194,0.633931269,-6.257312255
328,10.79884087,152.1897471,162.9885885,-144.5559474,-152.0311554,0.539630602,-6.935577408
329,9.885148253,148.2895966,158.1747453,-140.5180097,-148.0033182,0.638662875,-6.846645696
330,9.248940309,147.515742,156.764682,-141.1712077,-147.2718384,0.569678809,-5.530951897
331,9.233948231,154.7642828,163.9982327,-149.0377137,-154.5692193,0.615143191,-4.916362396
332,9.743232663,148.7625982,158.5058314,-138.8910243,-148.2502141,0.830456684,-8.528733206
333,10.01931691,156.8517353,166.8710512,-148.305533,-156.4726459,0.741117188,-7.425995725
334,9.159141095,144.1130987,153.2722387,-138.0749318,-143.9396617,0.590909175,-5.273820591
335,9.668587514,150.3872604,160.0558472,-143.4818982,-150.0948712,0.588811255,-6.02416185
336,10.8142635,147.4551137,158.2693782,-139.5148717,-147.0517275,0.703310541,-6.833545327
337,9.973025049,152.7182764,162.6913011,-143.8812891,-152.2847579,0.700906262,-7.702562537
338,10.77475057,154.3379702,165.1127232,-145.7059026,-154.0271029,0.6431802,-7.678020009
339,9.317045625,156.2445841,165.5616292,-149.5901647,-156.0360677,0.569979994,-5.87592303
340,9.928294012,163.4785761,173.4068702,-157.1384163,-163.3277016,0.565575544,-5.623709679
341,10.42861382,158.6995778,169.1281901,-151.259171,-158.5093063,0.61693183,-6.633203411
342,10.82352887,151.834841,162.6583693,-143.4427343,-151.6344365,0.591621495,-7.600080729
343,9.775483386,159.0324824,168.8079671,-152.4886536,-158.8017156,0.57869164,-5.734370406
344,10.16080597,146.7647776,156.9255834,-139.9795777,-146.4700574,0.570350747,-5.920128822
345,10.52788989,154.6173742,165.1452642,-146.6960561,-154.2815501,0.608648789,-6.976845185
346,10.0938124,165.8633259,175.957137,-158.5118713,-165.6198207,0.60054365,-6.507405792
347,9.876331139,154.1509216,164.0272542,-147.4636892,-153.9880493,0.58882852,-5.935531616
348,10.05073912,151.5557545,161.6064949,-144.7234884,-151.4176118,0.551226801,-6.142896567
349,9.723426914,155.1491638,164.8725891,-148.7452215,-154.9819606,0.588435596,-5.648303429
350,9.689944063,154.9192472,164.6091892,-148.1909812,-154.7443542,0.558570553,-5.994802628
351,10.80360709,153.6151336,164.4187393,-146.1618587,-153.4422171,0.543755361,-6.736603141
352,10.48343013,152.7154521,163.1988831,-146.2359736,-152.553687,0.51411188,-5.803601551
353,9.707573482,153.7529558,163.4605288,-147.1350577,-153.4991411,0.574890586,-5.78919283
354,10.66298351,158.7293203,169.3923045,-151.6675822,-158.5168081,0.569764084,-6.279461781
355,9.239834377,156.0502112,165.2900456,-149.7530207,-155.8708027,0.511778118,-5.606003949
356,10.05357396,154.8019597,164.8555333,-147.5165431,-154.6073034,0.513075013,-6.577685245
357,10.04088197,152.5852558,162.6261357,-145.1033968,-152.1911823,0.634490203,-6.453295316
358,9.77260224,149.339355,159.1119568,-142.3013835,-149.0856583,0.595005855,-6.189268939
359,10.53562941,154.5356222,165.071252,-147.0282977,-154.2905622,0.522974851,-6.739289692
360,9.729860179,157.0448522,166.7747121,-150.429893,-156.8312505,0.577143488,-5.824214125
361,10.5087501,156.6762205,167.1849709,-148.4036674,-156.4501435,0.580839487,-7.465636628
362,10.07556517,161.6966624,171.7722272,-154.6893817,-161.5003422,0.532631525,-6.278328964
363,10.12963206,161.8325734,171.962204,-154.2482234,-161.5670868,0.604589802,-6.714273675
364,9.740933486,153.465768,163.2067021,-146.4114026,-153.2548572,0.485572913,-6.357881716
365,9.972140026,159.5099792,169.4821187,-153.1755839,-159.3170146,0.550394283,-5.591036431
366,10.47002329,159.5579965,170.0280195,-152.5952377,-159.3184662,0.567704684,-6.155523743
367,9.938370673,158.5467021,168.4850733,-150.8698629,-158.3102036,0.600156269,-6.840184371
368,10.12479438,162.8318427,172.9566383,-155.4699723,-162.6029603,0.587583951,-6.545404025
369,9.40177571,158.8926814,168.2944565,-152.4619802,-158.6488505,0.566544867,-5.620325406
370,9.84730213,151.2382129,161.0855165,-143.7933055,-150.9550332,0.58524304,-6.576484544
371,10.07398609,158.0241938,168.0981791,-150.7814987,-157.7711472,0.587789359,-6.401859109
372,10.60662338,155.6692025,166.2758288,-147.0388696,-155.2607934,0.654208098,-7.567715713
373,9.626609294,158.2023107,167.828919,-150.9566518,-157.9634303,0.61677116,-6.390007289
374,10.04541636,162.8447287,172.8901433,-155.8463494,-162.6091537,0.551016109,-6.211788254
375,10.3898168,170.1572135,180.5470298,-162.6829758,-169.9478749,0.529863854,-6.735035249
376,10.94014498,161.5853633,172.5255076,-153.7563995,-161.3993347,0.541533887,-7.101401329
377,9.664230415,156.910826,166.5750544,-149.3783166,-156.60903,0.568526511,-6.662186895
378,9.392048645,162.2222483,171.614298,-155.5831457,-161.9715159,0.540929649,-5.847440672
379,9.905518975,167.1126262,177.0181454,-159.7844898,-166.7716408,0.617107253,-6.370043831
380,9.966804441,163.4337524,173.4005564,-155.2018682,-163.1529104,0.610786347,-7.340255753
381,9.818923337,170.2642642,180.0831876,-163.4590263,-170.0956808,0.536421914,-6.100232601
382,10.24237499,169.7024506,179.9448242,-163.2111547,-169.4855698,0.488027465,-5.78638765
383,10.22976542,172.4557223,182.685488,-164.5567267,-172.2314017,0.603391373,-7.071283511
384,10.15106888,182.9442271,193.0952952,-175.3143046,-182.7169291,0.590417792,-6.812206713
385,9.558452913,170.9236461,180.4821004,-164.2636027,-171.3512301,0.570406247,-6.517221178
386,10.0930467,181.7080129,191.801059,-174.1712326,-180.280131,0.616699266,-5.492199087
387,9.848708698,172.9196211,182.7683302,-164.0819898,-171.2981126,0.564756176,-6.651366643
388,9.794327872,174.906965,184.7012918,-167.8648409,-174.3390388,0.576723993,-5.897473957
389,10.51797642,174.0216522,184.5396287,-168.5618006,-176.7609873,0.581303314,-7.617883333
390,10.51520712,176.0534336,186.5686411,-169.023243,-176.5325601,0.55023026,-6.959086912
391,10.02542941,180.6487386,190.6741689,-171.8156738,-178.4713903,0.579404646,-6.0763117
392,10.47852199,170.984133,181.4626547,-162.8097027,-170.9555724,0.613466214,-7.532403367
393,9.81855615,174.0707148,183.8892721,-168.0882619,-174.4053599,0.597206912,-5.719891103
394,10.09655087,184.7263696,194.8229228,-173.5725545,-179.3948855,0.499053555,-5.323277473
395,10.41770452,179.6454213,190.0631256,-173.6410868,-180.4270559,0.522652592,-6.263316536
396,9.311975547,179.706652,189.0186266,-174.5174702,-180.2976739,0.530338711,-5.24986491
397,10.47643007,176.2477071,186.7241364,-169.1661825,-174.9634176,0.444251823,-5.352983316
398,9.317431246,177.6568909,186.9743205,-169.4802464,-176.7519291,0.441876356,-6.829806379
399,10.34001458,176.440921,186.7809357,-169.1031728,-176.406901,0.524677112,-6.779051129
400,10.21314485,181.8414416,192.0545861,-177.386964,-183.9783162,0.481166999,-6.110185197
401,9.417512451,188.6619949,198.0795092,-182.0499131,-189.7245625,0.526228387,-7.148421015
402,9.677256789,181.677354,191.3546121,-172.1577881,-179.0448176,0.580802991,-6.30622654
403,10.24333079,178.4614814,188.7048111,-168.8608093,-175.9758056,0.579574638,-6.53542161
404,10.45037575,184.060139,194.5105143,-175.6077189,-182.0506215,0.497530212,-5.945372407
405,9.173022168,170.3743973,179.547421,-162.6934787,-169.0675667,0.560297359,-5.813790662
406,9.817787965,179.1293686,188.9471578,-173.3333125,-180.2868688,0.531293128,-6.422263229
407,9.948680196,177.8400061,187.788687,-169.2040531,-176.4410804,0.573646629,-6.66338064
408,9.954395453,177.4492442,187.4036392,-170.6709707,-177.5739853,0.577785196,-6.325229454
409,9.527469431,173.2287794,182.7562463,-168.819749,-176.0535562,0.552388628,-6.681418555
410,10.49925019,180.9029933,191.402243,-175.5004745,-182.0006159,0.526123468,-5.974017954
411,10.34156568,189.3558557,199.6974215,-182.6334555,-189.9953646,0.51816343,-6.843745572
412,9.548265389,189.0359334,198.584198,-181.2660435,-188.7132078,0.495269543,-6.951894658
413,10.37238414,187.9649026,198.3372868,-180.8868164,-186.8653778,0.447968592,-5.530592791
414,10.93027278,187.7154868,198.6457596,-181.8045938,-188.0323944,0.487173772,-5.740626778
415,9.752750295,187.9515871,197.704337,-182.5331401,-188.8477295,0.459575017,-5.855014404
416,9.234602928,183.7333025,192.9679053,-179.2992085,-186.5059422,0.474140702,-6.732592957
417,10.41384379,187.8680979,198.2819417,-182.6711151,-189.4091868,0.484628602,-6.253443114
418,8.972403118,191.4675849,200.4399872,-184.549154,-191.0988192,0.472030727,-6.077634505
419,10.86564089,191.7315501,202.5971903,-183.4385763,-190.2968984,0.511524163,-6.346798023
420,9.654554401,187.9837679,197.6383209,-179.2383423,-185.8147256,0.552864066,-6.023519244
421,10.27311808,194.3586843,204.6318024,-185.8688395,-193.2330587,0.557604311,-6.806614844
422,10.64473179,188.2931911,198.937924,-181.2641046,-188.8304618,0.45566737,-7.110689844
423,9.871936289,193.4192637,203.2912028,-185.0262512,-190.888736,0.457536036,-5.404948692
424,10.38822508,198.1643372,208.5525654,-192.0856056,-199.0106234,0.5108084,-6.414209383
425,10.35209274,192.8031703,203.1552614,-186.748158,-194.0859936,0.669514484,-6.668321082
426,9.744737046,194.6001609,204.3449009,-187.1799327,-193.5971705,0.530069443,-5.887168376
427,9.69551066,193.5579507,203.2534627,-187.320815,-193.8409358,0.454540235,-6.065580606
428,10.38286114,193.6620509,204.0449127,-190.2813029,-196.8790192,0.563064067,-6.034652217
429,10.5615796,207.1419694,217.7035484,-200.3980702,-206.9049465,0.554759662,-5.952116626
430,10.47915131,198.138382,208.6175323,-190.4526103,-197.7385925,0.541259336,-6.744722907
431,11.70277568,198.3287844,210.0315595,-193.0432903,-199.8533445,0.479124725,-6.330929501
432,9.891284561,193.2309479,203.122231,-185.441865,-192.5535217,0.48658033,-6.625076358
433,10.02747703,191.6229809,201.6504582,-187.8758349,-193.9751848,0.504966034,-5.594383955
434,9.896061516,187.3787567,197.274821,-182.2490489,-188.8813304,0.463637471,-6.168644094
435,10.50140388,194.0320669,204.5334718,-187.947179,-195.0715719,0.543918037,-6.580474819
436,9.830854384,197.1430389,206.9738958,-193.3521118,-199.9523234,0.579039985,-6.021171554
437,10.98710952,199.7317429,210.7188514,-193.5845975,-200.3369991,0.560078412,-6.192323174
438,10.30533532,199.7998276,210.1051625,-191.2155751,-197.5756127,0.449991885,-5.91004576
439,9.560747215,199.7363968,209.2971464,-192.0051554,-199.2902262,0.478035114,-6.807035669
440,9.975614275,193.0242593,202.9998757,-187.1882564,-193.776062,0.483048473,-6.104757139
441,10.29891771,196.8384069,207.137326,-189.8931636,-196.2658915,0.566854747,-5.805873227
442,10.34701589,201.6298632,211.9768764,-194.0655877,-200.3162646,0.5624952,-5.688181537
443,10.51087055,201.3205058,211.8313761,-194.5441772,-200.5259399,0.473745757,-5.508017
444,9.429757629,205.28228,214.7120361,-199.592707,-206.4757876,0.53411011,-6.348970549
445,10.58392137,205.4979441,216.0818675,-203.5006958,-210.1075572,0.518276473,-6.0885849
446,9.622255836,209.7202704,219.342526,-202.6549377,-209.6015647,0.470507927,-6.47611911
447,9.187379233,201.9831289,211.1705068,-194.333019,-200.824293,0.439003054,-6.052270921
448,9.595502615,216.9716437,226.5671452,-208.1092028,-214.0667692,0.475293877,-5.482272472
449,11.08545287,203.8076462,214.8930979,-196.5442912,-203.4115377,0.474443197,-6.392803256
450,10.53110961,197.5489273,208.0800378,-188.6490914,-195.8567647,0.586236869,-6.621436357
451,9.993202891,198.0032207,207.9964229,-189.0223923,-196.2543128,0.552779332,-6.679141181
452,9.827420848,201.8510993,211.6785202,-193.6656169,-200.1810811,0.496886657,-6.018577576
453,10.14738842,206.5433197,216.6907065,-197.5317219,-203.91099,0.434387837,-5.944880281
454,10.311256,203.6897939,214.0010498,-195.2355764,-201.5037252,0.445730519,-5.822418292
455,10.22728821,211.8682861,222.0955723,-204.4884676,-211.119557,0.480660158,-6.150429123
456,9.426296329,203.6326528,213.0589478,-196.3827586,-204.043281,0.491302786,-7.169219685
457,11.13130365,195.1530315,206.2843334,-187.0303879,-193.9978638,0.459994432,-6.507481422
458,9.655382347,206.2121806,215.8675669,-200.9612544,-207.0333435,0.523099933,-5.548989209
459,9.451403788,203.8769275,213.3283332,-196.3609483,-203.7702397,0.56885572,-6.840435777
460,9.893410492,204.3302653,214.2236776,-198.5183634,-204.7565409,0.508368535,-5.729808879
461,10.34153799,200.7478921,211.0894285,-192.2239761,-199.5792258,0.521233246,-6.834016527
462,9.322832516,211.7994788,221.1223134,-205.7603683,-212.4273485,0.456355504,-6.210624695
463,9.928178651,209.9672481,219.8954261,-201.4472432,-207.4879618,0.429940611,-5.610777998
464,9.620979241,219.8625946,229.4835739,-213.7638168,-219.9461866,0.44750977,-5.734859994
465,9.858784573,222.374091,232.2328775,-214.814504,-220.7767609,0.509893582,-5.452363269
466,9.636590549,213.9653342,223.6019222,-209.0705937,-214.6716919,0.495669152,-5.105428951
467,10.3176465,216.6052124,226.9228607,-209.1137431,-215.9912933,0.521580291,-6.355969938
468,8.975436381,198.098017,207.0734536,-192.7784457,-201.0709784,0.512220219,-7.780312572
469,10.0695686,212.0966604,222.1662282,-207.8313833,-213.7347941,0.485031728,-5.418379132
470,9.650242601,223.985914,233.6361574,-216.0217187,-222.0385252,0.489594498,-5.527212007
471,10.45965907,215.363384,225.8230428,-209.2835815,-215.8967946,0.501920563,-6.111292505
472,10.5173502,218.3671962,228.8845444,-212.5973467,-219.1637344,0.457014346,-6.109373433
473,9.962619273,214.740331,224.7029541,-209.5180339,-215.4963826,0.471310127,-5.507038705
474,10.34811854,222.8225283,233.1706456,-216.3887373,-223.4836437,0.459776863,-6.635129554
475,10.43219801,222.4709026,232.9031001,-213.7067838,-219.2520283,0.404841294,-5.140403186
476,9.476088217,226.3785172,235.8546066,-217.6449687,-224.4607452,0.424264983,-6.391511567
477,9.287789617,219.4890039,228.7767923,-211.57101,-217.1372321,0.48966784,-5.076554264
478,10.49672963,222.6073669,233.1040985,-218.4887767,-223.9623108,0.393636988,-5.079897177
479,10.1927369,218.7355859,228.9283207,-215.4822856,-220.4891281,0.41018968,-4.59665278
480,9.630146217,219.5532176,229.1833639,-213.7196665,-220.1309224,0.454067896,-5.957188002
481,11.15065922,220.3054112,231.4560689,-213.9887793,-220.3647962,0.437314498,-5.938702413
482,10.05711724,222.0211405,232.0782583,-218.1468424,-224.1924937,0.481459731,-5.564191548
483,9.514211927,213.6478391,223.1620505,-209.6030524,-215.6807305,0.498472033,-5.579206126
484,9.652563699,201.9934565,211.6460195,-195.5145416,-202.4251134,0.482041661,-6.428530169
485,10.31574304,220.3015725,230.6173161,-210.8109185,-217.6775633,0.536754221,-6.329890524
486,10.42690455,213.7891083,224.2160126,-208.1598806,-215.4906006,0.474528573,-6.856191365
487,9.89885211,220.9158042,230.8146558,-212.6580811,-218.6974934,0.416853828,-5.622558526
488,9.851463522,214.9601233,224.8115877,-208.741333,-214.7795683,0.432683832,-5.605551447
489,10.22205046,225.9365605,236.1586097,-217.726061,-224.0578217,0.476262943,-5.855497678
490,9.885210991,228.1459089,238.0311181,-219.3880016,-226.0281655,0.434516858,-6.205647077
491,11.033365,231.7329356,242.7662994,-226.598173,-232.5751577,0.417861774,-5.559122864
492,9.837271248,230.7216644,240.558936,-223.3756474,-228.7789503,0.433336779,-4.969966088
493,10.60670675,232.1788513,242.785556,-226.9975525,-233.3529409,0.435767566,-5.919620784
494,10.11292911,230.430736,240.5436663,-224.4583381,-229.7664424,0.43991366,-4.868190765
495,9.416539828,234.3230184,243.7395589,-226.8861552,-233.3421651,0.440104739,-6.015905158
496,9.979510273,228.2906069,238.2701165,-222.5509992,-229.2437036,0.456624772,-6.236079574
497,10.20457598,234.0031494,244.207725,-225.9338511,-232.1604106,0.433518343,-5.793041102
498,9.989283596,232.8177556,242.8070384,-226.3325163,-233.0521208,0.432086302,-6.287518229
499,10.30955772,229.7768829,240.086438,-222.7795471,-230.4143962,0.578044164,-7.056804893
500,9.822765078,220.3083725,230.1311406,-210.4356689,-218.0684607,0.587723702,-7.045068162
501,9.044161865,219.0121754,228.0563376,-212.6042906,-219.8172237,0.513624052,-6.69930906
502,9.713341781,225.6722085,235.3855504,-218.8088674,-225.2134867,0.541562414,-5.863056898
503,11.1104346,227.6728745,238.7833078,-220.6792701,-226.8429424,0.46259627,-5.701076065
504,10.74319738,234.4050741,245.1482717,-228.437914,-234.1893056,0.470042471,-5.28134915
505,10.38600888,237.282838,247.6688472,-230.591604,-236.6427078,0.409132794,-5.641971043
506,10.42227821,236.4736745,246.8959534,-230.095518,-235.8134176,0.417887123,-5.300012509
507,10.45716027,238.9057388,249.3628976,-234.5081853,-240.2912162,0.413229636,-5.369801334
508,10.46764755,239.2213145,249.6889608,-231.1441172,-237.6508291,0.438197438,-6.068514379
509,10.65003208,231.5894111,242.239442,-226.1141412,-231.8836506,0.405721979,-5.363787498
510,9.821397177,234.9309011,244.752297,-229.6525808,-235.6167572,0.4128341,-5.551342352
511,10.65471074,233.3180575,243.9727663,-227.8972015,-233.1366283,0.42884532,-4.810581429
512,11.07102217,229.5052643,240.5762874,-225.3514426,-231.8782316,0.470961192,-6.055827805
513,10.19157607,221.1996046,231.3911787,-220.1332703,-226.8706553,0.417863894,-6.319521141
514,10.67036653,240.7141898,251.3845542,-232.2127386,-238.8743907,0.50275921,-6.158892972
515,9.348391737,229.0862459,238.434639,-218.4482157,-225.1699982,0.494369566,-6.227412796
516,9.632212434,222.7575411,232.3897542,-217.0005678,-223.9594138,0.415964657,-6.542881353
517,9.732020696,224.9713826,234.7034037,-215.7139537,-222.2536489,0.516362631,-6.023332612
518,10.16956299,234.4933929,244.6629562,-227.5877042,-234.4345278,0.445561867,-6.401261653
519,10.10383129,226.13862,236.242452,-220.1104197,-225.8712677,0.478264963,-5.282583006
520,10.56189305,225.7861143,236.3480072,-221.0306451,-226.7227358,0.417289076,-5.274801637
521,10.0025068,230.7272654,240.729777,-225.2052216,-232.0001638,0.45551941,-6.339422766
522,9.980248792,236.2677198,246.2479706,-229.8979002,-236.41545,0.484558735,-6.032991069
523,10.2376366,225.4787465,235.7163839,-223.1227356,-229.2428762,0.468211819,-5.651928838
524,10.67867524,217.5602918,228.2389668,-214.1753311,-219.7799465,0.468421295,-5.136194025
525,11.04296112,220.3993705,231.4423305,-216.1730663,-222.0459311,0.45593187,-5.416932992
526,9.513859919,236.4061083,245.9199687,-230.780129,-237.6790761,0.489755654,-6.409191497
527,10.62953997,228.5364685,239.1660091,-220.8382241,-227.5360293,0.483920951,-6.2138842
528,9.323165607,229.4977865,238.8209503,-222.0856761,-228.1869008,0.400691617,-5.700533199
529,9.939921107,241.7912543,251.7311739,-235.0572695,-241.2050858,0.494103949,-5.653712239
530,10.50870355,237.4162872,247.9249919,-230.3710938,-237.3545583,0.465960461,-6.517504056
531,9.848454135,221.7548043,231.6032617,-216.2647858,-222.2088285,0.44456051,-5.499482257
532,10.84210339,229.6290731,240.4711772,-223.1831818,-229.0586863,0.482009194,-5.393495337
533,10.56587226,235.9063437,246.4722181,-231.2058694,-237.0654482,0.451840737,-5.407738056
534,9.903640715,241.2963826,251.2000254,-234.8518646,-241.7020274,0.41888867,-6.431274096
535,9.773350784,235.5252413,245.2985938,-228.9598977,-235.3358034,0.393802739,-5.982102973
536,9.605021699,237.4457774,247.0507996,-233.0899048,-238.7895823,0.376637264,-5.323040183
537,10.25750671,243.1051636,253.3626698,-237.042111,-243.6248801,0.401848231,-6.180920899
538,9.888531549,232.4947128,242.3832441,-228.0992061,-233.5567899,0.414132333,-5.043451548
539,10.51155799,234.2468371,244.7583934,-229.264977,-235.236793,0.418414674,-5.553401343
540,9.837309565,234.9690737,244.8063845,-227.9956796,-234.69881,0.390043001,-6.313087531
541,11.50562515,222.1816528,233.6872752,-213.8706696,-220.0214284,0.473902021,-5.676856788
542,10.13315266,239.4001705,249.5333252,-227.2270115,-234.179536,0.543280133,-6.409244401
543,10.19024913,207.6161631,217.8064148,-200.4869634,-207.1323812,0.517099273,-6.128318485
544,9.412278857,222.2376682,231.6499492,-217.0806623,-222.5037548,0.526110343,-4.896982065
545,10.95301825,215.5528941,226.5059123,-205.4530874,-212.6794291,0.504256892,-6.72208484
546,10.13849235,226.2228764,236.3613695,-220.3500039,-226.5171563,0.429973638,-5.737178768
547,10.10606499,228.0818837,238.1879506,-224.5139333,-229.7537079,0.40118767,-4.838586919
548,9.539117915,224.783492,234.3226089,-218.4910812,-224.2926102,0.383576733,-5.417952231
549,10.49408216,235.5440318,246.0381144,-229.7851023,-236.1333771,0.393147512,-5.955127239
550,10.55321203,240.6547274,251.2079381,-235.9508612,-241.6727066,0.432899239,-5.288946135
551,10.47579268,234.8063398,245.2821339,-227.9264635,-233.569143,0.389136071,-5.253543496
552,9.587520463,235.9135818,245.501103,-230.9214244,-235.9075836,0.446981182,-4.539178069
553,9.815864665,238.5956824,248.4115459,-231.9636786,-237.9536427,0.430877466,-5.559086646
554,10.18678284,243.0289469,253.2157308,-237.4552368,-242.8613118,0.431124965,-4.974950059
555,10.66493842,243.7935693,254.4585081,-235.8595428,-242.0604357,0.441760387,-5.759132453
556,10.41160641,231.2952596,241.7068654,-222.4860636,-228.6268677,0.494468906,-5.646335189
557,9.992425816,238.3227637,248.3151888,-231.9505866,-237.9118881,0.4371214,-5.524180174
558,10.52975823,241.5710958,252.1008535,-238.198052,-243.2412354,0.364121332,-4.679062064
559,9.995828731,238.6061794,248.6020105,-232.8918326,-238.4725407,0.375791571,-5.204916588
560,10.33842039,213.4635539,223.8019765,-207.0254527,-212.732313,0.425649889,-5.28121047
561,10.62130966,126.7965497,137.4178581,-120.5088403,-126.3429424,0.43285044,-5.401251614
562,9.308134692,144.9561343,154.2642675,-138.4117121,-144.9734263,0.444367382,-6.117346806
563,10.13492526,205.3538045,215.4887303,-193.9940979,-200.6243042,0.455228936,-6.174977318
564,10.83550763,208.2199467,219.0554537,-200.3656049,-206.5818481,0.525685355,-5.690557837
565,10.51060571,196.7640261,207.2746331,-194.7579834,-200.6735957,0.475726492,-5.439885807
566,10.71757412,203.7805961,214.4981711,-199.749515,-204.9650606,0.400905854,-4.814639845
567,10.02171882,208.9476105,218.9693278,-201.1037486,-208.1303925,0.385572454,-6.641071415
568,9.738816261,216.2239369,225.9627533,-212.5737599,-217.7388208,0.485533927,-4.679526925
569,9.833218288,219.6246368,229.4578542,-213.9529266,-219.0663656,0.392644231,-4.720794757
570,9.680998359,221.9769996,231.657996,-214.1591437,-219.9402564,0.385788228,-5.395324452
571,10.87480364,221.4283773,232.3031809,-216.2670095,-222.53567,0.441939592,-5.826720905
572,10.12912737,222.6948242,232.8239495,-217.1659927,-223.65362,0.398741573,-6.088885682
573,9.875081698,223.5180817,233.3931641,-216.0384705,-221.4971537,0.381194823,-5.07748847
574,9.664192983,211.8012183,221.4654105,-206.9261627,-212.5931026,0.43962676,-5.227313186
575,9.413953441,203.9372548,213.3512072,-198.3799646,-205.1085036,0.432989553,-6.295549503
576,10.23918131,214.0820727,224.3212531,-212.9238546,-219.5033264,0.483473567,-6.095998279
577,10.46864462,216.2819895,226.7506354,-207.2895181,-213.7469461,0.476913296,-5.980514594
578,10.46820119,215.9110082,226.3792084,-208.5734426,-214.804571,0.505955789,-5.725172671
579,10.05304326,235.786596,245.8396399,-232.0928661,-237.4750693,0.453246323,-4.92895696
580,10.58192705,222.8556,233.4375275,-214.8361237,-220.3980011,0.396670365,-5.165207068
581,9.667523043,147.6721622,157.3396857,-139.1623552,-145.0711408,0.441121842,-5.46766385
582,10.44308001,143.6872375,154.1303187,-137.2918533,-143.292657,0.402495483,-5.598308118
583,9.632487297,188.0948236,197.7273113,-184.1098077,-189.9971586,0.391608655,-5.495742219
584,9.643493716,200.4275869,210.0710795,-196.3832204,-202.2261098,0.410598214,-5.43229115
585,10.50567521,216.050924,226.5565992,-210.7153004,-216.3002592,0.368438699,-5.216520054
586,8.978909588,212.5987528,221.5776611,-206.9745544,-213.1546438,0.424652433,-5.75543685
587,10.84418835,201.6332877,212.4774769,-197.3715788,-203.2743716,0.443778481,-5.459014331
588,10.80301452,204.3603679,215.1633802,-197.1741202,-203.2463106,0.484111739,-5.588078669
589,10.48868173,216.4329703,226.9216527,-210.2560649,-216.8170705,0.412309106,-6.148696566
590,9.218210493,216.640176,225.8583864,-211.5948813,-217.3156357,0.404627574,-5.316126789
591,10.58891354,129.8253128,140.4142273,-125.3052643,-130.7589015,0.410109883,-5.043527301
592,10.0533124,144.2968102,154.3501227,-137.1360125,-144.0357197,0.356561417,-6.543145861
593,9.883693473,165.0137863,174.8974798,-159.1915827,-164.1958288,0.377525045,-4.626720985
594,9.72207771,163.1793959,172.901474,-160.0582858,-165.9338799,0.41031507,-5.465279
595,9.847229385,165.3275899,175.1748189,-159.637468,-165.7080307,0.435471292,-5.6350914
596,9.939260994,161.78602,171.7252797,-154.0146675,-160.875309,0.486429952,-6.374211567
597,9.559023285,194.0140513,203.5730764,-188.1916219,-193.6410014,0.475864923,-4.973514589
598,9.998211043,210.2028438,220.2010574,-204.034983,-209.9464275,0.419941787,-5.491502711
599,11.69358463,215.6926259,227.3862101,-209.6090017,-215.8128072,0.400683951,-5.80312163
600,10.37119675,189.2171108,199.5883075,-183.6821235,-189.5261487,0.482718476,-5.361306752
601,10.11828818,203.016243,213.1345324,-197.1660625,-203.915826,0.410050474,-6.339713028
602,10.15887584,205.8299964,215.9888676,-205.4674856,-210.8498494,0.399955984,-4.982407935
603,10.76701348,219.7132656,230.4802791,-212.7731988,-218.0384925,0.422348131,-4.842945457
604,10.52715235,206.5452642,217.0724141,-201.6821574,-207.1272146,0.390116809,-5.054940367
605,11.33024754,130.0957048,141.4259535,-126.9303376,-132.6521072,0.425328399,-5.29644118
606,10.46010558,170.0366577,180.4967651,-164.9933919,-170.5645416,0.419571195,-5.151578538
607,9.963108335,204.6514642,214.6145739,-200.0416423,-205.9608808,0.398280799,-5.520957742
608,10.3890927,204.9910268,215.3801219,-200.3280874,-205.8737223,0.369515151,-5.176119836
609,8.796744551,140.5400685,149.3368138,-135.3096564,-141.1285384,0.498426348,-5.320455585
610,10.33846385,161.9976735,172.3361364,-155.8844777,-163.2850911,0.460366205,-6.940247138
611,10.41093125,190.7525722,201.1635045,-184.1046971,-189.9367692,0.438857098,-5.393215009
612,10.42185177,166.9879995,177.4098522,-159.2569782,-166.4303322,0.456246127,-6.717107875
613,9.8972029,179.5228865,189.4200908,-173.192512,-179.7027476,0.462668491,-6.047567113
614,11.18306208,182.7560185,193.9390815,-176.1715709,-182.3288961,0.454743705,-5.702581525
615,10.13681289,199.9922932,210.1291046,-194.4978861,-200.5388529,0.438643597,-5.60232323
616,10.93886416,200.5543627,211.4932262,-196.2931159,-202.4173192,0.401994465,-5.722208866
617,9.875468922,183.6278875,193.5033569,-177.0442703,-181.3537033,0.387857263,-3.921575658
618,9.573846476,158.9435823,168.5174283,-151.5382238,-156.5024174,0.366356404,-4.597837201
619,9.733710861,168.5863851,178.3200968,-163.8181005,-169.0940715,0.396702778,-4.879268241
620,11.27371863,190.2814789,201.5551987,-183.5448772,-189.2637427,0.432090875,-5.286774686
621,10.52182582,177.7402364,188.2620626,-169.6949432,-176.1745544,0.445735715,-6.033875529
622,9.473623719,172.5549349,182.0285601,-166.1086546,-171.9386161,0.356714434,-5.473247085
623,10.09585482,180.8689138,190.9647675,-175.181662,-181.1844604,0.38212564,-5.620672854
624,9.631410871,177.7424175,187.3738294,-172.593598,-178.4336553,0.418116105,-5.421941229
625,10.50521742,176.469926,186.9751434,-170.3157926,-176.407014,0.418840979,-5.672380379
626,11.08172022,163.420626,174.5023466,-159.0461767,-165.6958344,0.479084504,-6.170573203
627,10.6695855,181.3048041,191.9743881,-176.0760585,-181.366357,0.403567951,-4.886730484
628,10.64108963,182.2198924,192.8609807,-175.038238,-181.3469976,0.446499517,-5.862260024
629,10.515844,183.0534417,193.5692869,-178.231175,-183.2443957,0.34695253,-4.666268161
630,9.704029338,177.236795,186.9408244,-172.114267,-178.4995321,0.526882593,-5.858382503
631,10.24354083,196.3890708,206.632612,-191.8767657,-196.727659,0.371769407,-4.479123916
632,11.06129084,164.8759476,175.9372401,-161.2983968,-167.119514,0.409924126,-5.411193069
633,9.779970169,188.6760832,198.4560547,-183.3323528,-188.6771513,0.409054884,-4.935743604
634,11.2224213,188.0320831,199.2545064,-182.8436462,-188.6188751,0.413467755,-5.361761141
635,10.28296535,168.117297,178.400262,-164.2145942,-169.7499946,0.391539027,-5.143861404
636,9.673180199,187.9482839,197.621463,-181.6990031,-186.7471273,0.323547485,-4.72457664
637,10.6960469,177.5422124,188.2382605,-173.5418085,-179.2437166,0.38644317,-5.315464948
638,9.776948827,191.832343,201.6092911,-186.5477186,-191.7459237,0.390430019,-4.807775123
639,10.40278186,192.7022912,203.1050742,-183.8891632,-190.4781169,0.411157326,-6.1777963
640,9.811671291,178.9227676,188.7344404,-172.0884617,-178.441246,0.453682923,-5.899101394
641,9.940028127,173.2404714,183.1804972,-168.5621958,-175.5606455,0.395801611,-6.602648067
642,9.684681416,181.3774414,191.0621207,-175.340368,-180.6963283,0.401696448,-4.95426384
643,10.60314312,180.1074112,190.710554,-175.4538513,-181.8995941,0.460084352,-5.985658423
644,9.9223923,190.6442675,200.5666624,-183.2997589,-188.5301317,0.411893295,-4.818479538
645,10.20223834,190.1799123,200.3821503,-183.9213501,-189.5869486,0.436856482,-5.228742123
646,10.22644833,186.8016543,197.0281023,-179.8577543,-185.2220481,0.349402252,-5.014891488
647,9.937215296,184.8471975,194.7844116,-180.0723745,-185.7537954,0.420615059,-5.260805877
648,10.27960147,191.0726046,201.3522055,-187.3286961,-193.9617026,0.438682873,-6.194323591
649,9.564591503,182.3230967,191.8876872,-179.758136,-185.8253774,0.393644917,-5.673596493
650,9.589777095,181.6107908,191.2005681,-177.7594953,-183.5559126,0.403853819,-5.392563343
651,10.4093773,185.1264038,195.535783,-179.0821778,-185.9259327,0.41205315,-6.431701779
652,9.26103391,196.8407091,206.1017423,-187.2355367,-192.8151316,0.367285796,-5.212309138
653,9.313944919,196.3872288,205.7011719,-192.0445889,-197.4374063,0.397021745,-4.995795625
654,9.867383226,183.156719,193.0241038,-177.670135,-184.5261347,0.463218495,-6.392781337
655,10.22250186,172.6724439,182.8949449,-166.6754603,-173.8641118,0.488360091,-6.700291378
656,9.957320944,185.7341217,195.6914439,-179.465508,-186.2702769,0.420782187,-6.383986656
657,10.02857307,186.6839676,196.7125408,-181.29702,-187.5742863,0.413215338,-5.864050984
658,10.89915307,186.6153127,197.5144674,-179.1925313,-184.8640493,0.370674382,-5.300843541
659,9.407890797,189.3769727,198.7848642,-183.7425188,-190.0738384,0.404857297,-5.926462293
660,9.794854546,188.8371958,198.6320526,-184.348171,-189.0570516,0.358502506,-4.350378068
661,10.05160761,190.6646085,200.716216,-183.9515664,-189.6443242,0.366347615,-5.326410191
662,10.3285405,192.433027,202.7615683,-187.3267463,-192.0948388,0.341373826,-4.426718746
663,10.9119183,190.6525781,201.5644956,-185.4865641,-190.9452332,0.395471288,-5.063197756
664,10.44584908,183.5585763,194.0044261,-176.8500295,-182.11123,0.393465836,-4.867734654
665,10.56998777,185.3384149,195.9084048,-181.811795,-187.6033905,0.394923418,-5.396672058
666,9.909359694,206.1399536,216.049312,-200.1795306,-206.3493064,0.366546364,-5.803229468
667,10.76559359,179.9588435,190.7244344,-176.2202845,-181.999351,0.377983816,-5.401082659
668,9.921264853,192.3557892,202.2770527,-186.4421703,-191.5933413,0.392754595,-4.758416414
669,9.849498049,199.8692118,209.7187093,-194.5020345,-200.2707611,0.42499288,-5.343733756
670,9.922394344,190.1297716,200.0521676,-184.6511416,-190.6470653,0.41766215,-5.578261563
671,10.28842697,194.296401,204.5848277,-188.1113322,-193.5235392,0.378906727,-5.03330032
672,9.904203415,199.2811911,209.1853943,-195.7564087,-201.9785788,0.365373243,-5.856796963
673,9.913781706,194.477831,204.3916138,-187.9445485,-193.5044668,0.385835912,-5.174082319
674,10.45136942,200.561833,211.013201,-195.1986978,-201.3725412,0.345070597,-5.828772817
675,10.38957998,202.8617118,213.2512905,-197.1392691,-202.4925319,0.361393305,-4.991869518
676,9.74033199,203.0752444,212.8155757,-195.140685,-200.6105072,0.37934741,-5.090474796
677,10.59963397,185.0378113,195.6374446,-180.8163169,-186.0931124,0.393184402,-4.883611185
678,10.30212224,200.7182302,211.0203512,-193.8581909,-200.1109253,0.408288894,-5.844445531
679,10.30111827,203.9795598,214.2806778,-198.175742,-204.2700195,0.347909504,-5.746367965
680,10.4864994,213.66663,224.1531301,-206.4414815,-212.1335297,0.369339423,-5.322708686
681,10.00993582,197.7695781,207.7795127,-191.5066485,-197.4815303,0.369234639,-5.605647181
682,9.430603155,200.8911204,210.3217255,-195.2089437,-201.501178,0.384158353,-5.908075953
683,10.6577534,204.7372001,215.3949541,-196.9509909,-203.2911693,0.406204358,-5.933973977
684,10.42679469,191.0033285,201.4301229,-184.2892782,-189.417216,0.369272635,-4.75866518
685,10.14561745,209.540172,219.6857899,-204.0080457,-208.7514278,0.363459217,-4.37992285
686,10.82396666,207.4920614,218.3160268,-199.2623922,-204.4156443,0.411708953,-4.741543182
687,9.48198734,200.4279709,209.9099568,-194.8243888,-200.4477441,0.420141365,-5.203214024
688,9.751400573,192.152432,201.9038337,-184.7883808,-190.2297636,0.393128272,-5.048254592
689,10.01836876,186.0791828,196.0975511,-177.8921682,-183.9176575,0.456061846,-5.569427411
690,9.915480852,186.6169172,196.5323988,-180.7884783,-186.7402431,0.358296129,-5.593468615
691,9.356958548,190.8826447,200.2396047,-187.886613,-193.9300232,0.441345553,-5.602064657
692,10.89655386,194.2350943,205.1316485,-186.5070888,-192.2055533,0.445349421,-5.253115109
693,10.50387907,198.6990194,209.2028951,-191.162765,-197.5163808,0.45197834,-5.901637506
694,8.959386383,190.1330566,199.0924421,-183.1711873,-188.6572745,0.45388599,-5.032201307
695,10.12290958,192.0405334,202.163445,-185.7941121,-191.7273071,0.371597425,-5.561597602
696,9.70845277,203.1491318,212.8575854,-198.0272293,-202.7129222,0.431137968,-4.254554987
697,10.59566269,210.1480815,220.7437439,-205.2414622,-212.0384521,0.338473061,-6.458516852
698,10.31868087,199.8514753,210.1701562,-193.2246552,-198.8491701,0.348229466,-5.276285546
699,9.472726472,206.0703339,215.5430613,-200.3791819,-205.461673,0.376213177,-4.706277863
700,9.484035833,203.0005232,212.484557,-198.0336663,-204.5848171,0.363757697,-6.18739312
701,10.11863729,201.4400918,211.5587289,-193.9620056,-200.0678874,0.381004674,-5.724877204
702,9.782725675,194.8342885,204.6170142,-194.0839172,-200.1119476,0.393743712,-5.63428669
703,9.421878883,212.0421317,221.4640121,-204.6154851,-210.4192875,0.396884524,-5.406917896
704,9.484031645,199.7607066,209.2447408,-193.8084025,-199.279189,0.402417733,-5.068368816
705,10.53060647,204.8892136,215.4198194,-198.7273265,-203.9847532,0.409611881,-4.847814815
706,10.12731053,200.4042531,210.5315643,-196.3977315,-201.6414419,0.370086143,-4.87362415
707,10.74251563,208.8777248,219.6202414,-206.7288513,-211.7489548,0.43392575,-4.586177656
708,10.45363992,202.6634471,213.1170868,-196.4202169,-202.4473572,0.383034217,-5.64410607
709,9.83508294,203.6330501,213.4681331,-195.8583712,-201.7456959,0.401028874,-5.486295887
710,10.37327887,209.668395,220.0416748,-205.039094,-210.8990163,0.402201103,-5.457721186
711,10.89302693,211.801966,222.6949932,-206.0884258,-211.2626572,0.427654794,-4.746576548
712,9.689719234,204.0394592,213.7291783,-198.2066116,-203.1128366,0.424983714,-4.481241226
713,10.42063301,213.4980621,223.9186946,-207.0529083,-212.6864634,0.384259879,-5.249295219
714,9.507244042,216.9246063,226.4318499,-211.6986378,-218.9214238,0.415843094,-6.806942821
715,10.30584087,212.3990751,222.7049157,-207.9847697,-213.5511902,0.373330734,-5.193089787
716,10.68228953,213.6860035,224.3682905,-206.2175631,-211.6010263,0.373620142,-5.009843043
717,9.117969259,206.38992,215.5078908,-200.7829244,-206.7764445,0.429590285,-5.563929749
718,10.22286531,220.7134988,230.9363643,-216.529492,-221.9617092,0.394249638,-5.03796758
719,10.06465543,207.0761495,217.140803,-199.4671865,-205.8904307,0.374092607,-6.049151659
720,9.832007272,208.1974694,218.0294745,-201.7288284,-206.9485812,0.386189972,-4.833562779
721,9.792269389,206.6870453,216.4793152,-199.2160497,-204.5238434,0.373885618,-4.933908065
722,10.59224803,211.1569018,221.7491488,-206.072998,-212.7729568,0.406933167,-6.29302563
723,10.3797334,216.0533559,226.4330882,-211.0025472,-217.5698558,0.374339956,-6.192968559
724,10.56045042,208.0433066,218.6037587,-201.6905681,-206.3910882,0.345843442,-4.354676655
725,9.584424121,218.5754667,228.1598903,-214.2664206,-219.2538387,0.454325207,-4.533092856
726,9.906383719,223.8086875,233.7150726,-213.0113454,-219.3182922,0.391113191,-5.915833616
727,10.13841936,210.5297764,220.6681955,-203.7084558,-209.2078672,0.334451007,-5.164960401
728,10.60159378,221.1898753,231.7914693,-217.4753459,-222.7313121,0.39977531,-4.856190825
729,10.56951404,206.9136472,217.4831608,-201.5553534,-207.9032004,0.400450589,-5.947396381
730,9.37155091,210.1609812,219.5325317,-203.8634939,-210.0834981,0.395171307,-5.824833075
731,9.854091883,221.9896295,231.8437206,-216.0781479,-221.7464785,0.38617004,-5.282160572
732,10.02401667,218.8560598,228.8800761,-213.7109996,-218.8833272,0.320735341,-4.85159235
733,9.878021751,226.5420391,236.4200603,-221.2226682,-227.0981064,0.424054159,-5.451383982
734,10.82507413,217.5489227,228.373996,-213.198351,-218.5092112,0.379950788,-4.930909363
735,9.894872495,220.533929,230.4288025,-215.7428785,-222.4139622,0.437289747,-6.23379394
736,10.91923707,207.8344961,218.7537343,-204.568158,-210.071226,0.393020628,-5.110047372
737,10.57119192,212.2099348,222.781129,-207.0752618,-212.0019063,0.419995724,-4.506648796
738,8.674357312,214.9351458,223.6095036,-210.3137883,-215.9155339,0.333856684,-5.267888904
739,9.896931376,208.8176869,218.7146181,-203.859963,-208.6682098,0.394205342,-4.414041535
740,10.0629003,221.1375187,231.2004177,-212.3642698,-218.1450446,0.369402074,-5.411372679
741,10.62350527,213.0816966,223.7052032,-207.4604991,-213.2185099,0.379288512,-5.378722382
742,9.755830084,218.8490045,228.6048355,-212.9768971,-218.1415732,0.381606853,-4.783069219
743,9.374018606,224.0788737,233.4528951,-220.1940338,-225.4857269,0.378938371,-4.912754758
744,10.19696283,222.889376,233.0863408,-217.1667317,-222.593326,0.388975765,-5.037618586
745,10.8922123,221.717628,232.6098409,-217.4124196,-223.3777395,0.35520583,-5.610113978
746,10.0618919,227.3596638,237.4215546,-221.6358032,-226.885873,0.381953184,-4.8681166
747,9.34263436,218.2493123,227.5919474,-214.0348704,-220.0619609,0.395597295,-5.631493203
748,10.21895228,225.8359179,236.0548684,-219.7063675,-225.092526,0.399314657,-4.986843841
749,10.05094248,223.666566,233.7175069,-217.4617126,-223.8106211,0.401710792,-5.947197723
750,9.713956594,228.5856454,238.2995998,-223.1099145,-228.4396973,0.383209167,-4.946573615
751,9.645636763,212.7187162,222.3643537,-207.7621307,-212.5337862,0.384811312,-4.386844171
752,9.673406378,224.7438446,234.4172516,-219.3602386,-224.6244548,0.351973654,-4.912242444
753,10.72310121,227.4660754,238.1891785,-221.8852267,-227.309069,0.351976239,-5.071866035
754,9.925203228,225.5638601,235.4890625,-220.0507355,-225.284024,0.410989847,-4.822298702
755,9.827564512,216.0182114,225.8457761,-209.3173234,-215.6306109,0.485060822,-5.828226617
756,10.34960667,194.8971629,205.2467692,-188.5274841,-194.6678955,0.475315106,-5.665096283
757,9.560860702,207.7682441,217.3291037,-202.5362451,-207.5839751,0.410974056,-4.636755926
758,10.64546544,204.4258606,215.0713267,-198.8514486,-204.253184,0.371003101,-5.030732314
759,9.938721555,212.6694489,222.6081717,-206.8211234,-212.4678802,0.400811368,-5.245945573
760,10.18577741,214.9275696,225.1133469,-207.9944112,-214.64024,0.478950032,-6.166878668
761,10.05792212,205.2922767,215.3501979,-200.193985,-205.1247733,0.405852448,-4.524935876
762,10.09962743,205.9766998,216.0763288,-200.6931937,-205.7797743,0.383662752,-4.702917831
763,9.54002676,205.4360352,214.97606,-199.94988,-205.2390615,0.399772578,-4.889408954
764,10.58667588,197.9743391,208.5610155,-191.6386839,-197.6926825,0.435777775,-5.618220874
765,10.51748091,213.2236766,223.741158,-207.2435018,-213.0207489,0.378860351,-5.398386776
766,10.78956638,221.4031786,232.1927436,-215.2197222,-221.3051703,0.348258753,-5.73718931
767,10.64217739,221.3357381,231.9779165,-216.011791,-221.2486623,0.337179868,-4.899691399
768,10.04523523,230.9742704,241.0195051,-225.6172376,-230.8557859,0.317376642,-4.921171682
769,9.766769314,229.1714122,238.9381826,-223.6190379,-229.0157104,0.390645114,-5.00602754
770,9.988455636,221.0989042,231.0873587,-215.1216496,-220.9197508,0.403607001,-5.394494116
771,10.30631084,218.2591064,228.5654154,-212.6610789,-218.1107992,0.367589595,-5.082130615
772,9.952548708,234.3743777,244.3269283,-228.7250519,-234.2244415,0.36888645,-5.130503203
773,10.51317291,225.0025391,235.5157125,-219.1044047,-224.883429,0.357890739,-5.42113355
774,10.02575615,232.6000693,242.6258251,-227.0972595,-232.4887303,0.389588745,-5.001882008
775,10.23690248,228.3527767,238.5896781,-223.039578,-228.2787835,0.330597201,-4.908608232
776,9.957305209,218.2767375,228.2340434,-213.2152924,-218.0902517,0.411150309,-4.463808966
777,10.23580442,230.6037489,240.8395527,-224.9651925,-230.3811569,0.449714629,-4.966249807
778,10.10538603,219.6763662,229.7817535,-213.8953623,-219.4333618,0.394443142,-5.143556356
779,10.33567653,227.8831722,238.2188503,-222.0101242,-227.7125963,0.360325682,-5.342146422
780,9.431224028,231.036259,240.4674835,-226.3576609,-230.9105937,0.366359806,-4.186572901
781,10.29946933,238.8219256,249.1213935,-233.2098923,-238.6931883,0.344789905,-5.13850614
782,10.13800449,237.3932454,247.531251,-232.1278219,-237.2938812,0.347144593,-4.818914731
783,10.41939133,240.8674393,251.2868304,-235.12717,-240.7475063,0.37883827,-5.24149801
784,9.842024899,241.9215719,251.7635966,-237.0295664,-241.8061381,0.3861124,-4.390459283
785,10.12554945,240.4017715,250.5273209,-234.2115457,-240.2360578,0.418212123,-5.606300064
786,10.83193156,236.9475718,247.7795034,-230.694754,-236.7732056,0.360644168,-5.717807452
787,9.043594565,232.6559132,241.6995076,-227.9609953,-232.4905668,0.362843702,-4.166727875
788,9.572083882,224.1624712,233.7345527,-218.4960393,-223.8726927,0.407555095,-4.969098244
789,10.57492943,210.9940521,221.5689809,-204.6834981,-210.7997172,0.404581284,-5.711637799
790,9.532848699,221.7732675,231.3061164,-216.1552364,-221.5676684,0.42418547,-4.988246526
791,9.760324987,213.0180481,222.7783712,-207.2263631,-212.8541453,0.378279014,-5.249503152
792,9.638189622,226.3058548,235.9440449,-221.0665817,-226.1868733,0.397371605,-4.722919958
793,9.505527051,227.9675883,237.4731171,-222.9407227,-227.8439077,0.310194856,-4.59299016
794,9.142252956,230.9181301,240.0603812,-226.2957894,-230.8251757,0.337889031,-4.19149719
795,10.64609276,227.6217702,238.2678609,-221.7097402,-227.4566396,0.346238959,-5.400660435
796,9.787337371,231.9448068,241.732145,-226.7989938,-231.7423281,0.389290796,-4.554043531
797,10.10067981,227.8943837,237.9950653,-221.6462382,-227.699294,0.37313478,-5.679921039
798,10.38007917,222.8452552,233.2253342,-217.2365962,-222.6557737,0.356068427,-5.063108989
799,9.978486029,220.9374339,230.915921,-215.7497701,-220.6987854,0.396850363,-4.552164944
800,9.719671931,209.1996286,218.9193028,-202.6618287,-208.8070657,0.451893904,-5.693343077
801,9.683406728,226.6039025,236.2873088,-220.5538962,-226.3723973,0.469329023,-5.349171996
802,10.38137449,220.6146128,230.9959869,-214.6553965,-220.4609721,0.368974817,-5.436600709
803,10.22461891,240.855472,251.0800901,-235.4410128,-240.6653366,0.350207227,-4.874116608
804,9.765353807,230.5679474,240.3333008,-225.3864787,-230.4055481,0.356752774,-4.662316664
805,9.781024422,234.5102692,244.2912946,-229.0056708,-234.3438503,0.336481314,-5.001698068
806,10.22364527,238.5899343,248.8135813,-232.8847941,-238.402712,0.351802102,-5.166115808
807,10.10276549,235.059809,245.1625769,-229.3811297,-234.8811057,0.39684506,-5.103130971
808,10.59043471,232.6391154,243.2295492,-227.0525482,-232.4676392,0.332630356,-5.082460578
809,10.26181575,226.9247306,237.1865485,-220.9357267,-226.7397723,0.383023049,-5.4210225
810,10.3926767,232.7541005,243.1467763,-226.5383911,-232.5635559,0.379327265,-5.645837577
811,10.24749838,223.7726517,234.0201481,-218.4868001,-223.6405978,0.347706502,-4.806091189
812,9.810381992,235.0002943,244.8106766,-229.9784568,-234.8464388,0.375968876,-4.49201319
813,10.62023503,233.1634155,243.7836517,-227.5610606,-233.0604279,0.323893168,-5.175474135
814,10.67435605,242.3197174,252.9940731,-236.5672379,-242.2170519,0.311077169,-5.338736926
815,10.04067739,245.86975,255.9104309,-241.0279948,-245.7521647,0.350873238,-4.37329665
816,10.50243146,238.0477655,248.550196,-232.3381468,-237.9187121,0.372336015,-5.208229337
817,9.871394984,245.356779,255.2281759,-240.252356,-245.2604797,0.289369692,-4.718754117
818,9.842579263,246.8388628,256.6814444,-241.7236426,-246.7158127,0.379682697,-4.612487401
819,10.44859152,243.1431285,253.5917196,-237.5851705,-243.0207113,0.360273679,-5.075267124
820,10.18878869,238.5993958,248.7881851,-233.7020438,-238.4460035,0.339573646,-4.404386044
821,10.60067024,235.5892527,246.1899211,-229.0148783,-235.4561289,0.403222464,-6.038028161
822,9.531141213,229.5000959,239.031238,-223.2071479,-229.1822303,0.467838421,-5.50724394
823,9.8896245,240.5894012,250.4790273,-234.9980784,-240.4568166,0.435784115,-5.022954098
824,9.478487049,244.4717767,253.9502629,-239.6581432,-244.3373391,0.350163037,-4.329032881
825,9.741996425,236.5055182,246.2475117,-231.2068067,-236.360817,0.362213537,-4.791796684
826,10.26938384,242.5982218,252.8676076,-236.8982432,-242.3827983,0.39633618,-5.088218911
827,11.15167897,241.7619836,252.9136614,-235.2468621,-241.4495337,0.428916124,-5.773755542
828,9.795383962,225.8746511,235.6700348,-220.5071411,-225.6903381,0.423530918,-4.759666093
829,9.697707926,215.63117,225.3288792,-210.5395628,-215.4706399,0.361547012,-4.569530138
830,9.341067632,242.1388855,251.479953,-236.9740794,-241.9349182,0.396324251,-4.564514542
831,10.12750564,234.3950566,244.5225601,-228.3731319,-234.1646303,0.423833878,-5.367664644
832,10.45662928,231.2191294,241.6757629,-225.6302663,-231.0192688,0.324892259,-5.064110255
833,10.21768389,255.3747809,265.5924672,-249.5496804,-255.173572,0.442428201,-5.181463352
834,10.38376376,234.7526927,245.1364583,-228.6920726,-234.5698212,0.378666122,-5.499082454
835,10.58766992,223.469041,234.0567093,-217.7114617,-223.3142984,0.339786396,-5.263050292
836,9.780569744,240.2682648,250.0488312,-234.9940338,-240.1590474,0.336900846,-4.828112777
837,10.67060535,239.6910967,250.3616998,-234.2243129,-239.5664084,0.34359168,-4.998503804
838,10.21543206,240.6922771,250.9077061,-234.6329825,-240.5368674,0.345046856,-5.558838027
839,10.41866404,243.1149913,253.5336548,-237.5305013,-242.9914927,0.351193833,-5.109797621
840,9.654065098,248.2131053,257.8671722,-243.5376031,-248.0952802,0.316062807,-4.241614325
841,9.591999817,255.3642568,264.9562571,-250.7445658,-255.2088003,0.339571352,-4.124663039
842,9.409258093,246.3744659,255.7837241,-241.0827157,-246.2462561,0.357516551,-4.806023887
843,9.78100764,259.1847443,268.9657542,-253.923762,-259.0900431,0.315900992,-4.850380166
844,9.91291741,258.2768239,268.1897409,-252.8935721,-258.1615056,0.355824952,-4.912108438
845,10.10400709,256.6844309,266.7884369,-251.2352285,-256.5666982,0.332209995,-4.99925979
846,9.446330956,254.156189,263.6025194,-249.7138715,-254.0128239,0.384890907,-3.914061497
847,10.36789341,242.441984,252.8098765,-237.0574585,-242.2779561,0.329484103,-4.891013527
848,10.05591668,252.5105297,262.5664477,-246.6532833,-252.3556584,0.364836476,-5.337538702
849,10.16242914,242.4177694,252.5801982,-237.2977163,-242.2648773,0.342906894,-4.624254139
850,10.29873368,220.4147546,230.7134901,-214.9314946,-220.2862211,0.365442261,-4.989284243
851,9.934283052,240.7369788,250.6712625,-235.7572076,-240.5854939,0.356681303,-4.471604926
852,9.859251722,246.1208618,255.9801178,-241.1691783,-245.9262919,0.34339475,-4.413718907
853,9.987539734,241.6134949,251.6010361,-235.7105713,-241.4257834,0.401080441,-5.314131652
854,10.14672966,245.9621124,256.108842,-240.3255859,-245.746757,0.36855424,-5.052616803
855,10.0077905,238.7632457,248.7710353,-232.6423449,-238.4875619,0.406755539,-5.43846144
856,9.983904743,250.2488851,260.2327911,-244.0779775,-249.9356089,0.427457547,-5.430173937
857,9.238839763,236.5171945,245.7560338,-232.0948944,-236.3307887,0.376739103,-3.859155201
858,10.0507534,249.29841,259.3491659,-242.992217,-249.0615112,0.401290588,-5.668003623
859,10.0112711,235.510982,245.5222539,-229.4752328,-235.3273773,0.411049055,-5.44109542
860,10.38770358,251.6726939,262.0603963,-246.0384521,-251.5129445,0.355976838,-5.118515507
861,9.265200956,250.3664943,259.6316932,-245.7806789,-250.2722887,0.331855627,-4.159754208
862,9.653677702,248.9105399,258.5642188,-244.0921533,-248.7553155,0.322795971,-4.340366278
863,10.08559697,260.6520925,270.7376923,-255.6326914,-260.5219971,0.342355083,-4.546950527
864,10.66828714,255.6151973,266.2834843,-250.3957225,-255.4932153,0.353696906,-4.743795872
865,9.768473721,255.0373138,264.8057892,-249.9654816,-254.9240428,0.345090694,-4.613470491
866,9.014121635,265.6540767,274.668202,-261.287056,-265.5374331,0.345287984,-3.90508908
867,10.53707619,261.1892548,271.7263306,-255.7008209,-261.0136556,0.377085668,-4.935749038
868,11.04825531,254.5028676,265.5511213,-247.9880393,-254.3377751,0.387607242,-5.962128571
869,10.9211064,255.685908,266.607014,-249.5769409,-255.4677694,0.371039222,-5.519789275
870,10.4991764,255.3551494,265.8543233,-248.8857531,-255.1237804,0.370590832,-5.867436503
871,9.901052825,253.506842,263.4078949,-248.0858256,-253.3924062,0.365791307,-4.940789366
872,9.937560729,246.1859643,256.1235243,-241.0165482,-245.9735402,0.36593533,-4.591056687
873,9.365269502,250.3771169,259.7423879,-244.5013336,-250.1537394,0.360655535,-5.291750352
874,10.36038586,245.2423346,255.60272,-239.5510941,-245.0686907,0.344185246,-5.173411403
875,10.27813285,249.8353315,260.1134644,-244.0549284,-249.7170312,0.347236671,-5.314866168
876,10.13119005,255.4729177,265.6041107,-249.985969,-255.3130961,0.360543813,-4.966583284
877,9.725632225,253.2852685,263.0109024,-247.971696,-253.0414767,0.378906684,-4.690873895
878,9.653241475,232.5543844,242.2076284,-227.2344187,-232.360375,0.379889705,-4.746066501
879,10.1878358,240.5651234,250.7529602,-235.2464796,-240.3809226,0.319729691,-4.814713274
880,9.084134229,250.7601807,259.8443146,-245.4135803,-250.558078,0.350727456,-4.793770266
881,10.61913885,240.392662,251.0118005,-234.6335635,-240.2162606,0.357102746,-5.225594495
882,9.481442579,257.6784709,267.1599111,-252.206546,-257.5496826,0.355185941,-4.987950706
883,10.16616477,248.6593508,258.8255147,-243.5230811,-248.5487769,0.346175835,-4.679520062
884,9.446856817,253.0176646,262.4645192,-247.9977041,-252.80696,0.353968172,-4.455287782
885,9.568547215,262.1951294,271.763673,-256.9507686,-262.0714776,0.343825634,-4.776883398
886,9.884070365,258.3980479,268.2821208,-253.5589783,-258.271814,0.32368643,-4.389149237
887,9.665046556,258.6632538,268.3283027,-253.823494,-258.5399083,0.33852262,-4.377891711
888,9.678452083,266.3962075,276.0746613,-261.3811395,-266.1817049,0.365821961,-4.434743473
889,9.663927555,254.0034709,263.6673981,-248.1124359,-253.7695821,0.419515733,-5.237630479
890,10.05174882,255.6557214,265.7074727,-250.4855935,-255.5138833,0.325488821,-4.70280104
891,9.516645177,265.690745,275.2073914,-260.5153687,-265.5636342,0.322193327,-4.726072264
892,10.07632688,258.515358,268.5916846,-253.0077733,-258.4017585,0.358499158,-5.035486136
893,10.48106912,253.9789988,264.4600677,-248.9293233,-253.8155589,0.351405396,-4.534830221
894,9.964482921,268.2785546,278.2430387,-263.19647,-268.1333782,0.347699725,-4.589208475
895,10.65104198,257.1965302,267.8475708,-251.7867157,-257.0828634,0.338548916,-4.957598782
896,9.9180164,257.1215036,267.0395203,-251.6293291,-256.9803641,0.352807296,-4.998227647
897,10.52194554,260.2480774,270.7700226,-253.885966,-259.9768463,0.386522127,-5.704358212
898,10.57282366,261.6562533,272.2290791,-255.3798926,-261.4549201,0.389626085,-5.685401363
899,10.85162093,255.6973389,266.5489624,-249.7778595,-255.5414937,0.371109311,-5.392524989
900,9.811100347,253.1213041,262.9324068,-247.9079448,-252.9969602,0.31481214,-4.7742033
901,9.483041831,264.6223886,274.1054306,-260.0598798,-264.4921624,0.319849036,-4.112433553
902,9.617315737,261.6827688,271.3000834,-256.9016683,-261.5546448,0.312685397,-4.340291127
903,10.60647219,260.5163334,271.1228082,-254.9683555,-260.3876888,0.299551048,-5.119782226
904,10.93898811,265.0049784,275.9439636,-259.5593475,-264.9132568,0.302221504,-5.051687765
905,9.827637059,267.2541973,277.081834,-262.8562197,-267.1561628,0.318651825,-3.98129126
906,10.2267491,253.25672,263.4834686,-247.8196208,-253.1569031,0.314987224,-5.022295078
907,9.315750122,255.7931039,265.108854,-251.3292073,-255.6394141,0.327620406,-3.982586367
908,9.215838019,263.0756612,272.2914998,-258.6026713,-262.9215973,0.346998705,-3.971927293
909,9.878125804,265.3690284,275.2471586,-260.1960885,-265.1963152,0.355039485,-4.645187225
910,9.710798645,262.5968333,272.3076335,-258.0667857,-262.4369781,0.342210407,-4.02798206
911,10.50373139,251.2073844,261.7111162,-245.6422686,-250.9676525,0.379521937,-4.945861953
912,9.377541201,263.7680119,273.1455547,-258.4789374,-263.5463595,0.372193119,-4.695228917
913,9.692189058,264.032313,273.7245015,-258.7992228,-263.8742421,0.353098102,-4.721921142
914,10.68316174,260.6968831,271.3800452,-254.9449005,-260.502655,0.360513259,-5.19724134
915,10.0992534,248.9292409,259.0284963,-243.1034617,-248.6725423,0.381682173,-5.187398434
916,9.936498744,261.8863765,271.8228716,-256.3338154,-261.6388735,0.380736529,-4.924321541
917,9.875261815,250.3313232,260.2065877,-244.7414195,-250.0438354,0.392292885,-4.910123112
918,10.28774428,242.2396556,252.5273982,-236.8015649,-242.0113133,0.386826234,-4.822922179
919,9.239892069,262.0207845,271.2606771,-257.5571075,-261.8692159,0.354711791,-3.957396555
920,10.08250553,260.6920962,270.7746004,-255.7215031,-260.5897794,0.334699468,-4.53357688
921,10.43310216,263.2006012,273.6337026,-257.8079264,-263.1037404,0.308505963,-4.987307978
922,9.49405929,272.5343018,282.0283617,-267.8626349,-272.4129628,0.337254223,-4.213073654
923,9.976464526,260.5809987,270.5574595,-255.4713094,-260.4431559,0.337024895,-4.634821558
924,10.3903735,265.763588,276.153959,-260.7733786,-265.6155919,0.333701731,-4.508511526
925,9.792738949,252.7291827,262.5219214,-248.0981652,-252.5954971,0.338960757,-4.158371125
926,10.34820957,249.6771159,260.0253265,-244.4787384,-249.5979268,0.354829395,-4.764359037
927,10.99389015,260.7259838,271.7198726,-254.9568067,-260.6158273,0.320417445,-5.338603105
928,9.859093507,263.3048258,273.1639211,-257.8299601,-263.1352407,0.328137644,-4.977142954
929,10.4120904,263.1641595,273.5762536,-257.5183029,-263.013855,0.358158687,-5.137393432
930,8.932728608,260.5778666,269.5105947,-256.4491608,-260.4252909,0.330183417,-3.645946773
931,9.672657524,258.213816,267.8864768,-253.1578206,-258.0711267,0.3099962,-4.603309938
932,10.07444782,261.5039134,271.57836,-256.2962738,-261.3654673,0.342064294,-4.727129221
933,10.45216652,268.1397117,278.5918753,-261.8927569,-267.9811042,0.342027994,-5.746319243
934,10.14766417,257.4907898,267.6384532,-252.411025,-257.3738678,0.303751549,-4.659091282
935,10.58855816,270.5243825,281.1129434,-264.6497683,-270.3441729,0.33848931,-5.355915274
936,10.84747245,267.931307,278.7787771,-262.0625275,-267.750887,0.340658349,-5.347701248
937,10.42743421,261.8688104,272.2962418,-255.271407,-261.5154364,0.379101476,-5.86492799
938,9.84583153,247.0454712,256.8913018,-241.0427431,-246.802112,0.405522359,-5.353846584
939,10.33603973,258.8637288,269.1997681,-253.1163137,-258.6428335,0.366647272,-5.1598725
940,9.940337181,251.4360232,261.3763613,-245.707695,-251.2537286,0.367954715,-5.178078873
941,9.620524184,251.7382009,261.3587229,-246.4879313,-251.5524801,0.346439403,-4.718109337
942,9.88439124,273.3203714,283.2047631,-268.6462664,-273.0844923,0.365404229,-4.072821643
943,9.828111935,255.5277791,265.3558889,-250.7042633,-255.3335531,0.375233848,-4.254055866
944,9.706125804,256.9441452,266.6502707,-251.8587963,-256.7519869,0.340191841,-4.552998815
945,10.66749299,270.1802968,280.8477926,-264.2302806,-269.9539724,0.364129755,-5.359562063
946,9.953714677,247.5394004,257.4931128,-242.6245084,-247.3362111,0.367838983,-4.343863658
947,10.03244088,261.8452911,271.8777334,-256.6462199,-261.6288259,0.370044378,-4.612561544
948,10.74167688,266.6826717,277.4243458,-260.1211668,-266.5306505,0.325176786,-6.084306955
949,10.43266322,255.4637614,265.8964213,-250.5862091,-255.3624471,0.313784036,-4.462453977
950,10.36129407,268.1508244,278.5121177,-262.609824,-268.0583714,0.301728221,-5.146819149
951,10.17844554,266.721526,276.8999775,-261.9733636,-266.6202709,0.284751902,-4.362155352
952,10.51775255,276.9412944,287.4590454,-271.6296214,-276.8469849,0.313226144,-4.904137365
953,9.549621207,279.8556998,289.4053236,-274.9774453,-279.7410431,0.302449979,-4.461147794
954,9.551625284,276.0676361,285.6192617,-271.5535299,-275.9761515,0.296561679,-4.126059969
955,10.23982811,274.119448,284.3592758,-268.9492852,-274.015031,0.336182377,-4.729563372
956,10.74816872,266.5521108,277.3002787,-261.0626129,-266.362089,0.332268806,-4.967207352
957,10.14491756,278.1611971,288.3061164,-272.4053879,-277.9754126,0.350831501,-5.219193203
958,9.610966778,274.3595795,283.9705485,-269.4779653,-274.243574,0.332771443,-4.43283728
959,9.881176642,267.5603779,277.4415556,-262.7225091,-267.438555,0.302183871,-4.413862092
960,10.42585526,266.2494263,276.6752797,-260.8035797,-266.0717845,0.333786523,-4.934418201
961,10.20073802,278.2103609,288.4110979,-272.5607202,-278.1029609,0.346230042,-5.196010624
962,10.52416236,270.4227175,280.946882,-264.9512743,-270.2924859,0.303351345,-5.03786024
963,9.750406138,280.7235026,290.4739075,-275.2232056,-280.5495382,0.349557746,-4.976774915
964,10.43883119,267.4536078,277.8924397,-262.1238294,-267.253309,0.37221514,-4.757264427
965,9.480271085,280.0938202,289.5740906,-275.8695262,-279.9184092,0.320725126,-3.728157949
966,10.00612647,280.8833956,290.8895275,-275.5603474,-280.6812417,0.357777814,-4.763116513
967,10.72274593,276.4473277,287.1700734,-270.1863841,-276.2595388,0.36314986,-5.710004942
968,10.59021473,263.7855236,274.3757401,-258.1481519,-263.6070644,0.350863756,-5.108048746
969,10.10509227,276.8977743,287.0028615,-271.6003326,-276.7304179,0.326691117,-4.803394111
970,9.729045425,277.1940068,286.9230521,-271.9526836,-276.9973798,0.341406914,-4.703289356
971,10.01478974,260.6925507,270.7073395,-255.1415924,-260.5060445,0.378246405,-4.986205737
972,10.09807454,269.9604481,280.0585218,-264.887873,-269.7796958,0.332288537,-4.559534277
973,10.11367493,279.8627075,289.9763804,-274.8417806,-279.6830017,0.325100599,-4.516120497
974,9.990588427,272.0595256,282.0501164,-266.695997,-271.8760823,0.316467017,-4.863618323
975,9.699041537,274.2669896,283.9660296,-268.966471,-274.1327754,0.295629401,-4.870675002
976,9.545335801,275.56038,285.105718,-270.6318227,-275.431309,0.320491126,-4.478995164
977,9.681396621,286.0413252,295.7227216,-281.1462708,-285.9121094,0.321404826,-4.444433774
978,9.595024745,281.3467957,290.9418233,-276.7035034,-281.1627024,0.342392615,-4.116806324
979,10.28416756,271.450483,281.7346507,-265.6661366,-271.3324585,0.339902644,-5.326419268
980,9.925355625,271.7915365,281.7168905,-267.0617605,-271.6484945,0.308895498,-4.277838516
981,9.420385872,285.8107387,295.2311271,-281.2023108,-285.6941027,0.332937271,-4.158854587
982,10.46430855,278.4067688,288.8710765,-273.3692332,-278.294163,0.299159966,-4.625769838
983,9.916735717,284.3506927,294.2674255,-279.2905361,-284.2489079,0.299504642,-4.658867257
984,9.997421678,288.3752207,298.372642,-283.3496562,-288.2384277,0.297152139,-4.591619452
985,9.830035448,284.6299994,294.4600318,-279.4660884,-284.4064614,0.309824459,-4.630548579
986,10.48579884,267.9999471,278.4857452,-261.9879924,-267.7293976,0.404621981,-5.336783314
987,9.804490226,268.8146232,278.6191112,-263.2897742,-268.5472249,0.362470012,-4.894980618
988,10.18697923,260.4169889,270.6039658,-255.1081107,-260.2496545,0.337614052,-4.803929704
989,10.7650245,266.9729055,277.7379344,-261.1765584,-266.8119466,0.324686081,-5.310702149
990,9.898665837,288.952046,298.8507124,-283.5968497,-288.7871878,0.342654906,-4.847683259
991,9.893082555,274.3426931,284.2357737,-269.0912506,-274.1749207,0.314386729,-4.769283358
992,10.45449216,278.8327462,289.287238,-273.1292245,-278.667293,0.352912064,-5.185156431
993,11.23563226,271.5077718,282.7434031,-265.5128866,-271.353245,0.339102114,-5.501256355
994,10.20511964,283.704737,293.9098587,-278.4951597,-283.5726307,0.331423063,-4.746047957
995,10.44133304,286.4020487,296.8433818,-281.5935425,-286.3192891,0.291132187,-4.434614507
996,10.07539409,284.5552074,294.6306043,-279.7413025,-284.4210423,0.306040248,-4.373699554
997,9.671965535,287.8293671,297.5013326,-283.1650899,-287.6886525,0.297938615,-4.225624029
998,9.615752799,286.4348373,296.0505894,-281.6425596,-286.3077643,0.303272816,-4.361931903
999,9.836221822,283.9921824,293.8284047,-278.5243073,-283.8462677,0.324215009,-4.99774545
1000,9.549906969,277.3586622,286.9085693,-271.9636067,-277.1712875,0.331692354,-4.875988466
