SI-SNR,DNSMOS,MOS Squim,eSTOI,PESQ,PESQ Torch,STOI pred,PESQ pred,SI-SDR pred,SI-SDR pred Noisy,SI-SDR pred Improvement,Noisy filename,Clean filename
Mean scores
0.0,0.0,0.0,0.0,0.0,0.0,0.6404053143975947,1.4075341538379067,-2.6585414320954426,-2.266968047148303,-0.3915733849471397
Standard errors of the means
0.0,0.0,0.0,0.0,0.0,0.0,0.009754376262529639,0.022251004454721036,0.5632463193013848,0.6016603722474776,0.24822505507347434
All Scores
0,0,0,0,0,0,0.9244390726089478,2.094871997833252,14.21788501739502,14.764815330505371,0.5469303131103516,eceLeLKCo6A.wav,p257_207.wav
0,0,0,0,0,0,0.4832795560359955,1.1373118162155151,-12.174260139465332,-12.925179481506348,-0.7509193420410156,eUcaJDhfFVg.wav,p257_213.wav
0,0,0,0,0,0,0.45312660932540894,1.1133501529693604,-14.323524475097656,-12.867192268371582,1.4563322067260742,oGc-W3DWpDU.wav,p232_119.wav
0,0,0,0,0,0,0.4882936179637909,1.1689648628234863,-8.418779373168945,-12.401348114013672,-3.9825687408447266,ydQaImgvhak.wav,p232_131.wav
0,0,0,0,0,0,0.6308684945106506,1.1224151849746704,-1.9366856813430786,-11.21689510345459,-9.280209422111511,bCOmV_G0pkk.wav,p232_125.wav
0,0,0,0,0,0,0.8660309910774231,1.5366206169128418,-9.275431632995605,-0.223361998796463,9.052069634199142,mOx0YEidsIg.wav,p257_011.wav
0,0,0,0,0,0,0.7003329396247864,1.2130835056304932,1.342100739479065,-1.347288966178894,-2.689389705657959,0XjfhlZVmO0.wav,p257_039.wav
0,0,0,0,0,0,0.6058765649795532,1.1441361904144287,-12.548715591430664,1.264754295349121,13.813469886779785,kGuKzWVGAGY.wav,p232_333.wav
0,0,0,0,0,0,0.5352599024772644,1.158549427986145,-17.362503051757812,-15.999186515808105,1.363316535949707,soVRoIbewMM.wav,p232_327.wav
0,0,0,0,0,0,0.6801045536994934,1.1757498979568481,-18.582637786865234,-19.045055389404297,-0.4624176025390625,N3_Pyp1stAE.wav,p232_284.wav
0,0,0,0,0,0,0.6634324193000793,1.1653828620910645,-9.409146308898926,-9.392199516296387,0.016946792602539062,1mm09kC1HW0.wav,p232_290.wav
0,0,0,0,0,0,0.970887303352356,1.8385107517242432,14.302210807800293,16.360336303710938,2.0581254959106445,FqQ5QaNPGuU.wav,p257_171.wav
0,0,0,0,0,0,0.6962851881980896,1.1186443567276,-6.735936641693115,-2.156928539276123,4.579008102416992,C9kJOuxF4QU.wav,p257_165.wav
0,0,0,0,0,0,0.9302074313163757,2.502211570739746,23.028644561767578,23.705074310302734,0.6764297485351562,yIukyNUErLE.wav,p232_247.wav
0,0,0,0,0,0,0.6436393857002258,1.1330851316452026,-3.8835368156433105,-0.1680220067501068,3.7155148088932037,UZa8hjP92GM.wav,p232_253.wav
0,0,0,0,0,0,0.36080753803253174,1.1751470565795898,-14.597187995910645,-14.794333457946777,-0.1971454620361328,9BzZvj5W09s.wav,p257_159.wav
0,0,0,0,0,0,0.912390947341919,1.3371074199676514,-2.70989990234375,-0.9031906723976135,1.8067092299461365,3esyOI3cuPI.wav,p232_086.wav
0,0,0,0,0,0,0.5080132484436035,1.1655752658843994,-14.264129638671875,-11.986052513122559,2.2780771255493164,ZCGX32-8FQs.wav,p257_398.wav
0,0,0,0,0,0,0.41048726439476013,1.179664134979248,-17.122909545898438,-17.365856170654297,-0.24294662475585938,4XdDxlReYUk.wav,p232_092.wav
0,0,0,0,0,0,0.797715425491333,1.4055814743041992,6.645991802215576,4.207552909851074,-2.438438892364502,cO9t0LaFu18.wav,p257_415.wav
0,0,0,0,0,0,0.9031621813774109,1.516508936882019,17.840484619140625,8.529328346252441,-9.311156272888184,aGsIjsja0JQ.wav,p232_079.wav
0,0,0,0,0,0,0.3624809980392456,1.2212090492248535,-10.048320770263672,-14.936412811279297,-4.888092041015625,qF90ezvPe14.wav,p257_373.wav
0,0,0,0,0,0,0.4266516864299774,1.1575477123260498,0.6300287246704102,-12.429984092712402,-13.060012817382812,KMWBepdMJMI.wav,p257_367.wav
0,0,0,0,0,0,0.5278231501579285,1.132295846939087,-2.3478915691375732,-2.852708339691162,-0.5048167705535889,6amwf4K7CT8.wav,p257_401.wav
0,0,0,0,0,0,0.396255224943161,1.1527934074401855,-16.06418800354004,-16.354843139648438,-0.29065513610839844,UFnWoJ2Mu1M.wav,p232_045.wav
0,0,0,0,0,0,0.7233074903488159,1.2029980421066284,-2.160156726837158,0.06373277306556702,2.223889499902725,oE0PiIDMbL4.wav,p257_429.wav
0,0,0,0,0,0,0.4873030483722687,1.1709309816360474,-13.669180870056152,-13.413704872131348,0.2554759979248047,26owMAFMWJw.wav,p232_051.wav
0,0,0,0,0,0,0.39851921796798706,1.1244720220565796,-14.065207481384277,-10.161900520324707,3.9033069610595703,irutvIeDEVs.wav,p232_050.wav
0,0,0,0,0,0,0.6592844128608704,1.1020030975341797,-16.531463623046875,-13.822068214416504,2.709395408630371,Lz3H84N-Xkc.wav,p257_428.wav
0,0,0,0,0,0,0.9290831089019775,1.5227320194244385,3.21297025680542,4.215571403503418,1.002601146697998,68HVZzEravA.wav,p232_044.wav
0,0,0,0,0,0,0.9202888607978821,1.289780616760254,7.181798934936523,10.188077926635742,3.0062789916992188,2IqByx9qq7Q.wav,p257_366.wav
0,0,0,0,0,0,0.5759068131446838,1.203732967376709,-17.227249145507812,-17.422962188720703,-0.19571304321289062,nGnuJJloAPM.wav,p257_400.wav
0,0,0,0,0,0,0.9954206347465515,3.3643076419830322,25.719314575195312,26.025270462036133,0.3059558868408203,9xD9JdbVMn8.wav,p232_078.wav
0,0,0,0,0,0,0.8435535430908203,1.176294207572937,3.042982578277588,6.72901725769043,3.686034679412842,Fq5rUJfqf3I.wav,p257_414.wav
0,0,0,0,0,0,0.49505704641342163,1.1473366022109985,-14.747401237487793,-12.189650535583496,2.557750701904297,Fd4kry50Tc0.wav,p257_372.wav
0,0,0,0,0,0,0.5254223346710205,1.1300766468048096,-9.408984184265137,-12.517447471618652,-3.1084632873535156,UWK7tH9GNSg.wav,p257_399.wav
0,0,0,0,0,0,0.39935871958732605,1.2313220500946045,-15.12913990020752,-14.982498168945312,0.14664173126220703,2bR0IRhqpNM.wav,p232_093.wav
0,0,0,0,0,0,0.5065688490867615,1.1769394874572754,-11.785106658935547,-12.326669692993164,-0.5415630340576172,-GaHBgRGi4s.wav,p232_087.wav
0,0,0,0,0,0,0.8951056599617004,1.4443023204803467,12.078839302062988,16.33704948425293,4.258210182189941,Mp1bGjvmAaQ.wav,p232_252.wav
0,0,0,0,0,0,0.5048474669456482,1.147121548652649,-2.751683473587036,-11.20019817352295,-8.448514699935913,2TauJ1KBMdY.wav,p257_158.wav
0,0,0,0,0,0,0.40791162848472595,1.131785273551941,-8.50283145904541,-11.083174705505371,-2.580343246459961,JWZpp-w5TcU.wav,p232_246.wav
0,0,0,0,0,0,0.9117206931114197,2.1019492149353027,23.847698211669922,4.2964911460876465,-19.551207065582275,rCNaKCymgp8.wav,p257_164.wav
0,0,0,0,0,0,0.9014657735824585,1.6264536380767822,18.537246704101562,18.291900634765625,-0.2453460693359375,vGdfIUCkVEU.wav,p257_170.wav
0,0,0,0,0,0,0.6267361044883728,1.1968611478805542,1.1133122444152832,-10.415568351745605,-11.528880596160889,Af1h4ibpKJA.wav,p232_291.wav
0,0,0,0,0,0,0.4745419919490814,1.1946666240692139,5.943540096282959,-3.895557403564453,-9.839097499847412,P9Aw8OkCZd4.wav,p232_285.wav
0,0,0,0,0,0,0.7550735473632812,1.1171221733093262,0.5169364213943481,1.395455241203308,0.87851881980896,0DefiYiEF4E.wav,p232_326.wav
0,0,0,0,0,0,0.8038437366485596,1.132804036140442,4.955228805541992,0.6964396238327026,-4.2587891817092896,XBWifeqlq6s.wav,p257_038.wav
0,0,0,0,0,0,0.43135812878608704,1.1456234455108643,-14.079085350036621,-13.946026802062988,0.1330585479736328,QUO4olgDVes.wav,p232_332.wav
0,0,0,0,0,0,0.9940225481987,3.7766330242156982,26.16082763671875,27.795629501342773,1.6348018646240234,3a7001QgvG0.wav,p257_010.wav
0,0,0,0,0,0,0.9344746470451355,1.9810736179351807,12.578740119934082,15.355380058288574,2.776639938354492,CIfMy9PFlz0.wav,p257_004.wav
0,0,0,0,0,0,0.5655606985092163,1.1218360662460327,-5.900190353393555,-5.7271952629089355,0.17299509048461914,NnYfF7E12dk.wav,p232_124.wav
0,0,0,0,0,0,0.5157792568206787,1.1599355936050415,-18.055683135986328,-18.35641860961914,-0.3007354736328125,3zEWsAPEdd0.wav,p232_130.wav
0,0,0,0,0,0,0.5555089712142944,1.1293489933013916,-4.594819068908691,-8.29990291595459,-3.7050838470458984,XPYxNXvrPNM.wav,p257_212.wav
0,0,0,0,0,0,0.6066028475761414,1.1243292093276978,-2.1341371536254883,-1.841380000114441,0.29275715351104736,OuU7b128Jv0.wav,p232_118.wav
0,0,0,0,0,0,0.3677389621734619,1.1446959972381592,-14.42792797088623,-14.565963745117188,-0.13803577423095703,kZUzFVaeRMs.wav,p257_206.wav
0,0,0,0,0,0,0.43604564666748047,1.108170509338379,-15.643656730651855,-14.047303199768066,1.596353530883789,tZdlTmEuf5M.wav,p257_210.wav
0,0,0,0,0,0,0.4565437138080597,1.2018870115280151,3.952824592590332,-5.5964579582214355,-9.549282550811768,2-1wY_Ndtgw.wav,p257_204.wav
0,0,0,0,0,0,0.7304501533508301,1.4711780548095703,8.780813217163086,3.558351755142212,-5.222461462020874,L-FWhg4r7JA.wav,p232_126.wav
0,0,0,0,0,0,0.4347074031829834,1.1408015489578247,-9.750554084777832,-11.710174560546875,-1.959620475769043,blqm5QygivU.wav,p257_238.wav
0,0,0,0,0,0,0.3856300711631775,1.1375255584716797,-14.226402282714844,-13.80014705657959,0.4262552261352539,yh08ZIpNdo4.wav,p232_132.wav
0,0,0,0,0,0,0.4441159963607788,1.1956419944763184,-14.078484535217285,-13.832040786743164,0.2464437484741211,tWeLlu_buE0.wav,p257_012.wav
0,0,0,0,0,0,0.7522092461585999,1.2242462635040283,-4.5041656494140625,-4.484040260314941,0.020125389099121094,3h6qNbPd0rY.wav,p232_318.wav
0,0,0,0,0,0,0.8152382969856262,1.1986860036849976,13.412337303161621,-3.7760140895843506,-17.18835139274597,Wvym4eszpik.wav,p257_006.wav
0,0,0,0,0,0,0.9331668019294739,1.9735780954360962,23.436044692993164,22.00313377380371,-1.4329109191894531,bMRzBj7vqWY.wav,p232_324.wav
0,0,0,0,0,0,0.8375762104988098,1.4542553424835205,14.887404441833496,7.726238250732422,-7.161166191101074,mYsjO2kEXRA.wav,p232_330.wav
0,0,0,0,0,0,0.9677535891532898,3.310394048690796,25.7127742767334,16.714542388916016,-8.998231887817383,NlmTOFjtPpQ.wav,p257_199.wav
0,0,0,0,0,0,0.758032500743866,1.1756982803344727,9.725044250488281,3.536038398742676,-6.1890058517456055,cAJRD12KObA.wav,p232_293.wav
0,0,0,0,0,0,0.43372148275375366,1.2381489276885986,-13.956578254699707,-14.056291580200195,-0.09971332550048828,nCREOM7DmY8.wav,p232_287.wav
0,0,0,0,0,0,0.5512449741363525,1.1685974597930908,-5.543320178985596,-11.048440933227539,-5.505120754241943,WkkupA-yRvY.wav,p257_166.wav
0,0,0,0,0,0,0.9920734763145447,3.4887263774871826,21.14409828186035,19.935035705566406,-1.2090625762939453,eW8blcdeixc.wav,p232_278.wav
0,0,0,0,0,0,0.8085230588912964,1.2054378986358643,9.990996360778809,4.543637275695801,-5.447359085083008,s7QetgNncv4.wav,p257_172.wav
0,0,0,0,0,0,0.8417085409164429,1.298022985458374,11.801517486572266,6.742853164672852,-5.058664321899414,vqodL2vPir8.wav,p232_250.wav
0,0,0,0,0,0,0.7019875049591064,1.2005208730697632,2.2362332344055176,0.6092024445533752,-1.6270307898521423,D--na00Jg5Q.wav,p232_244.wav
0,0,0,0,0,0,0.9900235533714294,2.6156482696533203,23.986888885498047,25.649799346923828,1.6629104614257812,Kp55ahSMeJY.wav,p232_091.wav
0,0,0,0,0,0,0.6543871164321899,1.1116636991500854,-10.664092063903809,-10.67929744720459,-0.01520538330078125,NPCSVxYpK3k.wav,p232_085.wav
0,0,0,0,0,0,0.4293500483036041,1.1452655792236328,-14.95336627960205,-13.59460735321045,1.3587589263916016,E9hGRyy_m04.wav,p257_402.wav
0,0,0,0,0,0,0.4760661721229553,1.290700912475586,-14.53123664855957,-14.867167472839355,-0.33593082427978516,0LPF76p5WSs.wav,p257_364.wav
0,0,0,0,0,0,0.44605398178100586,1.2006630897521973,-12.016573905944824,-12.325926780700684,-0.3093528747558594,0obQ_a6Cm-c.wav,p257_370.wav
0,0,0,0,0,0,0.7290384769439697,1.1440240144729614,0.9897406101226807,0.32709887623786926,-0.6626417338848114,8HA3zVZ_g4Y.wav,p257_416.wav
0,0,0,0,0,0,0.5740346312522888,1.1485987901687622,-1.4158761501312256,-10.189896583557129,-8.774020433425903,_97xkAkbwxQ.wav,p232_052.wav
0,0,0,0,0,0,0.8277996778488159,1.696303129196167,12.26243782043457,18.626569747924805,6.364131927490234,EpOxIPicC7U.wav,p257_358.wav
0,0,0,0,0,0,0.4598868191242218,1.212571620941162,-14.3340482711792,-13.700465202331543,0.6335830688476562,ZtLhqUJzd0g.wav,p232_046.wav
0,0,0,0,0,0,0.9446015954017639,1.269941806793213,12.181405067443848,10.542038917541504,-1.6393661499023438,v7doS4KQ13U.wav,p232_047.wav
0,0,0,0,0,0,0.8914278745651245,1.633281946182251,21.253509521484375,9.422780990600586,-11.830728530883789,egOBhLNMnTo.wav,p232_053.wav
0,0,0,0,0,0,0.9871127009391785,2.7519326210021973,25.55645751953125,25.66797637939453,0.11151885986328125,d9dnxyTC3vE.wav,p257_359.wav
0,0,0,0,0,0,0.40392041206359863,1.1920340061187744,-14.143454551696777,-14.218221664428711,-0.0747671127319336,t7uMx5EU-Rg.wav,p257_371.wav
0,0,0,0,0,0,0.9918917417526245,2.919034957885742,24.600181579589844,20.780006408691406,-3.8201751708984375,1aEh44p0EqY.wav,p257_417.wav
0,0,0,0,0,0,0.9412363767623901,1.6465587615966797,9.15764331817627,8.871174812316895,-0.286468505859375,tr5tseMOitc.wav,p257_403.wav
0,0,0,0,0,0,0.3862927556037903,1.1497156620025635,-14.396681785583496,-13.475598335266113,0.9210834503173828,r8k8It_hM0A.wav,p257_365.wav
0,0,0,0,0,0,0.3495098948478699,1.152086853981018,-18.239498138427734,-18.74033546447754,-0.5008373260498047,W4zrB652Po4.wav,p232_084.wav
0,0,0,0,0,0,0.39806729555130005,1.3951067924499512,-15.650372505187988,-15.646450996398926,0.0039215087890625,Zgrt23ZztJo.wav,p232_090.wav
0,0,0,0,0,0,0.9513078331947327,1.5092616081237793,18.38787841796875,19.5084228515625,1.12054443359375,tfwZlNbZKnQ.wav,p232_245.wav
0,0,0,0,0,0,0.8487476706504822,1.100823998451233,-5.257497787475586,-5.785101890563965,-0.5276041030883789,d8_7lrOjTVg.wav,p232_251.wav
0,0,0,0,0,0,0.3392254710197449,1.2356616258621216,-14.126962661743164,-14.250584602355957,-0.12362194061279297,7IVNIcOntfo.wav,p232_279.wav
0,0,0,0,0,0,0.9766330718994141,3.239025115966797,8.641401290893555,9.54384994506836,0.9024486541748047,6cQbxwbBqqI.wav,p257_173.wav
0,0,0,0,0,0,0.47730594873428345,1.2592967748641968,-13.685395240783691,-12.868613243103027,0.8167819976806641,aSP7DDY1lz4.wav,p257_167.wav
0,0,0,0,0,0,0.8462526202201843,1.198319673538208,-10.143357276916504,-9.588519096374512,0.5548381805419922,_KaRkSyELy4.wav,p232_286.wav
0,0,0,0,0,0,0.49949875473976135,1.2178553342819214,-15.411555290222168,4.390610218048096,19.802165508270264,ptHxsI2bt5g.wav,p257_198.wav
0,0,0,0,0,0,0.8129569888114929,1.2209982872009277,14.643671989440918,8.859807968139648,-5.7838640213012695,3YqNm3QaCjk.wav,p232_292.wav
0,0,0,0,0,0,0.6264306306838989,1.1428098678588867,-15.359274864196777,-14.234999656677246,1.1242752075195312,RB9xMnuB59A.wav,p232_331.wav
0,0,0,0,0,0,0.4276713728904724,1.1571969985961914,-10.594782829284668,-12.931297302246094,-2.336514472961426,07mS0mSTDjY.wav,p232_325.wav
0,0,0,0,0,0,0.3882696032524109,1.2657270431518555,-23.133724212646484,-23.270051956176758,-0.13632774353027344,kkdZ_qz_Rjw.wav,p257_007.wav
0,0,0,0,0,0,0.9627504348754883,2.0817084312438965,21.095186233520508,22.590085983276367,1.4948997497558594,s_nzvDUPsCU.wav,p257_013.wav
0,0,0,0,0,0,0.4124113917350769,1.1298836469650269,-12.642176628112793,-13.347599983215332,-0.7054233551025391,jIE4UYtolbE.wav,p232_319.wav
0,0,0,0,0,0,0.3903878927230835,1.1727505922317505,-9.820528030395508,-9.173691749572754,0.6468362808227539,FjiCMXDhUas.wav,p257_239.wav
0,0,0,0,0,0,0.9215923547744751,1.547421932220459,18.603769302368164,10.426396369934082,-8.177372932434082,hiOjqskDlS0.wav,p232_133.wav
0,0,0,0,0,0,0.2792029082775116,1.1808409690856934,-15.011216163635254,-15.815563201904297,-0.804347038269043,SNIFfgGtMGY.wav,p232_127.wav
0,0,0,0,0,0,0.9427692294120789,2.5029284954071045,11.336686134338379,22.412168502807617,11.075482368469238,7oGd1ucd8r0.wav,p257_205.wav
0,0,0,0,0,0,0.28791293501853943,1.17898428440094,-15.680696487426758,-15.752549171447754,-0.0718526840209961,P6StWdHAPo0.wav,p257_211.wav
0,0,0,0,0,0,0.6629362106323242,1.2177616357803345,7.174614906311035,0.2358553111553192,-6.938759595155716,zDDk-pJWrJ0.wav,p257_229.wav
0,0,0,0,0,0,0.5465024709701538,1.3337488174438477,12.324271202087402,2.8370344638824463,-9.487236738204956,FuqquDb_Ffs.wav,p232_123.wav
0,0,0,0,0,0,0.8333910703659058,1.5381429195404053,15.534828186035156,7.995266914367676,-7.5395612716674805,clC3ld6rJVU.wav,p232_137.wav
0,0,0,0,0,0,0.556233823299408,1.1651493310928345,1.0325117111206055,-3.3297839164733887,-4.362295627593994,voHJul8HHVE.wav,p257_215.wav
0,0,0,0,0,0,0.39382943511009216,1.2579436302185059,-14.751439094543457,-14.567375183105469,0.18406391143798828,kIsSabuOpJI.wav,p257_201.wav
0,0,0,0,0,0,0.5391898155212402,1.1376222372055054,-16.283836364746094,-11.993416786193848,4.290419578552246,vSrP2g8zUoY.wav,p232_321.wav
0,0,0,0,0,0,0.32847321033477783,1.1768627166748047,-14.273658752441406,-13.148102760314941,1.1255559921264648,hHQZepALpHQ.wav,p232_335.wav
0,0,0,0,0,0,0.7915331125259399,1.4660091400146484,12.370049476623535,12.905734062194824,0.5356845855712891,ZuJIlrPZeWE.wav,p257_017.wav
0,0,0,0,0,0,0.47445032000541687,1.2006700038909912,-15.28844165802002,-15.339789390563965,-0.05134773254394531,rgg378LXd9k.wav,p257_003.wav
0,0,0,0,0,0,0.6836591362953186,1.119951605796814,1.9899646043777466,0.3920094668865204,-1.5979551374912262,qz-7dEyYYDI.wav,p232_309.wav
0,0,0,0,0,0,0.7130687236785889,1.3132688999176025,4.023294925689697,2.920853853225708,-1.1024410724639893,i87x_HA3Um4.wav,p232_296.wav
0,0,0,0,0,0,0.4161171019077301,1.1925854682922363,-5.618536949157715,-15.190505027770996,-9.571968078613281,ee0r3sqbrxI.wav,p257_188.wav
0,0,0,0,0,0,0.9262228012084961,1.8614916801452637,12.143837928771973,20.99549674987793,8.851658821105957,k7MYn0Y9pyY.wav,p232_282.wav
0,0,0,0,0,0,0.544551432132721,1.1710537672042847,-16.66278076171875,-17.349660873413086,-0.6868801116943359,xHYs_58hXfg.wav,p232_255.wav
0,0,0,0,0,0,0.5290985703468323,1.1243412494659424,-14.6036376953125,-14.620309829711914,-0.016672134399414062,QpJmRqY4KxE.wav,p232_241.wav
0,0,0,0,0,0,0.44748350977897644,1.1768165826797485,-12.621991157531738,-12.85193920135498,-0.2299480438232422,6XN9trtsQGo.wav,p232_269.wav
0,0,0,0,0,0,0.632745087146759,1.1424137353897095,-8.825495719909668,-10.575040817260742,-1.7495450973510742,EB6l4sGiyOE.wav,p257_163.wav
0,0,0,0,0,0,0.8531549572944641,1.2738068103790283,10.717391014099121,10.897303581237793,0.17991256713867188,oYrnNi0n-hk.wav,p257_177.wav
0,0,0,0,0,0,0.8536350131034851,1.6977808475494385,16.834598541259766,1.4007290601730347,-15.433869481086731,MCUOvhqC4jE.wav,p232_094.wav
0,0,0,0,0,0,0.7603552341461182,1.1303186416625977,2.4778823852539062,1.3191075325012207,-1.1587748527526855,DttfAYeS3C0.wav,p232_080.wav
0,0,0,0,0,0,0.3704814314842224,1.1455587148666382,-15.95003604888916,-16.15264129638672,-0.2026052474975586,28_dI7KHIf0.wav,p232_057.wav
0,0,0,0,0,0,0.793528139591217,1.112420916557312,-9.239103317260742,0.9321837425231934,10.171287059783936,IMwnzPo49IQ.wav,p232_043.wav
0,0,0,0,0,0,0.8321444988250732,1.5643022060394287,8.584567070007324,11.36178207397461,2.777215003967285,5TzDcdFw3V8.wav,p257_349.wav
0,0,0,0,0,0,0.3995526134967804,1.417759656906128,-12.939824104309082,-12.82401180267334,0.11581230163574219,Rg0HE_P3_4I.wav,p257_361.wav
0,0,0,0,0,0,0.5265844464302063,1.1782619953155518,-14.365705490112305,-14.653313636779785,-0.28760814666748047,co70MNG6JiU.wav,p257_407.wav
0,0,0,0,0,0,0.8608964085578918,1.3943908214569092,1.2156836986541748,2.1212353706359863,0.9055516719818115,Na-NDcdjEik.wav,p257_413.wav
0,0,0,0,0,0,0.4104018211364746,1.1482659578323364,-14.279179573059082,-12.632994651794434,1.6461849212646484,4NsZiH4WkOo.wav,p257_375.wav
0,0,0,0,0,0,0.4956834614276886,1.2655085325241089,-15.211071968078613,-16.018634796142578,-0.8075628280639648,pLqvYlIX9MU.wav,p257_412.wav
0,0,0,0,0,0,0.4490869343280792,1.131077527999878,-10.973867416381836,-12.174742698669434,-1.2008752822875977,UjQWlJlL0Kg.wav,p257_374.wav
0,0,0,0,0,0,0.3777500092983246,1.1366928815841675,-15.368327140808105,-13.906804084777832,1.4615230560302734,iLSF544ELcg.wav,p257_360.wav
0,0,0,0,0,0,0.40826818346977234,1.225333333015442,-14.866701126098633,-14.336831092834473,0.5298700332641602,NJ9MpvYoZHA.wav,p257_406.wav
0,0,0,0,0,0,0.5205399990081787,1.144592523574829,-4.967655658721924,-7.716277122497559,-2.7486214637756348,jaCPQAwkYe0.wav,p232_042.wav
0,0,0,0,0,0,0.9125674962997437,2.0525894165039062,2.729872465133667,2.5608391761779785,-0.16903328895568848,HQ9HlWProm0.wav,p257_348.wav
0,0,0,0,0,0,0.43730729818344116,1.1288440227508545,-12.399683952331543,-14.216035842895508,-1.8163518905639648,aqozZzRbHVg.wav,p232_056.wav
0,0,0,0,0,0,0.40600594878196716,1.125954270362854,-14.959338188171387,-14.964089393615723,-0.0047512054443359375,QHWuQj95SYw.wav,p232_081.wav
0,0,0,0,0,0,0.8051613569259644,1.3719769716262817,7.005455493927002,7.158089637756348,0.1526341438293457,SbeAv16sVCk.wav,p232_095.wav
0,0,0,0,0,0,0.8975017666816711,1.3485217094421387,10.788823127746582,11.01227855682373,0.22345542907714844,mU8J0PSY28I.wav,p257_176.wav
0,0,0,0,0,0,0.8054311275482178,1.7161500453948975,-12.456337928771973,8.69540023803711,21.151738166809082,FAX8Twagbvg.wav,p232_268.wav
0,0,0,0,0,0,0.5296798944473267,1.120970606803894,-5.434653282165527,-10.84858226776123,-5.413928985595703,2WvKqN2NrEA.wav,p257_162.wav
0,0,0,0,0,0,0.5376077890396118,1.1927032470703125,-16.104135513305664,-16.394325256347656,-0.2901897430419922,4OUFnQ1ig7g.wav,p232_240.wav
0,0,0,0,0,0,0.8905652165412903,1.2243497371673584,9.050792694091797,10.704449653625488,1.6536569595336914,M40-EpN3I78.wav,p232_254.wav
0,0,0,0,0,0,0.7116690874099731,1.1732463836669922,-2.3845672607421875,-0.5043481588363647,1.8802191019058228,ZYjtrPCAlTU.wav,p257_189.wav
0,0,0,0,0,0,0.9891425967216492,3.241757869720459,26.649168014526367,24.067272186279297,-2.5818958282470703,i6pBBhEa8OY.wav,p232_283.wav
0,0,0,0,0,0,0.7480180859565735,1.5783324241638184,2.1769161224365234,2.2236711978912354,0.046755075454711914,vjcfIZ0SWew.wav,p232_297.wav
0,0,0,0,0,0,0.33475545048713684,1.2123687267303467,-17.86848258972168,-17.704769134521484,0.1637134552001953,AchH6Qd0htw.wav,p257_002.wav
0,0,0,0,0,0,0.5224413275718689,1.1292630434036255,-15.18338394165039,-11.594257354736328,3.5891265869140625,5LK5QxIu8xw.wav,p232_308.wav
0,0,0,0,0,0,0.3198201358318329,1.1338053941726685,-17.566831588745117,-18.400665283203125,-0.8338336944580078,Me5oFWrV6cg.wav,p257_016.wav
0,0,0,0,0,0,0.5547698140144348,1.163132667541504,-14.493365287780762,-1.5909311771392822,12.90243411064148,4vhbTJ-LsdY.wav,p232_334.wav
0,0,0,0,0,0,0.4831359386444092,1.139296531677246,-2.289293050765991,-8.06270694732666,-5.773413896560669,D14QMp6dz0U.wav,p232_320.wav
0,0,0,0,0,0,0.7122344374656677,1.116063117980957,-2.1464345455169678,-1.8258718252182007,0.3205627202987671,pZc88RfF6Tg.wav,p257_200.wav
0,0,0,0,0,0,0.7857105731964111,1.1164203882217407,-1.2790570259094238,-1.81879723072052,-0.5397402048110962,y9LrPC3Qv3A.wav,p257_214.wav
0,0,0,0,0,0,0.542506992816925,1.1329457759857178,-14.589242935180664,-7.508193016052246,7.081049919128418,LiehcxCYdIo.wav,p232_136.wav
0,0,0,0,0,0,0.3919377624988556,1.2382698059082031,-14.821900367736816,-14.949623107910156,-0.12772274017333984,v5qpjASGr-Y.wav,p257_228.wav
0,0,0,0,0,0,0.4911081790924072,1.0914366245269775,-7.137622833251953,-14.006423950195312,-6.868801116943359,_uQJBxWQTDg.wav,p232_134.wav
0,0,0,0,0,0,0.5036113262176514,1.1463898420333862,-9.435616493225098,-15.000725746154785,-5.5651092529296875,4Pc9rWewLIY.wav,p232_120.wav
0,0,0,0,0,0,0.9280729293823242,2.326416492462158,19.94921112060547,16.94207763671875,-3.0071334838867188,OKRsL5jVyfc.wav,p257_202.wav
0,0,0,0,0,0,0.366851806640625,1.1473114490509033,-15.461566925048828,-15.494667053222656,-0.033100128173828125,Q0-CI3XJvxw.wav,p232_108.wav
0,0,0,0,0,0,0.9060556888580322,1.2469749450683594,17.109344482421875,8.363153457641602,-8.746191024780273,1DxLwZhTj0A.wav,p257_216.wav
0,0,0,0,0,0,0.3725147843360901,1.1471483707427979,-14.323079109191895,-13.614375114440918,0.7087039947509766,-p1M8lMslEg.wav,p232_336.wav
0,0,0,0,0,0,0.8190979361534119,1.141709566116333,8.809972763061523,0.5547134876251221,-8.255259275436401,7LWEohTQ930.wav,p257_028.wav
0,0,0,0,0,0,0.9687370657920837,2.4119319915771484,23.772693634033203,20.83567237854004,-2.937021255493164,PiuVtOemh9k.wav,p232_322.wav
0,0,0,0,0,0,0.4594252109527588,1.1352438926696777,-15.226730346679688,-7.806992530822754,7.419737815856934,F14rW59_lzU.wav,p257_014.wav
0,0,0,0,0,0,0.41505324840545654,1.246909499168396,-14.453766822814941,-14.062878608703613,0.3908882141113281,_eAZqi_DLpY.wav,p232_281.wav
0,0,0,0,0,0,0.9429649710655212,2.837784767150879,24.67481231689453,14.330288887023926,-10.344523429870605,QQRa033bdzE.wav,p232_295.wav
0,0,0,0,0,0,0.7766347527503967,1.2650339603424072,-14.11813735961914,4.393622875213623,18.511760234832764,Y8AB0YA4Jtw.wav,p232_242.wav
0,0,0,0,0,0,0.5839627385139465,1.1527190208435059,-10.415255546569824,-8.189635276794434,2.2256202697753906,eVHnX7MrWNQ.wav,p257_148.wav
0,0,0,0,0,0,0.451718807220459,1.1438746452331543,-14.403861045837402,-12.043800354003906,2.360060691833496,K3NnUTto8BU.wav,p232_256.wav
0,0,0,0,0,0,0.8016167283058167,1.1766462326049805,11.968342781066895,3.80851411819458,-8.159828662872314,Ojz0ypDbruI.wav,p257_174.wav
0,0,0,0,0,0,0.6907786130905151,1.4305119514465332,18.382251739501953,17.58890724182129,-0.7933444976806641,mYHnQPDiatw.wav,p257_160.wav
0,0,0,0,0,0,0.8848453164100647,1.6420941352844238,17.36564826965332,16.970172882080078,-0.3954753875732422,W65c_uSH4mg.wav,p257_389.wav
0,0,0,0,0,0,0.5050522685050964,1.1473803520202637,-12.552386283874512,-0.087115079164505,12.465271204710007,lADzLzhjqPw.wav,p232_083.wav
0,0,0,0,0,0,0.5138048529624939,1.127488613128662,-14.23143196105957,-14.498435020446777,-0.26700305938720703,rTSz2mDpLoo.wav,p232_097.wav
0,0,0,0,0,0,0.8013890981674194,1.3378677368164062,-13.872075080871582,10.103568077087402,23.975643157958984,UhXKXjckLyY.wav,p232_040.wav
0,0,0,0,0,0,0.41732001304626465,1.1443674564361572,-13.468134880065918,-15.826225280761719,-2.358090400695801,SP7hOd7odrs.wav,p232_054.wav
0,0,0,0,0,0,0.7819505929946899,1.661639928817749,9.08365249633789,7.778429985046387,-1.305222511291504,s0fa2bFsEuU.wav,p257_376.wav
0,0,0,0,0,0,0.4189486801624298,1.1121313571929932,-14.413963317871094,-14.709845542907715,-0.2958822250366211,PoyzMQNhNiI.wav,p257_410.wav
0,0,0,0,0,0,0.4209936261177063,1.203066349029541,-8.87487506866455,-14.592419624328613,-5.7175445556640625,bKPNoeHvS3U.wav,p232_068.wav
0,0,0,0,0,0,0.2711435556411743,1.1612591743469238,-15.978617668151855,-15.86130428314209,0.11731338500976562,SIa9tdDXkGg.wav,p257_404.wav
0,0,0,0,0,0,0.48394373059272766,1.148302435874939,-11.497798919677734,-11.001921653747559,0.4958772659301758,49lMU8vaS88.wav,p257_362.wav
0,0,0,0,0,0,0.35440340638160706,1.2819490432739258,-15.383091926574707,-15.488330841064453,-0.1052389144897461,Ak4Ld5mMqVI.wav,p257_405.wav
0,0,0,0,0,0,0.44594210386276245,1.1388781070709229,-14.196630477905273,-11.378182411193848,2.818448066711426,ExqedxdXuBc.wav,p232_069.wav
0,0,0,0,0,0,0.8608563542366028,1.5691444873809814,6.652056694030762,4.505702972412109,-2.1463537216186523,RU0V9LTH0SI.wav,p257_363.wav
0,0,0,0,0,0,0.9096713662147522,2.385084629058838,23.27378273010254,15.528641700744629,-7.74514102935791,oGm7oejivn0.wav,p257_377.wav
0,0,0,0,0,0,0.38684141635894775,1.2202129364013672,3.7834529876708984,-14.05019474029541,-17.83364772796631,2dsY_AHDFc8.wav,p257_411.wav
0,0,0,0,0,0,0.7311872243881226,1.2499957084655762,-7.9293341636657715,-7.819188117980957,0.11014604568481445,WvaIypMvAHY.wav,p232_055.wav
0,0,0,0,0,0,0.4132513105869293,1.1429647207260132,-15.104538917541504,-14.922877311706543,0.18166160583496094,q2q1MQAuOnE.wav,p232_041.wav
0,0,0,0,0,0,0.9806820154190063,2.0478549003601074,20.383686065673828,20.75606918334961,0.37238311767578125,8Y3pAqq5s0E.wav,p232_096.wav
0,0,0,0,0,0,0.47248274087905884,1.131173849105835,-15.859786033630371,-16.757957458496094,-0.8981714248657227,56TlPzJLBAg.wav,p257_388.wav
0,0,0,0,0,0,0.6813472509384155,1.1415643692016602,-2.8407669067382812,1.6640517711639404,4.504818677902222,Dx9Mh8_fpD8.wav,p232_082.wav
0,0,0,0,0,0,0.7812846302986145,1.236629843711853,9.148488998413086,8.308853149414062,-0.8396358489990234,tzBL-_OTnNw.wav,p257_161.wav
0,0,0,0,0,0,0.9420986175537109,1.3892072439193726,10.81098461151123,17.736778259277344,6.925793647766113,5iP_VuJCZtw.wav,p257_175.wav
0,0,0,0,0,0,0.6640817523002625,1.1249582767486572,-11.749159812927246,-10.517937660217285,1.231222152709961,1e-TMhmrgwQ.wav,p232_257.wav
0,0,0,0,0,0,0.7806223034858704,1.2291189432144165,7.724026679992676,7.830174922943115,0.10614824295043945,cKtK2T7FGa4.wav,p232_243.wav
0,0,0,0,0,0,0.422976553440094,1.1205953359603882,-3.303586483001709,-2.919248342514038,0.3843381404876709,LL3MRwcLj0g.wav,p257_149.wav
0,0,0,0,0,0,0.453299343585968,1.2154302597045898,-12.675284385681152,-11.95946979522705,0.7158145904541016,JNM2tV3PA_8.wav,p232_294.wav
0,0,0,0,0,0,0.5409898161888123,1.140788197517395,-5.397006988525391,-7.296158313751221,-1.89915132522583,hyBnFl57dwA.wav,p232_280.wav
0,0,0,0,0,0,0.8304462432861328,1.492189884185791,17.24285316467285,6.861964225769043,-10.380888938903809,DiVHBtHrr7I.wav,p257_015.wav
0,0,0,0,0,0,0.476288378238678,1.1567491292953491,-17.222698211669922,-17.33204460144043,-0.10934638977050781,U5WDJVVrRMM.wav,p257_001.wav
0,0,0,0,0,0,0.9704878926277161,2.029899835586548,6.15540885925293,10.987049102783203,4.831640243530273,ELSDh7LPMRc.wav,p257_029.wav
0,0,0,0,0,0,0.9391868114471436,2.3712940216064453,17.550886154174805,17.010622024536133,-0.5402641296386719,RbshfHVQZGI.wav,p232_323.wav
0,0,0,0,0,0,0.5485019087791443,1.1640186309814453,-7.475878715515137,-9.585370063781738,-2.1094913482666016,03kFLTZguBs.wav,p232_337.wav
0,0,0,0,0,0,0.5095831751823425,1.1618181467056274,-16.115253448486328,-16.05990219116211,0.05535125732421875,BS5Ou46incw.wav,p257_217.wav
0,0,0,0,0,0,0.7664037346839905,1.3840786218643188,10.05797290802002,8.920291900634766,-1.137681007385254,YWkAxIhpRzk.wav,p257_203.wav
0,0,0,0,0,0,0.9672470688819885,1.453535556793213,10.243966102600098,12.117842674255371,1.8738765716552734,UjelVJif6-w.wav,p232_109.wav
0,0,0,0,0,0,0.655106782913208,1.2823991775512695,-1.3410128355026245,-3.5669984817504883,-2.2259856462478638,MbKkOpo09iI.wav,p232_121.wav
0,0,0,0,0,0,0.8382865786552429,1.3557552099227905,4.577787399291992,5.811270236968994,1.233482837677002,HwZTVoU-alM.wav,p232_135.wav
0,0,0,0,0,0,0.46350008249282837,1.1387784481048584,-15.417365074157715,-14.973455429077148,0.4439096450805664,P_F6WgkjhlQ.wav,p232_191.wav
0,0,0,0,0,0,0.9439021944999695,1.732367753982544,9.4404878616333,10.469918251037598,1.0294303894042969,CYR7OUgHoy8.wav,p232_185.wav
0,0,0,0,0,0,0.5070458054542542,1.1333866119384766,-9.045506477355957,-5.611807823181152,3.4336986541748047,3X4t1yXiR64.wav,p257_264.wav
0,0,0,0,0,0,0.4939795136451721,1.1505274772644043,-14.207709312438965,-14.756057739257812,-0.5483484268188477,557OlEphA08.wav,p257_270.wav
0,0,0,0,0,0,0.666308581829071,1.167020320892334,-13.972258567810059,-5.606194496154785,8.366064071655273,Bkq1PAyGuZY.wav,p257_258.wav
0,0,0,0,0,0,0.43363216519355774,1.2007343769073486,-14.378249168395996,-14.35016918182373,0.028079986572265625,iJ-Yf2qIHPQ.wav,p232_152.wav
0,0,0,0,0,0,0.399158775806427,1.169786810874939,-15.327519416809082,-16.416975021362305,-1.0894556045532227,VzGpcEts6Gk.wav,p232_146.wav
0,0,0,0,0,0,0.27212849259376526,1.2002136707305908,-14.928661346435547,-15.331944465637207,-0.40328311920166016,jMgWltYotBQ.wav,p232_393.wav
0,0,0,0,0,0,0.4307968020439148,1.1585073471069336,-15.199479103088379,-13.750258445739746,1.4492206573486328,Qt1aCUq51ns.wav,p257_099.wav
0,0,0,0,0,0,0.4406508207321167,1.1205161809921265,-9.607712745666504,-12.77591609954834,-3.168203353881836,hsmmsNacS7k.wav,p232_387.wav
0,0,0,0,0,0,0.26800358295440674,1.131696105003357,-15.680922508239746,-15.906864166259766,-0.22594165802001953,uLoqUGL9RK8.wav,p257_066.wav
0,0,0,0,0,0,0.7668529748916626,1.4767521619796753,0.15341714024543762,0.3204163908958435,0.16699925065040588,KilZgciNzmw.wav,p257_072.wav
0,0,0,0,0,0,0.5804222226142883,1.1021171808242798,-2.9916651248931885,-3.85963773727417,-0.8679726123809814,vhTWW5Bx15Q.wav,p232_378.wav
0,0,0,0,0,0,0.9813159704208374,3.1438794136047363,25.239669799804688,20.106592178344727,-5.133077621459961,UC4-ZQoRxAA.wav,p232_350.wav
0,0,0,0,0,0,0.3985227644443512,1.1871854066848755,-14.701201438903809,-13.280011177062988,1.4211902618408203,-AIrHVeCgtM.wav,p232_344.wav
0,0,0,0,0,0,0.5625277757644653,1.1654654741287231,-14.713019371032715,-14.397994041442871,0.31502532958984375,l7HJwsT-2eE.wav,p232_218.wav
0,0,0,0,0,0,0.4295405447483063,1.1345041990280151,-14.524724960327148,-15.429781913757324,-0.9050569534301758,pCecMtQGGEA.wav,p257_112.wav
0,0,0,0,0,0,0.5357111096382141,1.1391723155975342,-16.55419921875,-13.338311195373535,3.215888023376465,COUduwxlHCQ.wav,p257_106.wav
0,0,0,0,0,0,0.35073330998420715,1.174207091331482,-16.575878143310547,-17.79605484008789,-1.2201766967773438,err_odHDEGY.wav,p232_224.wav
0,0,0,0,0,0,0.3591504693031311,1.2332868576049805,-15.508862495422363,-16.539573669433594,-1.0307111740112305,mU6cfEWw5Og.wav,p232_230.wav
0,0,0,0,0,0,0.4901827871799469,1.1471750736236572,-10.288552284240723,-10.295944213867188,-0.007391929626464844,ZRRcI5ksmVI.wav,p257_310.wav
0,0,0,0,0,0,0.39634832739830017,1.147528886795044,-15.309021949768066,-15.841650009155273,-0.532628059387207,hD2Y7yExIiI.wav,p257_304.wav
0,0,0,0,0,0,0.8533653020858765,1.4041759967803955,1.8577120304107666,2.847410202026367,0.9896981716156006,BNJh10pkuAw.wav,p232_032.wav
0,0,0,0,0,0,0.9148066639900208,1.4899916648864746,2.2954492568969727,1.8001933097839355,-0.4952559471130371,5D9hddwhN_s.wav,p257_338.wav
0,0,0,0,0,0,0.5586623549461365,1.1229591369628906,-8.075716972351074,-7.38169527053833,0.6940217018127441,p4M4MV2IT88.wav,p232_033.wav
0,0,0,0,0,0,0.4287409484386444,1.1460806131362915,-13.454431533813477,-13.935053825378418,-0.4806222915649414,BvrvcxN-s7k.wav,p257_339.wav
0,0,0,0,0,0,0.6949378848075867,1.135471224784851,-16.549924850463867,-10.963730812072754,5.586194038391113,xX_FcFPaVi8.wav,p232_027.wav
0,0,0,0,0,0,0.44050976634025574,1.1467171907424927,-12.218764305114746,-13.152226448059082,-0.9334621429443359,ytIa0WAvS_Y.wav,p257_305.wav
0,0,0,0,0,0,0.8631510734558105,1.0911937952041626,-3.2533535957336426,-3.520937442779541,-0.26758384704589844,bkHRmze-Pvs.wav,p257_311.wav
0,0,0,0,0,0,0.966292142868042,1.9476794004440308,16.456218719482422,16.686038970947266,0.22982025146484375,-yvcu2zXj54.wav,p232_231.wav
0,0,0,0,0,0,0.912020742893219,2.651632785797119,15.2653169631958,15.674580574035645,0.40926361083984375,9tQWOFqQoIU.wav,p232_225.wav
0,0,0,0,0,0,0.41684165596961975,1.277799129486084,-8.802462577819824,-14.762503623962402,-5.960041046142578,2TW5ZDk8_A0.wav,p257_107.wav
0,0,0,0,0,0,0.4545113146305084,1.1089287996292114,-13.965651512145996,-13.118062019348145,0.8475894927978516,Pj6G2P59vdQ.wav,p232_219.wav
0,0,0,0,0,0,0.9215686321258545,1.8156802654266357,21.88062286376953,11.075139045715332,-10.8054838180542,XuTgmkG4WhE.wav,p257_113.wav
0,0,0,0,0,0,0.3721432089805603,1.289501428604126,-13.976727485656738,-13.966191291809082,0.01053619384765625,YJyZriIF7fw.wav,p232_351.wav
0,0,0,0,0,0,0.7175792455673218,1.7167102098464966,16.85669708251953,16.57535171508789,-0.2813453674316406,Beg79kXQBRo.wav,p257_073.wav
0,0,0,0,0,0,0.6570699214935303,1.1772005558013916,-9.428566932678223,-5.388628005981445,4.039938926696777,R-tLy9DXLlI.wav,p232_379.wav
0,0,0,0,0,0,0.40300458669662476,1.1770448684692383,-14.712519645690918,-13.92933177947998,0.7831878662109375,raQkEDa3xc4.wav,p257_067.wav
0,0,0,0,0,0,0.9861994981765747,2.3501169681549072,22.775108337402344,22.286643981933594,-0.48846435546875,QGs16Ei3yjw.wav,p232_386.wav
0,0,0,0,0,0,0.4213791489601135,1.142280101776123,-15.570921897888184,-15.181450843811035,0.38947105407714844,rH3ELJhPssI.wav,p232_392.wav
0,0,0,0,0,0,0.5831189155578613,1.2298741340637207,-10.719191551208496,-3.6332783699035645,7.085913181304932,cNUkJWXUJ3k.wav,p257_098.wav
0,0,0,0,0,0,0.961200475692749,1.829483985900879,16.56081199645996,17.598894119262695,1.0380821228027344,egwB_wWn2ZQ.wav,p232_147.wav
0,0,0,0,0,0,0.4526033401489258,1.1595232486724854,-11.295218467712402,-11.192596435546875,0.10262203216552734,7R3tP8wKBsg.wav,p257_259.wav
0,0,0,0,0,0,0.9681182503700256,2.101449728012085,20.545595169067383,20.834461212158203,0.2888660430908203,3TrTQ-tNGSo.wav,p232_153.wav
0,0,0,0,0,0,0.3997645080089569,1.2121630907058716,8.615706443786621,-10.998909950256348,-19.61461639404297,lld_AJcucqI.wav,p257_271.wav
0,0,0,0,0,0,0.5408387184143066,1.1517043113708496,-9.908638954162598,-6.749111175537109,3.1595277786254883,dYVy7moyQCc.wav,p257_265.wav
0,0,0,0,0,0,0.40800654888153076,1.184021234512329,-15.919288635253906,-11.98669719696045,3.932591438293457,UEyYtI-dlkY.wav,p232_184.wav
0,0,0,0,0,0,0.424665242433548,1.1942732334136963,-14.474614143371582,-12.513604164123535,1.9610099792480469,OIQsUqLdzLo.wav,p232_190.wav
0,0,0,0,0,0,0.8916053175926208,1.3006184101104736,8.081493377685547,8.221067428588867,0.1395740509033203,WMw6PG4caDU.wav,p232_186.wav
0,0,0,0,0,0,0.26682576537132263,1.138167142868042,-17.104402542114258,-17.24660873413086,-0.14220619201660156,M1BjCyFR23w.wav,p257_298.wav
0,0,0,0,0,0,0.4725740849971771,1.1289085149765015,-5.242682456970215,-13.197186470031738,-7.954504013061523,BPMejKpojCU.wav,p257_273.wav
0,0,0,0,0,0,0.662269651889801,1.1336233615875244,-13.11060619354248,-4.862748146057129,8.247858047485352,RKsto2FmBzM.wav,p232_179.wav
0,0,0,0,0,0,0.8121382594108582,1.2655357122421265,7.456057548522949,5.436872959136963,-2.0191845893859863,FYs6VpeUN_w.wav,p257_267.wav
0,0,0,0,0,0,0.8472111821174622,1.5261099338531494,10.646244049072266,6.690484046936035,-3.9557600021362305,-g6_Qzkrmug.wav,p232_145.wav
0,0,0,0,0,0,0.9345166087150574,2.8182294368743896,13.626479148864746,13.209843635559082,-0.41663551330566406,NuD_cyf6GFM.wav,p232_151.wav
0,0,0,0,0,0,0.46611881256103516,1.2361280918121338,-11.273086547851562,-10.339266777038574,0.9338197708129883,GUwBLItoJXk.wav,p232_384.wav
0,0,0,0,0,0,0.5247921943664551,1.142279028892517,-10.284158706665039,-11.291701316833496,-1.007542610168457,qxkDfyczXu8.wav,p232_390.wav
0,0,0,0,0,0,0.9630271792411804,1.786393165588379,14.413252830505371,13.962715148925781,-0.45053768157958984,jn5HHrCG9pg.wav,p257_071.wav
0,0,0,0,0,0,0.4341523349285126,1.1900854110717773,-15.797755241394043,-16.3940372467041,-0.5962820053100586,-S-Cn-IKlQw.wav,p232_409.wav
0,0,0,0,0,0,0.37468433380126953,1.2591371536254883,-14.86684799194336,-14.805197715759277,0.06165027618408203,PoJC_wjMSvI.wav,p257_065.wav
0,0,0,0,0,0,0.7383468151092529,1.203122615814209,10.643828392028809,-0.34849226474761963,-10.992320656776428,rmy3Pr0Ba7Q.wav,p232_347.wav
0,0,0,0,0,0,0.7052844166755676,1.2279471158981323,6.916271209716797,1.100911259651184,-5.815359950065613,qNMNRAbIDoU.wav,p257_059.wav
0,0,0,0,0,0,0.9055595993995667,1.4652843475341797,10.362517356872559,5.504039287567139,-4.85847806930542,bciw4Tqp6h4.wav,p232_353.wav
0,0,0,0,0,0,0.5225962400436401,1.1630786657333374,-10.131842613220215,-9.022330284118652,1.1095123291015625,hl2eOL4pvgk.wav,p257_105.wav
0,0,0,0,0,0,0.8334416747093201,1.4571830034255981,10.136567115783691,16.190414428710938,6.053847312927246,oiZkgsZcQmY.wav,p257_111.wav
0,0,0,0,0,0,0.9055092930793762,1.306312918663025,8.522479057312012,6.6293439865112305,-1.8931350708007812,IJ6kzw3x510.wav,p257_139.wav
0,0,0,0,0,0,0.3434526324272156,1.1300605535507202,11.029093742370605,-12.124626159667969,-23.153719902038574,6AyumUbU3VM.wav,p232_227.wav
0,0,0,0,0,0,0.955223560333252,1.9467244148254395,14.302255630493164,19.75031852722168,5.448062896728516,4EPy3x5w2JM.wav,p257_307.wav
0,0,0,0,0,0,0.7218177318572998,1.1250797510147095,6.101564884185791,4.523041248321533,-1.5785236358642578,4ZwGxgOwBUc.wav,p232_019.wav
0,0,0,0,0,0,0.8463315963745117,1.2426981925964355,3.537203311920166,8.812861442565918,5.275658130645752,H86WITYzENQ.wav,p257_313.wav
0,0,0,0,0,0,0.7007867693901062,1.0817373991012573,-16.749717712402344,-16.761966705322266,-0.012248992919921875,ZQqiypVYip8.wav,p232_031.wav
0,0,0,0,0,0,0.5681669116020203,1.1386663913726807,-12.68401050567627,-8.43089771270752,4.25311279296875,MjPIdaG5mKQ.wav,p232_025.wav
0,0,0,0,0,0,0.6189213991165161,1.1098476648330688,-2.912304639816284,-0.48753854632377625,2.424766093492508,XuS3-gORs-o.wav,p232_024.wav
0,0,0,0,0,0,0.5844371914863586,1.1192984580993652,-13.270210266113281,-11.629056930541992,1.641153335571289,PrO_fDY4GNs.wav,p232_030.wav
0,0,0,0,0,0,0.9606966376304626,2.64731502532959,26.993942260742188,18.47234535217285,-8.521596908569336,KBCFOaeH9XQ.wav,p257_312.wav
0,0,0,0,0,0,0.6913777589797974,1.2750439643859863,-14.444129943847656,7.054208755493164,21.49833869934082,iW4gMn9MWcE.wav,p257_306.wav
0,0,0,0,0,0,0.9481582045555115,1.7483487129211426,14.655318260192871,16.25760841369629,1.602290153503418,55ZDN8PgkHA.wav,p232_226.wav
0,0,0,0,0,0,0.7879504561424255,1.3860605955123901,-5.964006423950195,9.332406044006348,15.296412467956543,QdBf5MKpT2o.wav,p232_232.wav
0,0,0,0,0,0,0.8827288150787354,1.580932378768921,17.508209228515625,13.67678165435791,-3.831427574157715,QU3OpxAo4hg.wav,p257_138.wav
0,0,0,0,0,0,0.3643985092639923,1.1249620914459229,-14.472275733947754,-15.249310493469238,-0.7770347595214844,A-bGGHMIiIo.wav,p257_110.wav
0,0,0,0,0,0,0.595403790473938,1.1580702066421509,-4.3358473777771,-7.545774936676025,-3.209927558898926,yi5UsatPrgQ.wav,p257_104.wav
0,0,0,0,0,0,0.9613790512084961,1.6035000085830688,8.665884971618652,9.686601638793945,1.020716667175293,z5ZTkC47q54.wav,p257_058.wav
0,0,0,0,0,0,0.467413991689682,1.3880858421325684,-12.786569595336914,-12.614131927490234,0.1724376678466797,B9K58KYq-Cs.wav,p232_352.wav
0,0,0,0,0,0,0.6658981442451477,1.16812264919281,1.9919910430908203,6.334441184997559,4.342450141906738,ZCvGGuN8a9k.wav,p232_346.wav
0,0,0,0,0,0,0.5663414597511292,1.1304166316986084,-7.974238395690918,-0.34204861521720886,7.632189780473709,Sl07cCuOdqQ.wav,p257_064.wav
0,0,0,0,0,0,0.9785498976707458,2.727468967437744,22.25811767578125,20.970680236816406,-1.2874374389648438,uZZWqwLKJsQ.wav,p257_070.wav
0,0,0,0,0,0,0.41906672716140747,1.273010492324829,-14.43376350402832,-14.273624420166016,0.1601390838623047,PZ2r_9eGTkc.wav,p232_391.wav
0,0,0,0,0,0,0.6168580055236816,1.184866189956665,6.775289058685303,-0.1765948235988617,-6.951883882284164,dL3JEQTmCWE.wav,p232_385.wav
0,0,0,0,0,0,0.9714621901512146,1.865269422531128,21.16452407836914,17.248971939086914,-3.9155521392822266,xjqt3sDAGdg.wav,p232_150.wav
0,0,0,0,0,0,0.2998475730419159,1.401559591293335,11.178791999816895,7.380239486694336,-3.7985525131225586,Oqi_AoWhFkY.wav,p232_144.wav
0,0,0,0,0,0,0.4051538407802582,1.1140450239181519,-14.91378116607666,-14.136366844177246,0.7774143218994141,6xgrSnsFSnk.wav,p257_266.wav
0,0,0,0,0,0,0.9232898354530334,1.4301403760910034,8.768559455871582,7.099170207977295,-1.669389247894287,rui3kVWgTUc.wav,p257_272.wav
0,0,0,0,0,0,0.9799229502677917,2.485288619995117,21.331985473632812,22.093000411987305,0.7610149383544922,ADjFIZCM-f0.wav,p232_178.wav
0,0,0,0,0,0,0.39000579714775085,1.2112655639648438,-14.772409439086914,-14.77881145477295,-0.006402015686035156,wsyb3aR-5Ik.wav,p232_193.wav
0,0,0,0,0,0,0.42020535469055176,1.1457723379135132,-13.693989753723145,-14.574797630310059,-0.8808078765869141,DU4im26D6ts.wav,p257_299.wav
0,0,0,0,0,0,0.3837745785713196,1.1511480808258057,-14.263036727905273,-14.008992195129395,0.2540445327758789,a2ugthH2Urk.wav,p232_187.wav
0,0,0,0,0,0,0.9951392412185669,2.605195999145508,16.83163070678711,16.86301040649414,0.03137969970703125,O7lB_d6v_eA.wav,p232_183.wav
0,0,0,0,0,0,0.9690638184547424,1.4699803590774536,3.867988348007202,7.305096626281738,3.437108278274536,jLJzRd2yEAQ.wav,p257_289.wav
0,0,0,0,0,0,0.42652955651283264,1.1906344890594482,-14.722846031188965,-14.993802070617676,-0.27095603942871094,uRIzEtwt8MY.wav,p232_197.wav
0,0,0,0,0,0,0.6549692749977112,1.5154311656951904,7.534102916717529,-5.1970953941345215,-12.73119831085205,VImYbitqzU0.wav,p232_140.wav
0,0,0,0,0,0,0.48081880807876587,1.1730220317840576,-11.043387413024902,-11.344264030456543,-0.3008766174316406,1ObaLGDunXY.wav,p232_154.wav
0,0,0,0,0,0,0.7896313667297363,1.146601676940918,-6.164375305175781,-7.669133186340332,-1.5047578811645508,o4eDxGJISqM.wav,p257_276.wav
0,0,0,0,0,0,0.9457153677940369,2.691793441772461,23.790199279785156,19.43628692626953,-4.353912353515625,kI-9tIW7_dw.wav,p257_262.wav
0,0,0,0,0,0,0.7654719352722168,1.6718636751174927,-4.688812255859375,3.762421131134033,8.451233386993408,ge4sIfBeiA8.wav,p232_381.wav
0,0,0,0,0,0,0.762279212474823,1.141339659690857,3.0983734130859375,4.530196189880371,1.4318227767944336,--PJHxphWEs.wav,p257_048.wav
0,0,0,0,0,0,0.5077664256095886,1.1366692781448364,-14.473015785217285,-14.228262901306152,0.2447528839111328,n-ndePnWdjg.wav,p232_342.wav
0,0,0,0,0,0,0.9209737181663513,1.557037591934204,19.504364013671875,18.247814178466797,-1.2565498352050781,nGa9YKv6SCw.wav,p232_356.wav
0,0,0,0,0,0,0.8091015815734863,1.2919272184371948,-6.667494773864746,11.599759101867676,18.267253875732422,tqwlTctyIEI.wav,p257_074.wav
0,0,0,0,0,0,0.975925862789154,2.9115777015686035,24.919708251953125,23.800670623779297,-1.1190376281738281,tQvSDd6-ol4.wav,p257_060.wav
0,0,0,0,0,0,0.3936893343925476,1.1602216958999634,-14.088727951049805,-15.508769035339355,-1.4200410842895508,KR9WGtI1c2E.wav,p232_236.wav
0,0,0,0,0,0,0.386735200881958,1.3075551986694336,-14.400006294250488,-14.49264907836914,-0.09264278411865234,dwjoocPefeM.wav,p257_128.wav
0,0,0,0,0,0,0.46720075607299805,1.1251074075698853,-14.77281379699707,-15.991839408874512,-1.2190256118774414,y9na4SXQfFE.wav,p257_100.wav
0,0,0,0,0,0,0.3028811812400818,1.121488332748413,-16.73854637145996,-16.55512237548828,0.1834239959716797,7tXt-i8NpOI.wav,p257_114.wav
0,0,0,0,0,0,0.5611026287078857,1.1451777219772339,-13.521759986877441,-11.34116268157959,2.1805973052978516,AL-xTyT47d8.wav,p232_034.wav
0,0,0,0,0,0,0.8777616024017334,1.8656060695648193,-1.9191418886184692,13.534051895141602,15.45319378376007,oDQb7qZsz6o.wav,p232_020.wav
0,0,0,0,0,0,0.9111411571502686,1.586033582687378,14.722177505493164,14.88172721862793,0.15954971313476562,Gjo83FC5sh0.wav,p257_302.wav
0,0,0,0,0,0,0.4388616979122162,1.2100470066070557,-14.848673820495605,-14.892909049987793,-0.0442352294921875,OhKMWfVT06E.wav,p257_316.wav
0,0,0,0,0,0,0.45111194252967834,1.1520321369171143,-14.662627220153809,-15.025958061218262,-0.3633308410644531,yYffTfjJgRY.wav,p257_317.wav
0,0,0,0,0,0,0.9692529439926147,1.3451313972473145,-5.7322492599487305,1.8097890615463257,7.542038321495056,mOTjFSnE3JU.wav,p232_009.wav
0,0,0,0,0,0,0.3839413523674011,1.240882396697998,-14.58859634399414,-13.971858024597168,0.6167383193969727,iSHfnvy5mkA.wav,p257_303.wav
0,0,0,0,0,0,0.4418868124485016,1.1716333627700806,-10.54372787475586,-14.286221504211426,-3.7424936294555664,K4sgGo8N-d4.wav,p232_021.wav
0,0,0,0,0,0,0.9329506158828735,1.8605889081954956,22.67535972595215,10.162555694580078,-12.51280403137207,JDWPJ1AiDKc.wav,p232_035.wav
0,0,0,0,0,0,0.9714998602867126,2.7635841369628906,24.935951232910156,19.53158187866211,-5.404369354248047,BF_i_fA_VNE.wav,p257_115.wav
0,0,0,0,0,0,0.5199611783027649,1.202177882194519,-14.672164916992188,-14.009053230285645,0.663111686706543,xFVLn3_8FJ0.wav,p257_101.wav
0,0,0,0,0,0,0.47375547885894775,1.143857479095459,-14.34483814239502,-10.681111335754395,3.663726806640625,pZJkl3yfi10.wav,p232_223.wav
0,0,0,0,0,0,0.9976831674575806,3.7425756454467773,22.87063217163086,23.58293342590332,0.7123012542724609,-gie2dhqP2c.wav,p257_129.wav
0,0,0,0,0,0,0.8715651631355286,1.6520438194274902,11.536019325256348,9.092496871948242,-2.4435224533081055,vPFsTu51GkA.wav,p232_237.wav
0,0,0,0,0,0,0.4349362254142761,1.1634407043457031,-14.562707901000977,-14.64272689819336,-0.08001899719238281,DYMSZ_Lfdlc.wav,p257_061.wav
0,0,0,0,0,0,0.7959792613983154,1.3723570108413696,-14.835277557373047,4.356894016265869,19.192171573638916,aGO7JSdb3bc.wav,p257_075.wav
0,0,0,0,0,0,0.9745487570762634,2.0615053176879883,1.9661786556243896,2.5299072265625,0.5637285709381104,u8ptJ3t-IgU.wav,p232_357.wav
0,0,0,0,0,0,0.8968188166618347,2.0473556518554688,20.515790939331055,18.08618927001953,-2.4296016693115234,csOhQS2y8D0.wav,p257_049.wav
0,0,0,0,0,0,0.3762108385562897,1.1965241432189941,-13.82768440246582,-11.99898910522461,1.828695297241211,aPN-7CnRjxo.wav,p232_343.wav
0,0,0,0,0,0,0.4112558662891388,1.1550798416137695,-12.323763847351074,-12.512567520141602,-0.18880367279052734,LiEqp4ndGc0.wav,p232_394.wav
0,0,0,0,0,0,0.48950648307800293,1.1737477779388428,-13.850556373596191,-11.745314598083496,2.1052417755126953,Y0_Ixl1d7oQ.wav,p232_380.wav
0,0,0,0,0,0,0.6908013224601746,1.1719982624053955,-8.190885543823242,-7.501975059509277,0.6889104843139648,bX-Ukxl3Omg.wav,p257_263.wav
0,0,0,0,0,0,0.7065577507019043,1.105800747871399,-7.484617710113525,-7.924084663391113,-0.4394669532775879,hwe6y-jSqdQ.wav,p232_169.wav
0,0,0,0,0,0,0.9989770650863647,4.062562465667725,26.989673614501953,27.144744873046875,0.15507125854492188,MEZmzYW-f8M.wav,p257_277.wav
0,0,0,0,0,0,0.3357887864112854,1.1661384105682373,-7.928391456604004,-16.322351455688477,-8.393959999084473,1YwsFFOZ1bY.wav,p232_155.wav
0,0,0,0,0,0,0.7649123072624207,1.408352255821228,5.95987606048584,10.095174789428711,4.135298728942871,x6WRsbKAVVo.wav,p232_141.wav
0,0,0,0,0,0,0.9925600290298462,3.3233001232147217,14.18111801147461,13.648005485534668,-0.5331125259399414,kZ-41pZ1jfk.wav,p232_196.wav
0,0,0,0,0,0,0.3279312252998352,1.1713335514068604,-9.631717681884766,-14.067869186401367,-4.436151504516602,Db06mHi_gaY.wav,p232_182.wav
0,0,0,0,0,0,0.4602639079093933,1.1588294506072998,-14.832764625549316,-15.507494926452637,-0.6747303009033203,CSfJWw9cM2s.wav,p257_288.wav
0,0,0,0,0,0,0.4676749110221863,1.1085808277130127,-15.868399620056152,-14.822476387023926,1.0459232330322266,2OROEX0O-kw.wav,p232_194.wav
0,0,0,0,0,0,0.9172094464302063,1.3028849363327026,8.310057640075684,7.267247200012207,-1.0428104400634766,bMhgI_bEzq0.wav,p232_180.wav
0,0,0,0,0,0,0.9375393390655518,1.9330570697784424,10.35547161102295,11.936067581176758,1.5805959701538086,C9qQ-2zeX0E.wav,p257_249.wav
0,0,0,0,0,0,0.46857333183288574,1.1273128986358643,-14.824505805969238,-13.837647438049316,0.9868583679199219,FKVPapTUI-k.wav,p232_143.wav
0,0,0,0,0,0,0.6378094553947449,1.1591943502426147,-16.432336807250977,-17.718114852905273,-1.2857780456542969,pW4DXRHftps.wav,p257_261.wav
0,0,0,0,0,0,0.36424824595451355,1.127368450164795,-13.484630584716797,-14.090386390686035,-0.6057558059692383,Od85JwO7ChQ.wav,p257_275.wav
0,0,0,0,0,0,0.4825044274330139,1.1915874481201172,-14.722220420837402,-10.836670875549316,3.885549545288086,mf7DRiLh9O8.wav,p232_396.wav
0,0,0,0,0,0,0.8870872259140015,2.180511236190796,21.396240234375,12.908770561218262,-8.487469673156738,1018edESAkw.wav,p232_382.wav
0,0,0,0,0,0,0.9349291920661926,1.744022011756897,20.769447326660156,16.919002532958984,-3.850444793701172,i1TuCYXJaRo.wav,p257_088.wav
0,0,0,0,0,0,0.9837257266044617,2.6192519664764404,25.440692901611328,17.540332794189453,-7.900360107421875,B25RukLTrYk.wav,p232_355.wav
0,0,0,0,0,0,0.9476009607315063,2.1573009490966797,18.376800537109375,16.89059066772461,-1.4862098693847656,9V7cUY986Ec.wav,p232_341.wav
0,0,0,0,0,0,0.953004002571106,1.991288423538208,11.70508861541748,17.99449920654297,6.289410591125488,HMJn7co1YOM.wav,p257_063.wav
0,0,0,0,0,0,0.455782413482666,1.1634100675582886,-12.392003059387207,-5.182037353515625,7.209965705871582,0Gj0gGPGlMA.wav,p232_369.wav
0,0,0,0,0,0,0.9293183088302612,1.4471900463104248,7.981632709503174,8.134110450744629,0.15247774124145508,yjhYCoQrh_0.wav,p257_077.wav
0,0,0,0,0,0,0.7846682667732239,1.1674467325210571,5.658814430236816,6.730062007904053,1.0712475776672363,P-6h8CPhQoI.wav,p232_221.wav
0,0,0,0,0,0,0.4378916621208191,1.0938048362731934,-16.10242462158203,-17.044231414794922,-0.9418067932128906,gdDgkU7UrgQ.wav,p232_235.wav
0,0,0,0,0,0,0.7062054872512817,1.1235190629959106,3.668199300765991,-5.788980007171631,-9.457179307937622,391V6NBnd0U.wav,p257_117.wav
0,0,0,0,0,0,0.669731855392456,1.1699950695037842,-9.12855052947998,1.1328481435775757,10.261398673057556,2k6u_IlnbME.wav,p232_209.wav
0,0,0,0,0,0,0.6912752985954285,1.1279659271240234,9.043534278869629,-1.126769781112671,-10.1703040599823,S9-i_pqoUCw.wav,p257_103.wav
0,0,0,0,0,0,0.9160850048065186,1.6215147972106934,16.795305252075195,21.202531814575195,4.4072265625,Ef_bqxp6CC0.wav,p232_023.wav
0,0,0,0,0,0,0.47557929158210754,1.223617434501648,-16.34515380859375,-7.474165916442871,8.870987892150879,b0lCe7u0aD4.wav,p257_329.wav
0,0,0,0,0,0,0.5405248403549194,1.1722201108932495,-10.938956260681152,-12.534686088562012,-1.5957298278808594,0MJPqGKIbZg.wav,p232_037.wav
0,0,0,0,0,0,0.31569716334342957,1.133906364440918,-12.555170059204102,-15.855334281921387,-3.300164222717285,oZF73R89bk0.wav,p257_315.wav
0,0,0,0,0,0,0.7185876965522766,1.1655415296554565,18.26026153564453,1.7741814851760864,-16.486080050468445,XKi2-b3YrWY.wav,p257_301.wav
0,0,0,0,0,0,0.3655189275741577,1.1286754608154297,-14.496479988098145,-14.117201805114746,0.37927818298339844,sUjAb0SfppQ.wav,p257_300.wav
0,0,0,0,0,0,0.9402426481246948,1.7004151344299316,6.382285118103027,8.189776420593262,1.8074913024902344,6J1gScD4AZU.wav,p257_314.wav
0,0,0,0,0,0,0.9178435206413269,2.0453338623046875,17.93639373779297,16.411174774169922,-1.5252189636230469,H1RZqx1o92I.wav,p232_036.wav
0,0,0,0,0,0,0.525990903377533,1.133940577507019,-15.439141273498535,-12.976692199707031,2.462449073791504,6iyinlZEgS4.wav,p232_022.wav
0,0,0,0,0,0,0.4647407531738281,1.1697407960891724,-16.27934455871582,-16.496509552001953,-0.2171649932861328,yk9-ww_XBl0.wav,p257_328.wav
0,0,0,0,0,0,0.44851189851760864,1.1340582370758057,-15.52782917022705,-15.397257804870605,0.1305713653564453,__VabWVcbpw.wav,p232_208.wav
0,0,0,0,0,0,0.2814596891403198,1.1708084344863892,-14.105380058288574,-14.769558906555176,-0.6641788482666016,4ENbU7xheTc.wav,p257_102.wav
0,0,0,0,0,0,0.7716931700706482,1.1816731691360474,-15.757391929626465,-17.173168182373047,-1.415776252746582,ivAZXsf6_zs.wav,p257_116.wav
0,0,0,0,0,0,0.3949892222881317,1.1422489881515503,-14.569785118103027,-14.068136215209961,0.5016489028930664,k0kU2cc85ZA.wav,p232_234.wav
0,0,0,0,0,0,0.7962737679481506,1.2314485311508179,7.684022903442383,8.152851104736328,0.4688282012939453,ORdW-nWhCfE.wav,p232_220.wav
0,0,0,0,0,0,0.46979841589927673,1.1502262353897095,-15.088257789611816,-15.31238079071045,-0.2241230010986328,tTDOCqIqlzU.wav,p257_076.wav
0,0,0,0,0,0,0.5355280041694641,1.127532720565796,-13.947728157043457,-15.078335762023926,-1.1306076049804688,paIkNAu-2C8.wav,p257_062.wav
0,0,0,0,0,0,0.4421784579753876,1.1556968688964844,-14.250102043151855,-13.520365715026855,0.729736328125,pkRCVd5yCEM.wav,p232_368.wav
0,0,0,0,0,0,0.7348710894584656,1.2594810724258423,0.7317962050437927,0.5417889356613159,-0.1900072693824768,o6TUQSPSTYU.wav,p232_340.wav
0,0,0,0,0,0,0.741910457611084,1.2510173320770264,-8.404666900634766,-4.313811779022217,4.090855121612549,WOoqg3eoYgI.wav,p232_354.wav
0,0,0,0,0,0,0.4988855719566345,1.1261709928512573,-3.7504215240478516,-8.730320930480957,-4.9798994064331055,1G0ibSUBv2g.wav,p232_383.wav
0,0,0,0,0,0,0.7227716445922852,1.2101517915725708,-0.7026386260986328,3.8202285766601562,4.522867202758789,DjZLBwKtsxI.wav,p257_089.wav
0,0,0,0,0,0,0.8822091817855835,1.3534893989562988,7.948234558105469,6.415769577026367,-1.5324649810791016,q94ievnKU6s.wav,p232_397.wav
0,0,0,0,0,0,0.5095078349113464,1.1407028436660767,-8.558032989501953,-9.432772636413574,-0.8747396469116211,DeNCHPXfMhM.wav,p257_274.wav
0,0,0,0,0,0,0.9756044745445251,1.4653855562210083,9.673789024353027,11.136171340942383,1.4623823165893555,kXQDE8Jg2l8.wav,p257_260.wav
0,0,0,0,0,0,0.43751266598701477,1.1465752124786377,-14.476029396057129,-14.57489013671875,-0.0988607406616211,YNlfW5Cm5MM.wav,p257_248.wav
0,0,0,0,0,0,0.9677900671958923,2.7142858505249023,23.816450119018555,23.87159538269043,0.055145263671875,BChhAS1sFvA.wav,p232_142.wav
0,0,0,0,0,0,0.971470832824707,2.214813709259033,18.395633697509766,19.251453399658203,0.8558197021484375,WbcdENpeJP0.wav,p232_156.wav
0,0,0,0,0,0,0.617436408996582,1.1229983568191528,-1.0712887048721313,-3.435171365737915,-2.3638826608657837,vZSU_WAWw-Q.wav,p232_181.wav
0,0,0,0,0,0,0.48162195086479187,1.169642686843872,-14.722853660583496,-4.8165483474731445,9.906305313110352,8StkM09rkCw.wav,p232_195.wav
0,0,0,0,0,0,0.9593569040298462,1.691965103149414,15.358500480651855,15.302969932556152,-0.055530548095703125,99w08FiKJXE.wav,p257_286.wav
0,0,0,0,0,0,0.9790470004081726,2.5628719329833984,21.2219181060791,18.030412673950195,-3.1915054321289062,9TyJBWp_gUA.wav,p232_198.wav
0,0,0,0,0,0,0.8696376085281372,1.380212426185608,20.652652740478516,12.30448055267334,-8.348172187805176,kgIRzYILro0.wav,p257_292.wav
0,0,0,0,0,0,0.3971814811229706,1.2036126852035522,-17.075233459472656,-16.653064727783203,0.4221687316894531,PCsQ3zgL3CU.wav,p257_245.wav
0,0,0,0,0,0,0.2791564464569092,1.182035207748413,-14.618135452270508,-15.850662231445312,-1.2325267791748047,qVyPub0cE4g.wav,p257_251.wav
0,0,0,0,0,0,0.7901114225387573,2.680175304412842,16.793909072875977,16.806591033935547,0.012681961059570312,pQoNXEX16pk.wav,p257_279.wav
0,0,0,0,0,0,0.4661194384098053,1.1407251358032227,-13.649057388305664,-13.126917839050293,0.5221395492553711,3PliaLqMSqg.wav,p232_173.wav
0,0,0,0,0,0,0.5553067326545715,1.1281050443649292,-8.27587890625,-6.942059516906738,1.3338193893432617,T7ApcW_HzGI.wav,p232_167.wav
0,0,0,0,0,0,0.8557583689689636,1.4504566192626953,-3.4150586128234863,-4.855569839477539,-1.4405112266540527,ftKCLRd9_no.wav,p257_084.wav
0,0,0,0,0,0,0.41249626874923706,1.1620842218399048,-12.669222831726074,-13.31751537322998,-0.6482925415039062,R42eFr4pguI.wav,p257_090.wav
0,0,0,0,0,0,0.4568135440349579,1.1236125230789185,-13.478708267211914,-11.142685890197754,2.33602237701416,vqiAPslxrqI.wav,p257_047.wav
0,0,0,0,0,0,0.45904216170310974,1.1364052295684814,-14.02227783203125,-11.213533401489258,2.808744430541992,66kfjGs-5AA.wav,p257_053.wav
0,0,0,0,0,0,0.49202579259872437,1.2040776014328003,-5.922927379608154,-14.77221965789795,-8.849292278289795,KLtjVuXOBQk.wav,p232_359.wav
0,0,0,0,0,0,0.7284978628158569,1.716387152671814,15.59076976776123,14.531664848327637,-1.0591049194335938,YssVZMtZNjw.wav,p232_371.wav
0,0,0,0,0,0,0.85897296667099,1.4816263914108276,9.823529243469238,11.707898139953613,1.884368896484375,3C5qHj5WW1E.wav,p232_403.wav
0,0,0,0,0,0,0.498029887676239,1.1273924112319946,-14.402944564819336,-13.586362838745117,0.8165817260742188,695nvt2cbP8.wav,p232_365.wav
0,0,0,0,0,0,0.826961874961853,1.3084298372268677,-12.2030611038208,-2.9798941612243652,9.223166942596436,GF2kFAuK4EI.wav,p232_239.wav
0,0,0,0,0,0,0.8258659839630127,1.34280264377594,2.63511323928833,3.465648889541626,0.8305356502532959,ruf-EVEl3cg.wav,p257_133.wav
0,0,0,0,0,0,0.7470104694366455,1.1145514249801636,-0.9208827018737793,0.21940574049949646,1.1402884423732758,Pgo6VJyz3tY.wav,p257_127.wav
0,0,0,0,0,0,0.4375220239162445,1.1579421758651733,-14.40680980682373,-13.979584693908691,0.42722511291503906,FGfpmGATANA.wav,p232_205.wav
0,0,0,0,0,0,0.3995535671710968,1.1496729850769043,-14.297887802124023,-15.261801719665527,-0.9639139175415039,8sXu3FjHPps.wav,p232_211.wav
0,0,0,0,0,0,0.5956065058708191,1.133233904838562,10.577828407287598,-6.8823089599609375,-17.460137367248535,0ZqLJ1n7gAs.wav,p257_331.wav
0,0,0,0,0,0,0.28357723355293274,1.150181770324707,-15.890795707702637,-16.34624481201172,-0.45544910430908203,HJEWywfeZXg.wav,p257_325.wav
0,0,0,0,0,0,0.8133418560028076,1.3841705322265625,0.13147693872451782,2.261754035949707,2.130277097225189,NcJx82UX-Vw.wav,p232_007.wav
0,0,0,0,0,0,0.3664429485797882,1.202646255493164,-14.337288856506348,-14.544407844543457,-0.20711898803710938,3dSeGqHasv8.wav,p232_013.wav
0,0,0,0,0,0,0.5276651978492737,1.1229993104934692,-8.87436294555664,-8.534415245056152,0.3399477005004883,JzxEu9Zu06Q.wav,p257_319.wav
0,0,0,0,0,0,0.4420294165611267,1.1489417552947998,-14.62096118927002,-13.420702934265137,1.2002582550048828,BGA402wm33c.wav,p232_012.wav
0,0,0,0,0,0,0.6312286257743835,1.1217783689498901,-6.450984001159668,-8.778918266296387,-2.3279342651367188,gh8fUXjRoTc.wav,p257_318.wav
0,0,0,0,0,0,0.4415484368801117,1.1461237668991089,-15.199804306030273,-16.0461483001709,-0.846343994140625,vOmHfeCJvNg.wav,p232_006.wav
0,0,0,0,0,0,0.7534722089767456,1.2193702459335327,5.604013442993164,8.036083221435547,2.432069778442383,MStyPWh3La4.wav,p257_324.wav
0,0,0,0,0,0,0.3950631022453308,1.3662035465240479,-9.181234359741211,-8.629725456237793,0.551508903503418,KRIqwSOeVXU.wav,p257_330.wav
0,0,0,0,0,0,0.4977400302886963,1.2627488374710083,-9.144526481628418,-9.671874046325684,-0.5273475646972656,ASfZSrB3ttk.wav,p232_210.wav
0,0,0,0,0,0,0.41294437646865845,1.133249282836914,-14.794018745422363,-15.243595123291016,-0.44957637786865234,MDruN8n3lNM.wav,p232_204.wav
0,0,0,0,0,0,0.6498509049415588,1.1267778873443604,10.898070335388184,-2.7891945838928223,-13.687264919281006,lPCl9s_Ea8A.wav,p257_126.wav
0,0,0,0,0,0,0.5700618028640747,1.1147046089172363,-10.160691261291504,-10.124898910522461,0.03579235076904297,C4-_w6N3plU.wav,p232_238.wav
0,0,0,0,0,0,0.5457426309585571,1.1541630029678345,-13.068665504455566,-13.049229621887207,0.019435882568359375,J0HWQBkDook.wav,p257_132.wav
0,0,0,0,0,0,0.8880857229232788,1.4003629684448242,2.8036811351776123,3.4314024448394775,0.6277213096618652,mixOlOTYoq8.wav,p232_402.wav
0,0,0,0,0,0,0.7879234552383423,1.5845905542373657,22.88277244567871,11.410063743591309,-11.472708702087402,-jNIaWOWUFI.wav,p232_364.wav
0,0,0,0,0,0,0.3972117304801941,1.2197859287261963,-14.291918754577637,-15.005711555480957,-0.7137928009033203,3Hgp61hK6HY.wav,p232_370.wav
0,0,0,0,0,0,0.5723026990890503,1.2879481315612793,-18.438858032226562,-18.531219482421875,-0.0923614501953125,Maul1ExUbfk.wav,p257_052.wav
0,0,0,0,0,0,0.5182105302810669,1.0986720323562622,-18.2348690032959,-18.126678466796875,0.10819053649902344,H_RtW1jdBWo.wav,p232_358.wav
0,0,0,0,0,0,0.8834053874015808,1.6154594421386719,27.804759979248047,6.330114364624023,-21.474645614624023,t72LUnKPCSs.wav,p257_046.wav
0,0,0,0,0,0,0.9973506927490234,3.7221689224243164,29.426006317138672,28.8209285736084,-0.6050777435302734,eO4zCFBQhDA.wav,p257_091.wav
0,0,0,0,0,0,0.9538154006004333,1.914642572402954,7.326970100402832,7.876273155212402,0.5493030548095703,s4nhamYDOwY.wav,p257_085.wav
0,0,0,0,0,0,0.82582026720047,1.3120008707046509,6.01705265045166,8.926854133605957,2.909801483154297,Lb5IVzP90pk.wav,p257_278.wav
0,0,0,0,0,0,0.9174144268035889,1.729647159576416,5.843025207519531,13.728615760803223,7.885590553283691,HgdKafq2YQA.wav,p232_172.wav
0,0,0,0,0,0,0.4503762125968933,1.1612238883972168,-14.892829895019531,-13.07360553741455,1.8192243576049805,MnvU-Usbd3U.wav,p257_250.wav
0,0,0,0,0,0,0.786989688873291,1.2104040384292603,8.230757713317871,4.04951286315918,-4.181244850158691,lQ9Pg649MhE.wav,p257_244.wav
0,0,0,0,0,0,0.6259458661079407,1.128854751586914,-13.560713768005371,-2.228917121887207,11.331796646118164,0cjmAt96WEI.wav,p232_199.wav
0,0,0,0,0,0,0.5651901364326477,1.1301753520965576,-5.729016304016113,-5.584072589874268,0.1449437141418457,W2ZYTeaKLag.wav,p257_293.wav
0,0,0,0,0,0,0.5502888560295105,1.2322096824645996,-14.261357307434082,-14.595685958862305,-0.33432865142822266,qaiTVxEpeJM.wav,p257_287.wav
0,0,0,0,0,0,0.35215315222740173,1.1944708824157715,-14.578548431396484,-14.544622421264648,0.03392601013183594,bT-CEaOEGdI.wav,p257_291.wav
0,0,0,0,0,0,0.9556686282157898,1.5818125009536743,5.317289352416992,5.429408550262451,0.11211919784545898,D813H2gMS6A.wav,p257_285.wav
0,0,0,0,0,0,0.6982753276824951,1.610785961151123,0.39911097288131714,3.9814562797546387,3.5823453068733215,kGA7MEPfO-4.wav,p257_252.wav
0,0,0,0,0,0,0.525829017162323,1.1277472972869873,-11.132707595825195,-7.414564609527588,3.7181429862976074,3FkzbBjncD8.wav,p232_158.wav
0,0,0,0,0,0,0.5753059983253479,1.1360913515090942,-4.081557273864746,-8.245349884033203,-4.163792610168457,5jqupmXaRBc.wav,p257_246.wav
0,0,0,0,0,0,0.9903928637504578,2.729649543762207,24.448686599731445,23.15484619140625,-1.2938404083251953,_KYFnY6nAfk.wav,p232_164.wav
0,0,0,0,0,0,0.4310634732246399,1.1217948198318481,-13.158130645751953,-9.59798526763916,3.560145378112793,1mOxqUT_AKc.wav,p232_170.wav
0,0,0,0,0,0,0.9196565747261047,1.7774696350097656,12.088578224182129,12.352667808532715,0.26408958435058594,1O4LpU7HggY.wav,p232_399.wav
0,0,0,0,0,0,0.7429004907608032,1.274885654449463,10.248229026794434,4.435223579406738,-5.813005447387695,LwQsaE7mvDo.wav,p257_093.wav
0,0,0,0,0,0,0.46927589178085327,1.1844362020492554,8.632445335388184,-8.512312889099121,-17.144758224487305,HKhsS5bG7GM.wav,p257_087.wav
0,0,0,0,0,0,0.9871320724487305,2.3918232917785645,26.41720199584961,20.78694725036621,-5.630254745483398,4IJJtD4eRPA.wav,p257_050.wav
0,0,0,0,0,0,0.9917041063308716,2.2127151489257812,16.129852294921875,16.474754333496094,0.34490203857421875,QLNn3qg1RAE.wav,p257_044.wav
0,0,0,0,0,0,0.583540141582489,1.3207499980926514,7.433914661407471,5.765393257141113,-1.6685214042663574,Z3jNWaspEZ8.wav,p232_366.wav
0,0,0,0,0,0,0.4837341606616974,1.1317476034164429,-7.939901351928711,-11.663138389587402,-3.7232370376586914,mA1UxREUs5c.wav,p232_400.wav
0,0,0,0,0,0,0.5503443479537964,1.1408568620681763,-4.402660369873047,-8.691352844238281,-4.288692474365234,X62-7mo72jA.wav,p232_414.wav
0,0,0,0,0,0,0.9311678409576416,2.3613710403442383,13.864654541015625,12.01341724395752,-1.8512372970581055,eyOFHNqS3T0.wav,p257_078.wav
0,0,0,0,0,0,0.7804089784622192,1.1237388849258423,-5.632874488830566,0.8831502199172974,6.516024708747864,_bgeUtm3VVc.wav,p232_372.wav
0,0,0,0,0,0,0.4935360252857208,1.115127444267273,-3.0575904846191406,-5.0686540603637695,-2.011063575744629,3tcqv83QGaE.wav,p257_124.wav
0,0,0,0,0,0,0.4986652731895447,1.2510967254638672,-13.91812515258789,-13.772923469543457,0.1452016830444336,ezt5nlOxhj4.wav,p257_130.wav
0,0,0,0,0,0,0.7153940796852112,1.1473617553710938,1.5358082056045532,-0.5705759525299072,-2.1063841581344604,mza0DdYCGM4.wav,p257_118.wav
0,0,0,0,0,0,0.6459106802940369,1.1203346252441406,-8.017056465148926,-10.726088523864746,-2.7090320587158203,GW6pti04qIo.wav,p232_206.wav
0,0,0,0,0,0,0.47295138239860535,1.143470048904419,-14.31574535369873,-10.984390258789062,3.331355094909668,KRGULadmD0A.wav,p257_326.wav
0,0,0,0,0,0,0.8252747058868408,1.3072590827941895,8.113856315612793,9.34294605255127,1.2290897369384766,IPdUuNm8hes.wav,p232_038.wav
0,0,0,0,0,0,0.5401272773742676,1.1471630334854126,-2.953157424926758,-5.610805511474609,-2.6576480865478516,7WoFyN1R-1g.wav,p257_332.wav
0,0,0,0,0,0,0.41438308358192444,1.3301059007644653,-11.842865943908691,-11.107980728149414,0.7348852157592773,uciYg8Oz87I.wav,p232_010.wav
0,0,0,0,0,0,0.5921981334686279,1.2228752374649048,-10.380593299865723,-10.469775199890137,-0.08918190002441406,X57kxGGTXdo.wav,p232_005.wav
0,0,0,0,0,0,0.6973081231117249,1.1607927083969116,8.257039070129395,3.168355941772461,-5.088683128356934,_TxkZxKJNss.wav,p232_011.wav
0,0,0,0,0,0,0.09197782725095749,1.1528000831604004,-16.307945251464844,-16.991756439208984,-0.6838111877441406,sMPHFVRrJVc.wav,p232_039.wav
0,0,0,0,0,0,0.45730215311050415,1.1709659099578857,-14.11922550201416,-14.1648588180542,-0.04563331604003906,MKwnxr3ypB4.wav,p257_333.wav
0,0,0,0,0,0,0.9164889454841614,1.380053997039795,12.071671485900879,12.371540069580078,0.2998685836791992,xb9z7dslhfI.wav,p257_327.wav
0,0,0,0,0,0,0.47314023971557617,1.1512556076049805,-16.550968170166016,-16.347787857055664,0.20318031311035156,obcIYEMbnIs.wav,p232_207.wav
0,0,0,0,0,0,0.43438106775283813,1.1835401058197021,-12.733153343200684,-13.75135326385498,-1.0181999206542969,WZd2nT2Afds.wav,p232_213.wav
0,0,0,0,0,0,0.47282683849334717,1.2003859281539917,-13.724546432495117,-12.528687477111816,1.1958589553833008,brgQVwvmlzU.wav,p257_119.wav
0,0,0,0,0,0,0.4458290934562683,1.1260923147201538,-3.576242446899414,-7.645429611206055,-4.069187164306641,AIthc77KW8w.wav,p257_131.wav
0,0,0,0,0,0,0.5115149021148682,1.140735149383545,-14.05638599395752,-13.261099815368652,0.7952861785888672,WLjjbOBFt8g.wav,p257_125.wav
0,0,0,0,0,0,0.8994112610816956,1.4939212799072266,-13.961594581604004,9.07798957824707,23.039584159851074,2YK5_y1LzHk.wav,p257_079.wav
0,0,0,0,0,0,0.455066978931427,1.2225103378295898,-14.827887535095215,-14.258711814880371,0.5691757202148438,m5IvF38dyD8.wav,p232_415.wav
