SI-SNR,DNSMOS,MOS Squim,eSTOI,PESQ,PESQ Torch,STOI pred,PESQ pred,SI-SDR pred Noisy,SI-SDR pred,SI-SDR pred Improvement,Noisy filename,Clean filename
Mean scores
0.0,2.535546,3.220827068394495,0.0,0.0,0.0,0.6616042206735022,1.629642935416959,-1.720566310637031,-2.266968047148303,0.546401736511272
Standard errors of the means
0.0,0.01610743671637297,0.03822795579405519,0.0,0.0,0.0,0.011443662039326282,0.03240079867275712,0.6570451621643286,0.6016603722474776,0.30696616411875327
All Scores
0,3.2230706,3.24104642868042,0,0,0,0.8823490738868713,2.1725735664367676,14.21788501739502,10.051974296569824,-4.165910720825195,eceLeLKCo6A.wav,p257_207.wav
0,2.1652763,2.8191404342651367,0,0,0,0.43892982602119446,1.2085134983062744,-12.174260139465332,-16.087326049804688,-3.9130659103393555,eUcaJDhfFVg.wav,p257_213.wav
0,2.0824945,2.4199259281158447,0,0,0,0.4561309814453125,1.179499626159668,-14.323524475097656,-14.027587890625,0.29593658447265625,oGc-W3DWpDU.wav,p232_119.wav
0,2.1883802,2.5302071571350098,0,0,0,0.5437156558036804,1.2573912143707275,-8.418779373168945,-10.324557304382324,-1.905777931213379,ydQaImgvhak.wav,p232_131.wav
0,2.6525443,2.807354211807251,0,0,0,0.7606005072593689,1.1673405170440674,-1.9366856813430786,-2.5315845012664795,-0.5948988199234009,bCOmV_G0pkk.wav,p232_125.wav
0,2.4348333,2.0306668281555176,0,0,0,0.9523512721061707,1.8172434568405151,-9.275431632995605,-6.504459857940674,2.7709717750549316,mOx0YEidsIg.wav,p257_011.wav
0,2.4707954,2.9685723781585693,0,0,0,0.8996228575706482,1.3894879817962646,1.342100739479065,8.572222709655762,7.230121970176697,0XjfhlZVmO0.wav,p257_039.wav
0,2.3779736,2.113013982772827,0,0,0,0.6132313013076782,1.24590265750885,-12.548715591430664,-0.05291542783379555,12.495800163596869,kGuKzWVGAGY.wav,p232_333.wav
0,2.5632083,2.674142360687256,0,0,0,0.23315460979938507,1.146265983581543,-17.362503051757812,-16.686702728271484,0.6758003234863281,soVRoIbewMM.wav,p232_327.wav
0,2.3225653,2.237490653991699,0,0,0,0.23093417286872864,1.206215500831604,-18.582637786865234,-20.37604522705078,-1.7934074401855469,N3_Pyp1stAE.wav,p232_284.wav
0,2.089588,3.1993408203125,0,0,0,0.9424236416816711,1.6222076416015625,-9.409146308898926,4.750298976898193,14.15944528579712,1mm09kC1HW0.wav,p232_290.wav
0,3.257346,4.012259483337402,0,0,0,0.9890018701553345,2.635789155960083,14.302210807800293,20.955554962158203,6.65334415435791,FqQ5QaNPGuU.wav,p257_171.wav
0,2.3171418,2.0462396144866943,0,0,0,0.3988974988460541,1.2025798559188843,-6.735936641693115,-5.8174004554748535,0.9185361862182617,C9kJOuxF4QU.wav,p257_165.wav
0,3.1299152,3.4734420776367188,0,0,0,0.9410536885261536,3.2729015350341797,23.028644561767578,21.33205223083496,-1.6965923309326172,yIukyNUErLE.wav,p232_247.wav
0,2.6567154,2.4332666397094727,0,0,0,0.8898780345916748,2.074333667755127,-3.8835368156433105,18.054492950439453,21.938029766082764,UZa8hjP92GM.wav,p232_253.wav
0,2.1722224,4.497383117675781,0,0,0,0.5466234087944031,1.209989309310913,-14.597187995910645,-19.349163055419922,-4.751975059509277,9BzZvj5W09s.wav,p257_159.wav
0,2.486449,2.269491195678711,0,0,0,0.9916191101074219,2.3152244091033936,-2.70989990234375,14.777725219726562,17.487625122070312,3esyOI3cuPI.wav,p232_086.wav
0,2.1565254,4.355454921722412,0,0,0,0.3496682941913605,1.2027868032455444,-14.264129638671875,-14.085713386535645,0.17841625213623047,ZCGX32-8FQs.wav,p257_398.wav
0,2.08753,2.2137420177459717,0,0,0,0.3941877484321594,1.1906362771987915,-17.122909545898438,-18.19994354248047,-1.0770339965820312,4XdDxlReYUk.wav,p232_092.wav
0,2.547615,3.420614719390869,0,0,0,0.9453383088111877,2.493990182876587,6.645991802215576,15.693582534790039,9.047590732574463,cO9t0LaFu18.wav,p257_415.wav
0,3.1910415,4.445765018463135,0,0,0,0.99062180519104,2.7656612396240234,17.840484619140625,19.480010986328125,1.6395263671875,aGsIjsja0JQ.wav,p232_079.wav
0,2.242073,2.8521475791931152,0,0,0,0.8643521070480347,2.896048069000244,-10.048320770263672,1.1656467914581299,11.213967561721802,qF90ezvPe14.wav,p257_373.wav
0,2.4191918,3.772289991378784,0,0,0,0.4849242866039276,1.1494511365890503,0.6300287246704102,1.6212751865386963,0.9912464618682861,KMWBepdMJMI.wav,p257_367.wav
0,2.1745303,3.586968183517456,0,0,0,0.4499669671058655,1.2030633687973022,-2.3478915691375732,-11.276644706726074,-8.928753137588501,6amwf4K7CT8.wav,p257_401.wav
0,2.3590336,2.028552770614624,0,0,0,0.1379266083240509,1.1076383590698242,-16.06418800354004,-18.108661651611328,-2.044473648071289,UFnWoJ2Mu1M.wav,p232_045.wav
0,2.620117,4.454182147979736,0,0,0,0.9781412482261658,1.8620144128799438,-2.160156726837158,15.914087295532227,18.074244022369385,oE0PiIDMbL4.wav,p257_429.wav
0,2.6028073,3.468113899230957,0,0,0,0.6901652812957764,1.2304946184158325,-13.669180870056152,7.6413068771362305,21.310487747192383,26owMAFMWJw.wav,p232_051.wav
0,2.1538873,2.694477081298828,0,0,0,0.42561280727386475,1.1899677515029907,-14.065207481384277,-13.77985954284668,0.28534793853759766,irutvIeDEVs.wav,p232_050.wav
0,2.4694035,2.029301404953003,0,0,0,0.40244337916374207,1.2571276426315308,-16.531463623046875,-15.242061614990234,1.2894020080566406,Lz3H84N-Xkc.wav,p257_428.wav
0,3.0000386,4.273120403289795,0,0,0,0.9071115851402283,1.4298267364501953,3.21297025680542,0.29467281699180603,-2.918297439813614,68HVZzEravA.wav,p232_044.wav
0,2.672652,4.3924055099487305,0,0,0,0.9661372900009155,1.5380746126174927,7.181798934936523,16.221040725708008,9.039241790771484,2IqByx9qq7Q.wav,p257_366.wav
0,2.100057,3.0493483543395996,0,0,0,0.47025835514068604,1.16915762424469,-17.227249145507812,-17.032875061035156,0.19437408447265625,nGnuJJloAPM.wav,p257_400.wav
0,3.316131,4.375833034515381,0,0,0,0.9952049255371094,3.6521260738372803,25.719314575195312,27.15090560913086,1.4315910339355469,9xD9JdbVMn8.wav,p232_078.wav
0,2.7380145,2.777294158935547,0,0,0,0.9858728647232056,2.460092544555664,3.042982578277588,20.80779457092285,17.764811992645264,Fq5rUJfqf3I.wav,p257_414.wav
0,2.4284062,2.7013487815856934,0,0,0,0.6257111430168152,1.1583856344223022,-14.747401237487793,-14.99195384979248,-0.2445526123046875,Fd4kry50Tc0.wav,p257_372.wav
0,2.4179218,3.865624189376831,0,0,0,0.34974953532218933,1.3122565746307373,-9.408984184265137,-15.908947944641113,-6.499963760375977,UWK7tH9GNSg.wav,p257_399.wav
0,2.2571857,3.228943109512329,0,0,0,0.1998431533575058,1.1682260036468506,-15.12913990020752,-16.55838394165039,-1.429244041442871,2bR0IRhqpNM.wav,p232_093.wav
0,2.2130296,2.51261305809021,0,0,0,0.5499602556228638,1.184583306312561,-11.785106658935547,-8.964118003845215,2.820988655090332,-GaHBgRGi4s.wav,p232_087.wav
0,2.7028255,4.1638994216918945,0,0,0,0.8649457693099976,1.5043127536773682,12.078839302062988,9.117091178894043,-2.9617481231689453,Mp1bGjvmAaQ.wav,p232_252.wav
0,2.4268222,2.3169546127319336,0,0,0,0.7450716495513916,1.4056565761566162,-2.751683473587036,4.0125651359558105,6.764248609542847,2TauJ1KBMdY.wav,p257_158.wav
0,2.227566,2.220252275466919,0,0,0,0.37127789855003357,1.1352838277816772,-8.50283145904541,-10.867749214172363,-2.364917755126953,JWZpp-w5TcU.wav,p232_246.wav
0,3.421967,4.55342435836792,0,0,0,0.9516406059265137,2.8569178581237793,23.847698211669922,15.914921760559082,-7.93277645111084,rCNaKCymgp8.wav,p257_164.wav
0,2.6108139,3.363569974899292,0,0,0,0.9430947303771973,2.5742249488830566,18.537246704101562,17.606332778930664,-0.9309139251708984,vGdfIUCkVEU.wav,p257_170.wav
0,2.5242877,4.3064374923706055,0,0,0,0.9331161975860596,1.4506505727767944,1.1133122444152832,4.152698040008545,3.0393857955932617,Af1h4ibpKJA.wav,p232_291.wav
0,2.370792,2.290881872177124,0,0,0,0.5933510065078735,1.1790235042572021,5.943540096282959,8.050161361694336,2.106621265411377,P9Aw8OkCZd4.wav,p232_285.wav
0,2.5779665,2.144320487976074,0,0,0,0.6969323754310608,1.2510006427764893,0.5169364213943481,0.05089881643652916,-0.466037604957819,0DefiYiEF4E.wav,p232_326.wav
0,2.6402538,3.631277322769165,0,0,0,0.8622467517852783,1.346333622932434,4.955228805541992,6.135907173156738,1.180678367614746,XBWifeqlq6s.wav,p257_038.wav
0,2.3279476,3.906205177307129,0,0,0,0.5928680896759033,1.243261456489563,-14.079085350036621,-15.275896072387695,-1.1968107223510742,QUO4olgDVes.wav,p232_332.wav
0,3.0743346,4.475521087646484,0,0,0,0.9922473430633545,3.536529302597046,26.16082763671875,25.64911460876465,-0.5117130279541016,3a7001QgvG0.wav,p257_010.wav
0,2.9482174,3.93867564201355,0,0,0,0.9986647367477417,3.325490951538086,12.578740119934082,25.35721206665039,12.778471946716309,CIfMy9PFlz0.wav,p257_004.wav
0,2.2463317,2.1791677474975586,0,0,0,0.7095460295677185,1.199025273323059,-5.900190353393555,-5.288283824920654,0.6119065284729004,NnYfF7E12dk.wav,p232_124.wav
0,2.2695284,2.434544086456299,0,0,0,0.28731557726860046,1.1856884956359863,-18.055683135986328,-17.939319610595703,0.116363525390625,3zEWsAPEdd0.wav,p232_130.wav
0,2.3988593,2.022486925125122,0,0,0,0.40183934569358826,1.1967408657073975,-4.594819068908691,-5.498601913452148,-0.903782844543457,XPYxNXvrPNM.wav,p257_212.wav
0,2.3706906,2.7117629051208496,0,0,0,0.8707689046859741,1.5407297611236572,-2.1341371536254883,-1.1811671257019043,0.952970027923584,OuU7b128Jv0.wav,p232_118.wav
0,2.2705283,4.123490333557129,0,0,0,0.6931793689727783,1.4180346727371216,-14.42792797088623,1.4421206712722778,15.870048642158508,kZUzFVaeRMs.wav,p257_206.wav
0,2.2572086,2.027862071990967,0,0,0,0.4264821410179138,1.1376382112503052,-15.643656730651855,-16.42226791381836,-0.7786111831665039,tZdlTmEuf5M.wav,p257_210.wav
0,2.2326274,2.0527353286743164,0,0,0,0.8818915486335754,2.4298906326293945,3.952824592590332,16.2073974609375,12.254572868347168,2-1wY_Ndtgw.wav,p257_204.wav
0,2.2688372,2.5759167671203613,0,0,0,0.7731489539146423,1.3034838438034058,8.780813217163086,-1.0395680665969849,-9.82038128376007,L-FWhg4r7JA.wav,p232_126.wav
0,2.3697476,2.664745569229126,0,0,0,0.490867018699646,1.1590744256973267,-9.750554084777832,-11.219874382019043,-1.469320297241211,blqm5QygivU.wav,p257_238.wav
0,2.1125157,3.297510862350464,0,0,0,0.4900851845741272,1.1560300588607788,-14.226402282714844,-14.29504680633545,-0.06864452362060547,yh08ZIpNdo4.wav,p232_132.wav
0,2.298053,4.038719177246094,0,0,0,0.3827963173389435,1.1902308464050293,-14.078484535217285,-14.229961395263672,-0.15147686004638672,tWeLlu_buE0.wav,p257_012.wav
0,2.7961838,2.8488850593566895,0,0,0,0.7333754301071167,1.2621790170669556,-4.5041656494140625,-4.46732234954834,0.036843299865722656,3h6qNbPd0rY.wav,p232_318.wav
0,2.368119,2.6086909770965576,0,0,0,0.8466182947158813,1.8338582515716553,13.412337303161621,0.3437914252281189,-13.068545877933502,Wvym4eszpik.wav,p257_006.wav
0,3.0029862,4.221588134765625,0,0,0,0.9125545024871826,2.00327205657959,23.436044692993164,15.79076862335205,-7.645276069641113,bMRzBj7vqWY.wav,p232_324.wav
0,2.5912292,3.1616218090057373,0,0,0,0.9281371235847473,1.8363779783248901,14.887404441833496,7.760363578796387,-7.127040863037109,mYsjO2kEXRA.wav,p232_330.wav
0,3.0230563,4.482494354248047,0,0,0,0.979569137096405,3.74433970451355,25.7127742767334,22.735443115234375,-2.9773311614990234,NlmTOFjtPpQ.wav,p257_199.wav
0,3.089279,3.379798412322998,0,0,0,0.8985528349876404,1.9134724140167236,9.725044250488281,14.34609317779541,4.621048927307129,cAJRD12KObA.wav,p232_293.wav
0,2.2896924,3.3254940509796143,0,0,0,0.3138861358165741,1.1654586791992188,-13.956578254699707,-15.654583930969238,-1.6980056762695312,nCREOM7DmY8.wav,p232_287.wav
0,2.4451478,2.8285889625549316,0,0,0,0.9448018074035645,2.0888803005218506,-5.543320178985596,23.808759689331055,29.35207986831665,WkkupA-yRvY.wav,p257_166.wav
0,2.9110463,2.275261878967285,0,0,0,0.9863137006759644,3.8245906829833984,21.14409828186035,15.960131645202637,-5.183966636657715,eW8blcdeixc.wav,p232_278.wav
0,3.0137813,4.442779541015625,0,0,0,0.823065996170044,1.5306751728057861,9.990996360778809,6.599330425262451,-3.3916659355163574,s7QetgNncv4.wav,p257_172.wav
0,2.7255592,3.362529993057251,0,0,0,0.8726720213890076,1.3054907321929932,11.801517486572266,9.544443130493164,-2.2570743560791016,vqodL2vPir8.wav,p232_250.wav
0,2.5109646,2.0753297805786133,0,0,0,0.8094360828399658,1.596086025238037,2.2362332344055176,7.092381954193115,4.856148719787598,D--na00Jg5Q.wav,p232_244.wav
0,3.2723637,4.390567779541016,0,0,0,0.9915741086006165,3.1584765911102295,23.986888885498047,25.050718307495117,1.0638294219970703,Kp55ahSMeJY.wav,p232_091.wav
0,2.444082,3.3695497512817383,0,0,0,0.4807949960231781,1.1511049270629883,-10.664092063903809,-14.665024757385254,-4.000932693481445,NPCSVxYpK3k.wav,p232_085.wav
0,2.3940582,3.008551597595215,0,0,0,0.38995662331581116,1.2151217460632324,-14.95336627960205,-15.808699607849121,-0.8553333282470703,E9hGRyy_m04.wav,p257_402.wav
0,2.500538,2.987550735473633,0,0,0,0.5282462239265442,1.2026184797286987,-14.53123664855957,-14.553071022033691,-0.021834373474121094,0LPF76p5WSs.wav,p257_364.wav
0,2.1810787,2.5561490058898926,0,0,0,0.39763879776000977,1.1561261415481567,-12.016573905944824,-12.377524375915527,-0.3609504699707031,0obQ_a6Cm-c.wav,p257_370.wav
0,2.54944,3.401549816131592,0,0,0,0.7850479483604431,1.1506927013397217,0.9897406101226807,2.1323721408843994,1.1426315307617188,8HA3zVZ_g4Y.wav,p257_416.wav
0,2.587233,2.2356820106506348,0,0,0,0.7062670588493347,1.4127705097198486,-1.4158761501312256,8.431106567382812,9.846982717514038,_97xkAkbwxQ.wav,p232_052.wav
0,2.3680623,2.6288270950317383,0,0,0,0.9024206399917603,2.3718996047973633,12.26243782043457,20.539352416992188,8.276914596557617,EpOxIPicC7U.wav,p257_358.wav
0,2.1734269,2.418657064437866,0,0,0,0.4250399172306061,1.2302322387695312,-14.3340482711792,-14.861068725585938,-0.5270204544067383,ZtLhqUJzd0g.wav,p232_046.wav
0,3.0089128,3.070704221725464,0,0,0,0.9596580266952515,1.9887241125106812,12.181405067443848,11.359419822692871,-0.8219852447509766,v7doS4KQ13U.wav,p232_047.wav
0,3.253636,3.8601162433624268,0,0,0,0.9830384254455566,3.288923740386963,21.253509521484375,19.26913070678711,-1.9843788146972656,egOBhLNMnTo.wav,p232_053.wav
0,3.1474705,4.107036113739014,0,0,0,0.9690434336662292,3.3823702335357666,25.55645751953125,29.469985961914062,3.9135284423828125,d9dnxyTC3vE.wav,p257_359.wav
0,2.1081154,4.450915813446045,0,0,0,0.42523542046546936,1.197831392288208,-14.143454551696777,-12.735434532165527,1.40802001953125,t7uMx5EU-Rg.wav,p257_371.wav
0,3.6790998,4.353100776672363,0,0,0,0.9949306845664978,3.63512921333313,24.600181579589844,25.046966552734375,0.44678497314453125,1aEh44p0EqY.wav,p257_417.wav
0,3.1654437,4.460536956787109,0,0,0,0.9729908108711243,3.8975868225097656,9.15764331817627,19.358631134033203,10.200987815856934,tr5tseMOitc.wav,p257_403.wav
0,2.2040913,4.175994873046875,0,0,0,0.3759603500366211,1.1356678009033203,-14.396681785583496,-13.882651329040527,0.5140304565429688,r8k8It_hM0A.wav,p257_365.wav
0,2.2211814,4.609960079193115,0,0,0,0.34873488545417786,1.3061810731887817,-18.239498138427734,-20.754701614379883,-2.5152034759521484,W4zrB652Po4.wav,p232_084.wav
0,2.352136,3.305121898651123,0,0,0,0.33294859528541565,1.1750850677490234,-15.650372505187988,-15.754877090454102,-0.10450458526611328,Zgrt23ZztJo.wav,p232_090.wav
0,2.9689045,2.583577871322632,0,0,0,0.9339044690132141,1.464611530303955,18.38787841796875,15.27670669555664,-3.1111717224121094,tfwZlNbZKnQ.wav,p232_245.wav
0,2.813427,2.9143426418304443,0,0,0,0.8314899802207947,1.1110312938690186,-5.257497787475586,-4.714882850646973,0.5426149368286133,d8_7lrOjTVg.wav,p232_251.wav
0,2.3570733,2.0026071071624756,0,0,0,0.7056469321250916,1.1895833015441895,-14.126962661743164,-17.998435974121094,-3.8714733123779297,7IVNIcOntfo.wav,p232_279.wav
0,3.2619472,3.501156806945801,0,0,0,0.7686697840690613,1.6645820140838623,8.641401290893555,3.7155919075012207,-4.925809383392334,6cQbxwbBqqI.wav,p257_173.wav
0,2.4352627,4.181994438171387,0,0,0,0.44346243143081665,1.1760292053222656,-13.685395240783691,-14.664956092834473,-0.9795608520507812,aSP7DDY1lz4.wav,p257_167.wav
0,3.03459,2.831101417541504,0,0,0,0.8030168414115906,1.1614677906036377,-10.143357276916504,-9.979545593261719,0.16381168365478516,_KaRkSyELy4.wav,p232_286.wav
0,2.0660775,2.5676991939544678,0,0,0,0.6465800404548645,1.4174983501434326,-15.411555290222168,3.0960333347320557,18.507588624954224,ptHxsI2bt5g.wav,p257_198.wav
0,2.9483278,4.992362976074219,0,0,0,0.9668034911155701,1.6289836168289185,14.643671989440918,12.806756019592285,-1.8369159698486328,3YqNm3QaCjk.wav,p232_292.wav
0,2.3944995,2.945842742919922,0,0,0,0.8113306760787964,1.1831588745117188,-15.359274864196777,-17.01874542236328,-1.659470558166504,RB9xMnuB59A.wav,p232_331.wav
0,2.19896,2.6844558715820312,0,0,0,0.4479534924030304,1.174198031425476,-10.594782829284668,-15.58352279663086,-4.988739967346191,07mS0mSTDjY.wav,p232_325.wav
0,2.3642864,3.4499340057373047,0,0,0,0.3410767614841461,1.1399710178375244,-23.133724212646484,-23.462303161621094,-0.3285789489746094,kkdZ_qz_Rjw.wav,p257_007.wav
0,3.046224,4.425893783569336,0,0,0,0.9715881943702698,3.2185380458831787,21.095186233520508,20.82379913330078,-0.27138710021972656,s_nzvDUPsCU.wav,p257_013.wav
0,2.1392424,3.2965264320373535,0,0,0,0.40053591132164,1.1585384607315063,-12.642176628112793,-13.001337051391602,-0.3591604232788086,jIE4UYtolbE.wav,p232_319.wav
0,2.347377,2.004258155822754,0,0,0,0.33851176500320435,1.2365816831588745,-9.820528030395508,-6.591566562652588,3.22896146774292,FjiCMXDhUas.wav,p257_239.wav
0,3.174284,3.8166580200195312,0,0,0,0.9657350182533264,2.2805137634277344,18.603769302368164,16.2596378326416,-2.3441314697265625,hiOjqskDlS0.wav,p232_133.wav
0,2.69218,2.126002550125122,0,0,0,0.21150341629981995,1.1876013278961182,-15.011216163635254,-13.251097679138184,1.7601184844970703,SNIFfgGtMGY.wav,p232_127.wav
0,2.5291753,3.0143377780914307,0,0,0,0.8481048941612244,1.5705676078796387,11.336686134338379,10.115517616271973,-1.2211685180664062,7oGd1ucd8r0.wav,p257_205.wav
0,2.0918581,3.8074872493743896,0,0,0,0.3618394434452057,1.2233182191848755,-15.680696487426758,-19.647769927978516,-3.967073440551758,P6StWdHAPo0.wav,p257_211.wav
0,2.4887347,2.528519630432129,0,0,0,0.3412609100341797,1.1364798545837402,7.174614906311035,-16.651832580566406,-23.82644748687744,zDDk-pJWrJ0.wav,p257_229.wav
0,2.5749114,2.0083656311035156,0,0,0,0.3236503601074219,1.3115954399108887,12.324271202087402,-18.414432525634766,-30.738703727722168,FuqquDb_Ffs.wav,p232_123.wav
0,3.6429963,4.444647789001465,0,0,0,0.9762893319129944,3.1952173709869385,15.534828186035156,15.651700973510742,0.11687278747558594,clC3ld6rJVU.wav,p232_137.wav
0,2.469864,3.2973814010620117,0,0,0,0.7000176310539246,1.2007057666778564,1.0325117111206055,1.6426119804382324,0.610100269317627,voHJul8HHVE.wav,p257_215.wav
0,2.1209438,3.221907615661621,0,0,0,0.4007529020309448,1.197619915008545,-14.751439094543457,-14.64039134979248,0.11104774475097656,kIsSabuOpJI.wav,p257_201.wav
0,2.7113667,2.0960888862609863,0,0,0,0.5727611184120178,1.1311218738555908,-16.283836364746094,-17.379779815673828,-1.0959434509277344,vSrP2g8zUoY.wav,p232_321.wav
0,2.117354,3.479556083679199,0,0,0,0.3402276933193207,1.162668228149414,-14.273658752441406,-14.125325202941895,0.14833354949951172,hHQZepALpHQ.wav,p232_335.wav
0,2.5176423,2.960803985595703,0,0,0,0.8465827107429504,1.4603015184402466,12.370049476623535,18.986957550048828,6.616908073425293,ZuJIlrPZeWE.wav,p257_017.wav
0,2.544552,2.0034565925598145,0,0,0,0.4665546715259552,1.2302464246749878,-15.28844165802002,-17.286033630371094,-1.9975919723510742,rgg378LXd9k.wav,p257_003.wav
0,2.3735883,2.6534013748168945,0,0,0,0.9017585515975952,1.2138543128967285,1.9899646043777466,8.749224662780762,6.759260058403015,qz-7dEyYYDI.wav,p232_309.wav
0,2.8318799,3.984205722808838,0,0,0,0.7806182503700256,1.5086395740509033,4.023294925689697,6.485153675079346,2.4618587493896484,i87x_HA3Um4.wav,p232_296.wav
0,2.3215165,3.17925763130188,0,0,0,0.8335819840431213,1.5391502380371094,-5.618536949157715,8.021364212036133,13.639901161193848,ee0r3sqbrxI.wav,p257_188.wav
0,2.7199702,4.160070896148682,0,0,0,0.9716113805770874,2.54581356048584,12.143837928771973,23.9845027923584,11.840664863586426,k7MYn0Y9pyY.wav,p232_282.wav
0,2.2012324,3.0272531509399414,0,0,0,0.785366952419281,1.2308754920959473,-16.66278076171875,-16.934585571289062,-0.2718048095703125,xHYs_58hXfg.wav,p232_255.wav
0,2.1169407,2.007741689682007,0,0,0,0.6130341291427612,1.41818368434906,-14.6036376953125,-15.877267837524414,-1.273630142211914,QpJmRqY4KxE.wav,p232_241.wav
0,2.9954932,3.3083324432373047,0,0,0,0.38123229146003723,1.262148380279541,-12.621991157531738,-11.529728889465332,1.0922622680664062,6XN9trtsQGo.wav,p232_269.wav
0,2.693607,4.563305854797363,0,0,0,0.741023063659668,1.2017673254013062,-8.825495719909668,0.1874193251132965,9.012915045022964,EB6l4sGiyOE.wav,p257_163.wav
0,3.0012374,4.350656509399414,0,0,0,0.8578610420227051,2.6724534034729004,10.717391014099121,16.15713882446289,5.4397478103637695,oYrnNi0n-hk.wav,p257_177.wav
0,2.9495397,4.387889862060547,0,0,0,0.9692251682281494,2.6498818397521973,16.834598541259766,18.774612426757812,1.9400138854980469,MCUOvhqC4jE.wav,p232_094.wav
0,2.649978,4.083112716674805,0,0,0,0.9254164099693298,1.626162052154541,2.4778823852539062,15.073141098022461,12.595258712768555,DttfAYeS3C0.wav,p232_080.wav
0,2.3837924,3.1500964164733887,0,0,0,0.3713332712650299,1.2846052646636963,-15.95003604888916,-18.496807098388672,-2.5467710494995117,28_dI7KHIf0.wav,p232_057.wav
0,2.978524,2.353644371032715,0,0,0,0.8379681706428528,1.2570232152938843,-9.239103317260742,3.450773239135742,12.689876556396484,IMwnzPo49IQ.wav,p232_043.wav
0,3.3071277,2.3328306674957275,0,0,0,0.9381800889968872,1.8388903141021729,8.584567070007324,3.187088966369629,-5.397478103637695,5TzDcdFw3V8.wav,p257_349.wav
0,2.204641,2.2889857292175293,0,0,0,0.32990312576293945,1.2955363988876343,-12.939824104309082,-14.646305084228516,-1.7064809799194336,Rg0HE_P3_4I.wav,p257_361.wav
0,2.0929525,2.56958270072937,0,0,0,0.42236676812171936,1.2264182567596436,-14.365705490112305,-14.705078125,-0.3393726348876953,co70MNG6JiU.wav,p257_407.wav
0,2.71452,4.299940586090088,0,0,0,0.8398076891899109,1.5025396347045898,1.2156836986541748,3.2541561126708984,2.0384724140167236,Na-NDcdjEik.wav,p257_413.wav
0,2.2284138,2.7573037147521973,0,0,0,0.41084665060043335,1.163580298423767,-14.279179573059082,-15.304368019104004,-1.0251884460449219,4NsZiH4WkOo.wav,p257_375.wav
0,2.296466,3.9944005012512207,0,0,0,0.778070330619812,1.2174525260925293,-15.211071968078613,-13.660778999328613,1.55029296875,pLqvYlIX9MU.wav,p257_412.wav
0,2.2366583,2.208433151245117,0,0,0,0.45026925206184387,1.1918745040893555,-10.973867416381836,-11.990296363830566,-1.0164289474487305,UjQWlJlL0Kg.wav,p257_374.wav
0,2.3107908,2.4747493267059326,0,0,0,0.46688205003738403,1.1452782154083252,-15.368327140808105,-10.78955364227295,4.578773498535156,iLSF544ELcg.wav,p257_360.wav
0,2.2614644,3.887740135192871,0,0,0,0.36062750220298767,1.1371747255325317,-14.866701126098633,-17.06761932373047,-2.200918197631836,NJ9MpvYoZHA.wav,p257_406.wav
0,2.2517295,4.389892578125,0,0,0,0.5810865163803101,1.1959562301635742,-4.967655658721924,0.45231834053993225,5.419973999261856,jaCPQAwkYe0.wav,p232_042.wav
0,3.4232624,3.5839033126831055,0,0,0,0.8834508657455444,2.2990009784698486,2.729872465133667,16.689868927001953,13.959996461868286,HQ9HlWProm0.wav,p257_348.wav
0,2.376178,3.572699546813965,0,0,0,0.22975905239582062,1.1486186981201172,-12.399683952331543,-13.289657592773438,-0.8899736404418945,aqozZzRbHVg.wav,p232_056.wav
0,2.411194,2.082014799118042,0,0,0,0.477377325296402,1.166398286819458,-14.959338188171387,-15.4008150100708,-0.44147682189941406,QHWuQj95SYw.wav,p232_081.wav
0,2.4751153,4.474235534667969,0,0,0,0.9301962852478027,1.9461604356765747,7.005455493927002,15.946728706359863,8.941273212432861,SbeAv16sVCk.wav,p232_095.wav
0,2.3875484,2.0445480346679688,0,0,0,0.41841891407966614,1.132493495941162,10.788823127746582,-16.634105682373047,-27.42292881011963,mU8J0PSY28I.wav,p257_176.wav
0,2.7061932,2.865715742111206,0,0,0,0.5992116332054138,1.2656413316726685,-12.456337928771973,-16.888587951660156,-4.432250022888184,FAX8Twagbvg.wav,p232_268.wav
0,2.4657605,2.0208184719085693,0,0,0,0.42991751432418823,1.1454441547393799,-5.434653282165527,-17.637474060058594,-12.202820777893066,2WvKqN2NrEA.wav,p257_162.wav
0,2.293532,3.4535903930664062,0,0,0,0.20135900378227234,1.2016438245773315,-16.104135513305664,-17.624588012695312,-1.5204524993896484,4OUFnQ1ig7g.wav,p232_240.wav
0,2.9126194,2.907055616378784,0,0,0,0.940189778804779,1.4519381523132324,9.050792694091797,11.707545280456543,2.656752586364746,M40-EpN3I78.wav,p232_254.wav
0,2.3411324,2.7020936012268066,0,0,0,0.7666874527931213,1.3552775382995605,-2.3845672607421875,-2.2188382148742676,0.16572904586791992,ZYjtrPCAlTU.wav,p257_189.wav
0,3.173475,4.479220867156982,0,0,0,0.991051435470581,3.9369277954101562,26.649168014526367,24.92587661743164,-1.7232913970947266,i6pBBhEa8OY.wav,p232_283.wav
0,2.958344,3.56862211227417,0,0,0,0.8713191151618958,1.8735761642456055,2.1769161224365234,5.9732513427734375,3.796335220336914,vjcfIZ0SWew.wav,p232_297.wav
0,2.2251267,3.4718194007873535,0,0,0,0.07866152375936508,1.1855376958847046,-17.86848258972168,-18.99028968811035,-1.1218070983886719,AchH6Qd0htw.wav,p257_002.wav
0,2.222846,4.181114673614502,0,0,0,0.7717673778533936,1.244905710220337,-15.18338394165039,2.8300278186798096,18.0134117603302,5LK5QxIu8xw.wav,p232_308.wav
0,2.534106,3.1062660217285156,0,0,0,0.5215260982513428,1.276771068572998,-17.566831588745117,-15.366337776184082,2.200493812561035,Me5oFWrV6cg.wav,p257_016.wav
0,2.2640526,2.5835025310516357,0,0,0,0.6361016035079956,1.4913899898529053,-14.493365287780762,-14.601531982421875,-0.10816669464111328,4vhbTJ-LsdY.wav,p232_334.wav
0,2.158646,3.1170196533203125,0,0,0,0.8334146738052368,1.6926668882369995,-2.289293050765991,16.905170440673828,19.19446349143982,D14QMp6dz0U.wav,p232_320.wav
0,2.4024422,2.296396255493164,0,0,0,0.763317346572876,1.1281965970993042,-2.1464345455169678,0.3370230495929718,2.4834575951099396,pZc88RfF6Tg.wav,p257_200.wav
0,2.4640133,4.705407619476318,0,0,0,0.8282569646835327,1.282498836517334,-1.2790570259094238,1.8178199529647827,3.0968769788742065,y9LrPC3Qv3A.wav,p257_214.wav
0,2.412157,2.5360028743743896,0,0,0,0.8178634643554688,1.33763587474823,-14.589242935180664,-15.929388999938965,-1.3401460647583008,LiehcxCYdIo.wav,p232_136.wav
0,2.4082892,3.2879912853240967,0,0,0,0.32740992307662964,1.1719356775283813,-14.821900367736816,-17.25867462158203,-2.436774253845215,v5qpjASGr-Y.wav,p257_228.wav
0,2.3371456,2.8288533687591553,0,0,0,0.34903034567832947,1.2285491228103638,-7.137622833251953,-13.146388053894043,-6.00876522064209,_uQJBxWQTDg.wav,p232_134.wav
0,2.268473,3.751870632171631,0,0,0,0.4784015715122223,1.1648240089416504,-9.435616493225098,-12.8467378616333,-3.411121368408203,4Pc9rWewLIY.wav,p232_120.wav
0,3.1833286,3.148688793182373,0,0,0,0.9726229310035706,3.509330987930298,19.94921112060547,20.678714752197266,0.7295036315917969,OKRsL5jVyfc.wav,p257_202.wav
0,2.4340112,2.126373529434204,0,0,0,0.2376536726951599,1.122972011566162,-15.461566925048828,-15.734625816345215,-0.2730588912963867,Q0-CI3XJvxw.wav,p232_108.wav
0,2.6652904,2.3574345111846924,0,0,0,0.8894021511077881,1.220372200012207,17.109344482421875,-0.9859045743942261,-18.0952490568161,1DxLwZhTj0A.wav,p257_216.wav
0,2.1434417,3.1101810932159424,0,0,0,0.4083980917930603,1.1382709741592407,-14.323079109191895,-14.450726509094238,-0.12764739990234375,-p1M8lMslEg.wav,p232_336.wav
0,2.80884,4.4931440353393555,0,0,0,0.9700676798820496,1.8693981170654297,8.809972763061523,22.306987762451172,13.497014999389648,7LWEohTQ930.wav,p257_028.wav
0,3.5910556,3.525498390197754,0,0,0,0.9676002264022827,2.773545742034912,23.772693634033203,23.520282745361328,-0.252410888671875,PiuVtOemh9k.wav,p232_322.wav
0,2.2552612,2.8095688819885254,0,0,0,0.2793276011943817,1.1449778079986572,-15.226730346679688,-17.832820892333984,-2.606090545654297,F14rW59_lzU.wav,p257_014.wav
0,2.2609549,2.186021089553833,0,0,0,0.30967462062835693,1.183121681213379,-14.453766822814941,-16.983396530151367,-2.529629707336426,_eAZqi_DLpY.wav,p232_281.wav
0,3.0842614,3.443044662475586,0,0,0,0.9722895622253418,3.448378324508667,24.67481231689453,26.972732543945312,2.2979202270507812,QQRa033bdzE.wav,p232_295.wav
0,2.1828609,2.103797197341919,0,0,0,0.5756804347038269,1.1646991968154907,-14.11813735961914,-13.7249116897583,0.39322566986083984,Y8AB0YA4Jtw.wav,p232_242.wav
0,2.4918854,2.922232151031494,0,0,0,0.7168927192687988,1.5407209396362305,-10.415255546569824,-7.3981733322143555,3.0170822143554688,eVHnX7MrWNQ.wav,p257_148.wav
0,2.3624063,2.198920249938965,0,0,0,0.4340212047100067,1.1870545148849487,-14.403861045837402,-14.572619438171387,-0.16875839233398438,K3NnUTto8BU.wav,p232_256.wav
0,3.3757637,4.568683624267578,0,0,0,0.9521393775939941,2.119784355163574,11.968342781066895,19.541339874267578,7.572997093200684,Ojz0ypDbruI.wav,p257_174.wav
0,2.3676755,2.6086268424987793,0,0,0,0.5325183868408203,1.1564750671386719,18.382251739501953,-10.943055152893066,-29.32530689239502,mYHnQPDiatw.wav,p257_160.wav
0,2.5763147,2.579237461090088,0,0,0,0.9554276466369629,1.9399499893188477,17.36564826965332,19.407434463500977,2.0417861938476562,W65c_uSH4mg.wav,p257_389.wav
0,2.3624535,2.400883197784424,0,0,0,0.38932275772094727,1.2177201509475708,-12.552386283874512,-15.202750205993652,-2.6503639221191406,lADzLzhjqPw.wav,p232_083.wav
0,2.158853,2.4466392993927,0,0,0,0.4162062704563141,1.1963281631469727,-14.23143196105957,-15.448973655700684,-1.2175416946411133,rTSz2mDpLoo.wav,p232_097.wav
0,2.160568,2.0629444122314453,0,0,0,0.33746153116226196,1.2231557369232178,-13.872075080871582,-16.909183502197266,-3.0371084213256836,UhXKXjckLyY.wav,p232_040.wav
0,2.6458204,3.508995771408081,0,0,0,0.6080306768417358,1.1394959688186646,-13.468134880065918,-0.9939044713973999,12.474230408668518,SP7hOd7odrs.wav,p232_054.wav
0,3.0085518,4.344802379608154,0,0,0,0.9379650354385376,2.496659755706787,9.08365249633789,16.54896354675293,7.465311050415039,s0fa2bFsEuU.wav,p257_376.wav
0,2.2279892,4.396334171295166,0,0,0,0.4228748381137848,1.1800267696380615,-14.413963317871094,-14.180798530578613,0.23316478729248047,PoyzMQNhNiI.wav,p257_410.wav
0,2.235496,2.125890016555786,0,0,0,0.49428969621658325,1.1324007511138916,-8.87487506866455,-7.137779712677002,1.7370953559875488,bKPNoeHvS3U.wav,p232_068.wav
0,2.483467,3.1531758308410645,0,0,0,0.46990105509757996,1.156175136566162,-15.978617668151855,-9.985479354858398,5.993138313293457,SIa9tdDXkGg.wav,p257_404.wav
0,2.1376112,3.5498735904693604,0,0,0,0.4238593578338623,1.1484885215759277,-11.497798919677734,-14.458037376403809,-2.960238456726074,49lMU8vaS88.wav,p257_362.wav
0,1.9416262,2.1498076915740967,0,0,0,0.21668052673339844,1.1474804878234863,-15.383091926574707,-16.956722259521484,-1.5736303329467773,Ak4Ld5mMqVI.wav,p257_405.wav
0,2.3325717,2.175663948059082,0,0,0,0.3766440749168396,1.2800168991088867,-14.196630477905273,-14.76125431060791,-0.5646238327026367,ExqedxdXuBc.wav,p232_069.wav
0,2.9442742,3.4627647399902344,0,0,0,0.8853113055229187,1.5823900699615479,6.652056694030762,2.7742364406585693,-3.8778202533721924,RU0V9LTH0SI.wav,p257_363.wav
0,3.0254862,4.3203511238098145,0,0,0,0.9665370583534241,3.2483062744140625,23.27378273010254,19.27597427368164,-3.9978084564208984,oGm7oejivn0.wav,p257_377.wav
0,2.3371012,2.802349090576172,0,0,0,0.8326667547225952,2.388047218322754,3.7834529876708984,20.6390438079834,16.8555908203125,2dsY_AHDFc8.wav,p257_411.wav
0,2.7587152,2.1232149600982666,0,0,0,0.7425380349159241,1.363323450088501,-7.9293341636657715,-1.5689078569412231,6.360426306724548,WvaIypMvAHY.wav,p232_055.wav
0,2.2840285,2.6866440773010254,0,0,0,0.18299373984336853,1.1251322031021118,-15.104538917541504,-17.63665008544922,-2.532111167907715,q2q1MQAuOnE.wav,p232_041.wav
0,3.219946,3.953249454498291,0,0,0,0.9664037823677063,2.4220528602600098,20.383686065673828,20.13287353515625,-0.2508125305175781,8Y3pAqq5s0E.wav,p232_096.wav
0,2.3606055,2.003309726715088,0,0,0,0.29741883277893066,1.2320284843444824,-15.859786033630371,-18.287200927734375,-2.427414894104004,56TlPzJLBAg.wav,p257_388.wav
0,2.4287932,4.117520332336426,0,0,0,0.7683945894241333,1.2218784093856812,-2.8407669067382812,2.145040988922119,4.9858078956604,Dx9Mh8_fpD8.wav,p232_082.wav
0,2.216418,3.1543691158294678,0,0,0,0.7093162536621094,1.3392143249511719,9.148488998413086,-1.5647534132003784,-10.713242411613464,tzBL-_OTnNw.wav,p257_161.wav
0,2.5471766,2.191645383834839,0,0,0,0.8748281598091125,1.3185255527496338,10.81098461151123,6.739017486572266,-4.071967124938965,5iP_VuJCZtw.wav,p257_175.wav
0,2.2466252,2.970020055770874,0,0,0,0.4468068778514862,1.160866618156433,-11.749159812927246,-17.0465145111084,-5.297354698181152,1e-TMhmrgwQ.wav,p232_257.wav
0,2.8667545,4.378324031829834,0,0,0,0.8366788029670715,1.297263503074646,7.724026679992676,8.789934158325195,1.0659074783325195,cKtK2T7FGa4.wav,p232_243.wav
0,2.2283576,4.457935810089111,0,0,0,0.44566813111305237,1.125226378440857,-3.303586483001709,-18.819988250732422,-15.516401767730713,LL3MRwcLj0g.wav,p257_149.wav
0,2.5220418,2.0079338550567627,0,0,0,0.6095452904701233,1.239115834236145,-12.675284385681152,-14.979874610900879,-2.3045902252197266,JNM2tV3PA_8.wav,p232_294.wav
0,2.878351,2.1299595832824707,0,0,0,0.5989426970481873,1.1220537424087524,-5.397006988525391,-6.874027252197266,-1.477020263671875,hyBnFl57dwA.wav,p232_280.wav
0,2.477485,2.072172164916992,0,0,0,0.8371114134788513,1.8295799493789673,17.24285316467285,7.876433372497559,-9.366419792175293,DiVHBtHrr7I.wav,p257_015.wav
0,2.22165,2.5332047939300537,0,0,0,0.3587728440761566,1.1606574058532715,-17.222698211669922,-17.108753204345703,0.11394500732421875,U5WDJVVrRMM.wav,p257_001.wav
0,3.1068764,3.7536559104919434,0,0,0,0.9801753163337708,2.6833600997924805,6.15540885925293,9.35219669342041,3.1967878341674805,ELSDh7LPMRc.wav,p257_029.wav
0,2.4264014,3.7943077087402344,0,0,0,0.9901105761528015,3.566150426864624,17.550886154174805,25.54230499267578,7.991418838500977,RbshfHVQZGI.wav,p232_323.wav
0,2.356425,2.25944185256958,0,0,0,0.688718318939209,1.1832555532455444,-7.475878715515137,3.454120635986328,10.929999351501465,03kFLTZguBs.wav,p232_337.wav
0,2.3221269,4.332099914550781,0,0,0,0.29828986525535583,1.139644742012024,-16.115253448486328,-15.648361206054688,0.4668922424316406,BS5Ou46incw.wav,p257_217.wav
0,2.4684293,4.4025421142578125,0,0,0,0.3973675072193146,1.1776034832000732,10.05797290802002,-16.415800094604492,-26.47377300262451,YWkAxIhpRzk.wav,p257_203.wav
0,2.9173088,4.347146987915039,0,0,0,0.9951346516609192,2.2681291103363037,10.243966102600098,16.205429077148438,5.96146297454834,UjelVJif6-w.wav,p232_109.wav
0,2.3241363,3.068561553955078,0,0,0,0.6136296391487122,1.1459540128707886,-1.3410128355026245,-0.8141719102859497,0.5268409252166748,MbKkOpo09iI.wav,p232_121.wav
0,2.4764235,4.612654209136963,0,0,0,0.946844756603241,1.8762423992156982,4.577787399291992,12.167789459228516,7.590002059936523,HwZTVoU-alM.wav,p232_135.wav
0,2.2264268,2.2650911808013916,0,0,0,0.43622684478759766,1.1568503379821777,-15.417365074157715,-16.223953247070312,-0.8065881729125977,P_F6WgkjhlQ.wav,p232_191.wav
0,2.6954916,2.449723720550537,0,0,0,0.9579705595970154,1.6697630882263184,9.4404878616333,16.760129928588867,7.319642066955566,CYR7OUgHoy8.wav,p232_185.wav
0,2.3234544,2.746319532394409,0,0,0,0.6802046298980713,1.116669774055481,-9.045506477355957,0.43339261412620544,9.478899091482162,3X4t1yXiR64.wav,p257_264.wav
0,2.309841,4.011756896972656,0,0,0,0.4035027027130127,1.2075241804122925,-14.207709312438965,-14.968281745910645,-0.7605724334716797,557OlEphA08.wav,p257_270.wav
0,2.2992508,2.6783690452575684,0,0,0,0.5573409199714661,1.2226347923278809,-13.972258567810059,-15.725656509399414,-1.7533979415893555,Bkq1PAyGuZY.wav,p257_258.wav
0,2.6281888,2.7760910987854004,0,0,0,0.4767206311225891,1.1642563343048096,-14.378249168395996,-16.113216400146484,-1.7349672317504883,iJ-Yf2qIHPQ.wav,p232_152.wav
0,2.3719494,4.506737232208252,0,0,0,0.2923267185688019,1.125154733657837,-15.327519416809082,-15.71985912322998,-0.39233970642089844,VzGpcEts6Gk.wav,p232_146.wav
0,2.254425,3.7935357093811035,0,0,0,0.5143173336982727,1.1886658668518066,-14.928661346435547,-16.47756576538086,-1.5489044189453125,jMgWltYotBQ.wav,p232_393.wav
0,2.230502,2.1625027656555176,0,0,0,0.49439990520477295,1.2672295570373535,-15.199479103088379,-14.38782024383545,0.8116588592529297,Qt1aCUq51ns.wav,p257_099.wav
0,2.3754692,2.6082210540771484,0,0,0,0.9105515480041504,1.2360124588012695,-9.607712745666504,0.6512939929962158,10.25900673866272,hsmmsNacS7k.wav,p232_387.wav
0,2.2066028,2.8133745193481445,0,0,0,0.32835206389427185,1.1215554475784302,-15.680922508239746,-17.006351470947266,-1.3254289627075195,uLoqUGL9RK8.wav,p257_066.wav
0,2.2604966,3.197664499282837,0,0,0,0.4916025698184967,1.2279067039489746,0.15341714024543762,4.363954544067383,4.210537403821945,KilZgciNzmw.wav,p257_072.wav
0,2.3538544,4.570343971252441,0,0,0,0.7902127504348755,1.1889923810958862,-2.9916651248931885,3.8318302631378174,6.823495388031006,vhTWW5Bx15Q.wav,p232_378.wav
0,3.3745892,3.637160539627075,0,0,0,0.9917194843292236,3.9849116802215576,25.239669799804688,23.348613739013672,-1.8910560607910156,UC4-ZQoRxAA.wav,p232_350.wav
0,2.3016894,2.0072379112243652,0,0,0,0.6880384087562561,1.3751275539398193,-14.701201438903809,-16.29591941833496,-1.5947179794311523,-AIrHVeCgtM.wav,p232_344.wav
0,2.3238494,2.139132261276245,0,0,0,0.35962018370628357,1.1412538290023804,-14.713019371032715,-15.219002723693848,-0.5059833526611328,l7HJwsT-2eE.wav,p232_218.wav
0,2.280081,3.7790074348449707,0,0,0,0.24106569588184357,1.1402455568313599,-14.524724960327148,-15.34734058380127,-0.8226156234741211,pCecMtQGGEA.wav,p257_112.wav
0,2.3372371,3.577228546142578,0,0,0,0.3877663016319275,1.157369613647461,-16.55419921875,-16.28372573852539,0.2704734802246094,COUduwxlHCQ.wav,p257_106.wav
0,2.1283028,3.617933750152588,0,0,0,0.4413861930370331,1.1124217510223389,-16.575878143310547,-18.047832489013672,-1.471954345703125,err_odHDEGY.wav,p232_224.wav
0,2.310345,2.9663631916046143,0,0,0,0.15377293527126312,1.1604043245315552,-15.508862495422363,-17.70661163330078,-2.197749137878418,mU6cfEWw5Og.wav,p232_230.wav
0,2.354004,2.6678566932678223,0,0,0,0.408669650554657,1.2054613828659058,-10.288552284240723,-16.22637176513672,-5.937819480895996,ZRRcI5ksmVI.wav,p257_310.wav
0,2.7180486,4.428811073303223,0,0,0,0.4388609230518341,1.1590195894241333,-15.309021949768066,-15.91893196105957,-0.6099100112915039,hD2Y7yExIiI.wav,p257_304.wav
0,2.538792,3.7976856231689453,0,0,0,0.7505525946617126,1.3945528268814087,1.8577120304107666,2.5687408447265625,0.7110288143157959,BNJh10pkuAw.wav,p232_032.wav
0,2.8687603,4.381640434265137,0,0,0,0.9333930611610413,1.6807903051376343,2.2954492568969727,1.8351340293884277,-0.4603152275085449,5D9hddwhN_s.wav,p257_338.wav
0,2.2592726,3.410369873046875,0,0,0,0.7785356640815735,1.2433457374572754,-8.075716972351074,-3.6752140522003174,4.400502920150757,p4M4MV2IT88.wav,p232_033.wav
0,2.3706095,2.6691691875457764,0,0,0,0.2938830852508545,1.1561006307601929,-13.454431533813477,-16.927227020263672,-3.4727954864501953,BvrvcxN-s7k.wav,p257_339.wav
0,2.9510589,2.0045440196990967,0,0,0,0.6398991346359253,1.2007049322128296,-16.549924850463867,-16.635343551635742,-0.085418701171875,xX_FcFPaVi8.wav,p232_027.wav
0,2.2714825,3.326735734939575,0,0,0,0.43923065066337585,1.2094764709472656,-12.218764305114746,-14.460787773132324,-2.242023468017578,ytIa0WAvS_Y.wav,p257_305.wav
0,2.2636104,2.411817789077759,0,0,0,0.9160355925559998,1.5683258771896362,-3.2533535957336426,9.18469524383545,12.438048839569092,bkHRmze-Pvs.wav,p257_311.wav
0,3.129255,4.483198165893555,0,0,0,0.9740892052650452,2.840819835662842,16.456218719482422,12.241525650024414,-4.214693069458008,-yvcu2zXj54.wav,p232_231.wav
0,2.9857872,3.8719444274902344,0,0,0,0.8915961980819702,2.7565383911132812,15.2653169631958,15.48325252532959,0.21793556213378906,9tQWOFqQoIU.wav,p232_225.wav
0,2.2731373,2.64093279838562,0,0,0,0.34993427991867065,1.2230154275894165,-8.802462577819824,-14.51804256439209,-5.715579986572266,2TW5ZDk8_A0.wav,p257_107.wav
0,2.285977,3.8217899799346924,0,0,0,0.34292343258857727,1.1462324857711792,-13.965651512145996,-17.882633209228516,-3.9169816970825195,Pj6G2P59vdQ.wav,p232_219.wav
0,3.6031559,2.204261064529419,0,0,0,0.9326934814453125,1.9614295959472656,21.88062286376953,11.317529678344727,-10.563093185424805,XuTgmkG4WhE.wav,p257_113.wav
0,2.4536233,3.6260409355163574,0,0,0,0.267179936170578,1.1958577632904053,-13.976727485656738,-16.99382209777832,-3.017094612121582,YJyZriIF7fw.wav,p232_351.wav
0,2.541147,3.1949260234832764,0,0,0,0.8189331293106079,2.367422580718994,16.85669708251953,13.692549705505371,-3.16414737701416,Beg79kXQBRo.wav,p257_073.wav
0,2.411924,3.6194446086883545,0,0,0,0.7973509430885315,1.123252272605896,-9.428566932678223,-17.397911071777344,-7.969344139099121,R-tLy9DXLlI.wav,p232_379.wav
0,2.0805657,2.105865716934204,0,0,0,0.7744807600975037,1.1362597942352295,-14.712519645690918,-16.937210083007812,-2.2246904373168945,raQkEDa3xc4.wav,p257_067.wav
0,3.0839534,4.260737895965576,0,0,0,0.9908015131950378,2.729790687561035,22.775108337402344,20.74676513671875,-2.0283432006835938,QGs16Ei3yjw.wav,p232_386.wav
0,2.3014321,3.731287956237793,0,0,0,0.25999295711517334,1.1190283298492432,-15.570921897888184,-14.797815322875977,0.773106575012207,rH3ELJhPssI.wav,p232_392.wav
0,2.3496115,4.513355255126953,0,0,0,0.7623133063316345,1.3306330442428589,-10.719191551208496,-11.027557373046875,-0.3083658218383789,cNUkJWXUJ3k.wav,p257_098.wav
0,2.6520808,3.9195101261138916,0,0,0,0.9286849498748779,2.0129027366638184,16.56081199645996,10.630725860595703,-5.930086135864258,egwB_wWn2ZQ.wav,p232_147.wav
0,2.5573654,2.442828416824341,0,0,0,0.26606401801109314,1.1732327938079834,-11.295218467712402,-15.703143119812012,-4.407924652099609,7R3tP8wKBsg.wav,p257_259.wav
0,2.5545142,4.246548175811768,0,0,0,0.962600588798523,2.5206053256988525,20.545595169067383,18.600231170654297,-1.945363998413086,3TrTQ-tNGSo.wav,p232_153.wav
0,2.3816526,2.3847668170928955,0,0,0,0.7121027708053589,1.4689143896102905,8.615706443786621,4.775052547454834,-3.840653896331787,lld_AJcucqI.wav,p257_271.wav
0,2.3472462,4.3098859786987305,0,0,0,0.41106221079826355,1.1706669330596924,-9.908638954162598,-12.844200134277344,-2.935561180114746,dYVy7moyQCc.wav,p257_265.wav
0,2.2607572,2.235745906829834,0,0,0,0.5062221884727478,1.1939436197280884,-15.919288635253906,-8.315840721130371,7.603447914123535,UEyYtI-dlkY.wav,p232_184.wav
0,2.1530697,3.0532989501953125,0,0,0,0.371309757232666,1.1531684398651123,-14.474614143371582,-15.245213508605957,-0.770599365234375,OIQsUqLdzLo.wav,p232_190.wav
0,2.9966354,4.383355140686035,0,0,0,0.9582353830337524,2.4783759117126465,8.081493377685547,13.931347846984863,5.849854469299316,WMw6PG4caDU.wav,p232_186.wav
0,2.7189996,4.315064907073975,0,0,0,0.3201757073402405,1.130474328994751,-17.104402542114258,-16.811880111694336,0.2925224304199219,M1BjCyFR23w.wav,p257_298.wav
0,2.235767,3.375926971435547,0,0,0,0.5154403448104858,1.4200350046157837,-5.242682456970215,-6.169593811035156,-0.9269113540649414,BPMejKpojCU.wav,p257_273.wav
0,2.27144,3.716324806213379,0,0,0,0.43595510721206665,1.1500260829925537,-13.11060619354248,-4.153098106384277,8.957508087158203,RKsto2FmBzM.wav,p232_179.wav
0,2.318028,2.505727767944336,0,0,0,0.8493562936782837,1.1779135465621948,7.456057548522949,-6.073346138000488,-13.529403686523438,FYs6VpeUN_w.wav,p257_267.wav
0,2.8428843,4.2719011306762695,0,0,0,0.9371231198310852,2.361912727355957,10.646244049072266,12.48616886138916,1.8399248123168945,-g6_Qzkrmug.wav,p232_145.wav
0,2.7847447,4.455636978149414,0,0,0,0.9981464147567749,3.7874178886413574,13.626479148864746,26.21550750732422,12.589028358459473,NuD_cyf6GFM.wav,p232_151.wav
0,2.226894,3.0884921550750732,0,0,0,0.6030697226524353,1.2445229291915894,-11.273086547851562,-12.192503929138184,-0.9194173812866211,GUwBLItoJXk.wav,p232_384.wav
0,2.4210782,3.0413620471954346,0,0,0,0.4057047665119171,1.1759999990463257,-10.284158706665039,-14.91190242767334,-4.627743721008301,qxkDfyczXu8.wav,p232_390.wav
0,3.313044,4.340908527374268,0,0,0,0.9907407760620117,3.1971213817596436,14.413252830505371,18.853796005249023,4.440543174743652,jn5HHrCG9pg.wav,p257_071.wav
0,2.4069996,2.002443313598633,0,0,0,0.28434687852859497,1.1916433572769165,-15.797755241394043,-15.932950019836426,-0.1351947784423828,-S-Cn-IKlQw.wav,p232_409.wav
0,2.372509,2.879199981689453,0,0,0,0.23220762610435486,1.2117564678192139,-14.86684799194336,-15.016498565673828,-0.14965057373046875,PoJC_wjMSvI.wav,p257_065.wav
0,2.7054784,4.154323101043701,0,0,0,0.9231624007225037,2.321871757507324,10.643828392028809,14.196012496948242,3.5521841049194336,rmy3Pr0Ba7Q.wav,p232_347.wav
0,2.467449,2.5711331367492676,0,0,0,0.7030739188194275,1.3380167484283447,6.916271209716797,7.312944412231445,0.39667320251464844,qNMNRAbIDoU.wav,p257_059.wav
0,2.4390433,3.6031570434570312,0,0,0,0.943749189376831,2.292469024658203,10.362517356872559,15.232239723205566,4.869722366333008,bciw4Tqp6h4.wav,p232_353.wav
0,2.7033215,3.8590798377990723,0,0,0,0.39432936906814575,1.1634324789047241,-10.131842613220215,-12.60612964630127,-2.4742870330810547,hl2eOL4pvgk.wav,p257_105.wav
0,2.5342896,2.1189210414886475,0,0,0,0.6625717878341675,1.4411474466323853,10.136567115783691,9.671050071716309,-0.4655170440673828,oiZkgsZcQmY.wav,p257_111.wav
0,2.9637113,2.730825901031494,0,0,0,0.9764179587364197,2.1160621643066406,8.522479057312012,14.623910903930664,6.101431846618652,IJ6kzw3x510.wav,p257_139.wav
0,2.3624728,2.5413622856140137,0,0,0,0.747754693031311,1.7577729225158691,11.029093742370605,14.085413932800293,3.0563201904296875,6AyumUbU3VM.wav,p232_227.wav
0,3.0450356,4.974111557006836,0,0,0,0.9846940040588379,2.783450126647949,14.302255630493164,21.950428009033203,7.648172378540039,4EPy3x5w2JM.wav,p257_307.wav
0,2.3149228,2.5440220832824707,0,0,0,0.8294887542724609,1.3515424728393555,6.101564884185791,0.567607581615448,-5.533957302570343,4ZwGxgOwBUc.wav,p232_019.wav
0,3.4492238,4.280148983001709,0,0,0,0.9215809106826782,1.5552403926849365,3.537203311920166,9.36429500579834,5.827091693878174,H86WITYzENQ.wav,p257_313.wav
0,2.309364,2.2119216918945312,0,0,0,0.21197782456874847,1.1514285802841187,-16.749717712402344,-10.531584739685059,6.218132972717285,ZQqiypVYip8.wav,p232_031.wav
0,2.2755952,2.2873237133026123,0,0,0,0.4355723559856415,1.189719796180725,-12.68401050567627,-14.51921558380127,-1.835205078125,MjPIdaG5mKQ.wav,p232_025.wav
0,2.7277834,2.429733991622925,0,0,0,0.8284709453582764,1.1585643291473389,-2.912304639816284,2.8101181983947754,5.72242283821106,XuS3-gORs-o.wav,p232_024.wav
0,2.3549728,2.5289299488067627,0,0,0,0.32747337222099304,1.206000566482544,-13.270210266113281,-13.979565620422363,-0.709355354309082,PrO_fDY4GNs.wav,p232_030.wav
0,2.6471105,4.070828914642334,0,0,0,0.9885603785514832,3.7401180267333984,26.993942260742188,25.69325828552246,-1.3006839752197266,KBCFOaeH9XQ.wav,p257_312.wav
0,2.2561002,2.0089099407196045,0,0,0,0.5862938761711121,1.1876225471496582,-14.444129943847656,-16.608415603637695,-2.164285659790039,iW4gMn9MWcE.wav,p257_306.wav
0,2.8488333,4.432039737701416,0,0,0,0.9693220257759094,2.34765887260437,14.655318260192871,16.47199821472168,1.8166799545288086,55ZDN8PgkHA.wav,p232_226.wav
0,2.3401058,2.0205681324005127,0,0,0,0.4506254494190216,1.1258671283721924,-5.964006423950195,-13.991786003112793,-8.027779579162598,QdBf5MKpT2o.wav,p232_232.wav
0,2.9834597,3.740797996520996,0,0,0,0.9131794571876526,2.249518394470215,17.508209228515625,17.065235137939453,-0.4429740905761719,QU3OpxAo4hg.wav,p257_138.wav
0,2.2010696,2.8273870944976807,0,0,0,0.5035877227783203,1.1845240592956543,-14.472275733947754,-14.528721809387207,-0.056446075439453125,A-bGGHMIiIo.wav,p257_110.wav
0,2.7375782,2.874293565750122,0,0,0,0.24767030775547028,1.1045430898666382,-4.3358473777771,-15.862150192260742,-11.526302814483643,yi5UsatPrgQ.wav,p257_104.wav
0,2.6911767,3.792912006378174,0,0,0,0.9820098280906677,2.1762681007385254,8.665884971618652,13.946574211120605,5.280689239501953,z5ZTkC47q54.wav,p257_058.wav
0,2.171817,2.1380531787872314,0,0,0,0.6567254662513733,1.32325279712677,-12.786569595336914,-16.501312255859375,-3.714742660522461,B9K58KYq-Cs.wav,p232_352.wav
0,2.5039833,3.426323175430298,0,0,0,0.8244606256484985,1.1896485090255737,1.9919910430908203,8.139972686767578,6.147981643676758,ZCvGGuN8a9k.wav,p232_346.wav
0,2.3167388,2.381554126739502,0,0,0,0.5772901773452759,1.1316401958465576,-7.974238395690918,-5.393706321716309,2.5805320739746094,Sl07cCuOdqQ.wav,p257_064.wav
0,2.5212533,3.2172398567199707,0,0,0,0.9308655858039856,2.487116813659668,22.25811767578125,13.086220741271973,-9.171896934509277,uZZWqwLKJsQ.wav,p257_070.wav
0,2.3391697,3.0377731323242188,0,0,0,0.6376147270202637,1.2149097919464111,-14.43376350402832,-14.979944229125977,-0.5461807250976562,PZ2r_9eGTkc.wav,p232_391.wav
0,2.6137328,4.40276575088501,0,0,0,0.8091452717781067,1.470261573791504,6.775289058685303,7.878708839416504,1.1034197807312012,dL3JEQTmCWE.wav,p232_385.wav
0,3.1627247,4.33840799331665,0,0,0,0.9764344692230225,3.317835569381714,21.16452407836914,23.921228408813477,2.756704330444336,xjqt3sDAGdg.wav,p232_150.wav
0,2.062943,2.9108810424804688,0,0,0,0.17435882985591888,1.9427037239074707,11.178791999816895,-2.4837961196899414,-13.662588119506836,Oqi_AoWhFkY.wav,p232_144.wav
0,2.4760957,3.346287250518799,0,0,0,0.47016486525535583,1.1257126331329346,-14.91378116607666,-11.823019981384277,3.090761184692383,6xgrSnsFSnk.wav,p257_266.wav
0,3.1218057,4.391112327575684,0,0,0,0.9405009150505066,1.7830259799957275,8.768559455871582,10.690568923950195,1.9220094680786133,rui3kVWgTUc.wav,p257_272.wav
0,3.190543,4.629985332489014,0,0,0,0.9834022521972656,3.4059548377990723,21.331985473632812,19.693592071533203,-1.6383934020996094,ADjFIZCM-f0.wav,p232_178.wav
0,2.2081215,2.948410987854004,0,0,0,0.2544001042842865,1.1819322109222412,-14.772409439086914,-15.167031288146973,-0.3946218490600586,wsyb3aR-5Ik.wav,p232_193.wav
0,2.5412257,2.1496999263763428,0,0,0,0.43246951699256897,1.1480967998504639,-13.693989753723145,-15.297616958618164,-1.6036272048950195,DU4im26D6ts.wav,p257_299.wav
0,2.3834164,4.42128849029541,0,0,0,0.3574012815952301,1.2379006147384644,-14.263036727905273,-15.481124877929688,-1.218088150024414,a2ugthH2Urk.wav,p232_187.wav
0,2.1775165,4.41334342956543,0,0,0,0.9919680953025818,2.810743808746338,16.83163070678711,19.44607162475586,2.61444091796875,O7lB_d6v_eA.wav,p232_183.wav
0,3.0774982,2.7577457427978516,0,0,0,0.967034101486206,1.857456922531128,3.867988348007202,8.772778511047363,4.904790163040161,jLJzRd2yEAQ.wav,p257_289.wav
0,2.4596684,3.5430736541748047,0,0,0,0.5008280277252197,1.243476390838623,-14.722846031188965,-15.221728324890137,-0.4988822937011719,uRIzEtwt8MY.wav,p232_197.wav
0,2.442445,4.654354572296143,0,0,0,0.9300033450126648,2.16121244430542,7.534102916717529,9.060654640197754,1.5265517234802246,VImYbitqzU0.wav,p232_140.wav
0,2.6625683,2.702390193939209,0,0,0,0.4062640368938446,1.2496329545974731,-11.043387413024902,-15.094805717468262,-4.051418304443359,1ObaLGDunXY.wav,p232_154.wav
0,2.2285933,2.069000005722046,0,0,0,0.7832929491996765,1.4181658029556274,-6.164375305175781,-2.061749219894409,4.102626085281372,o4eDxGJISqM.wav,p257_276.wav
0,3.656768,4.201819896697998,0,0,0,0.9601260423660278,3.0680830478668213,23.790199279785156,22.455196380615234,-1.3350028991699219,kI-9tIW7_dw.wav,p257_262.wav
0,2.6684723,3.78737735748291,0,0,0,0.5316247940063477,1.1366407871246338,-4.688812255859375,-13.277318000793457,-8.588505744934082,ge4sIfBeiA8.wav,p232_381.wav
0,2.4447231,4.312486171722412,0,0,0,0.9070397019386292,1.567509412765503,3.0983734130859375,6.725480556488037,3.6271071434020996,--PJHxphWEs.wav,p257_048.wav
0,2.158745,2.0867743492126465,0,0,0,0.40595543384552,1.153113603591919,-14.473015785217285,-13.740588188171387,0.7324275970458984,n-ndePnWdjg.wav,p232_342.wav
0,3.187252,4.238560676574707,0,0,0,0.9156443476676941,1.5964634418487549,19.504364013671875,14.656418800354004,-4.847945213317871,nGa9YKv6SCw.wav,p232_356.wav
0,1.9142437,2.9121925830841064,0,0,0,0.6130123138427734,1.2613308429718018,-6.667494773864746,-0.8185498714447021,5.848944902420044,tqwlTctyIEI.wav,p257_074.wav
0,2.690027,4.205083847045898,0,0,0,0.9691299796104431,2.313605308532715,24.919708251953125,24.564922332763672,-0.3547859191894531,tQvSDd6-ol4.wav,p257_060.wav
0,2.293719,2.2690837383270264,0,0,0,0.35567912459373474,1.1342768669128418,-14.088727951049805,-14.436834335327148,-0.34810638427734375,KR9WGtI1c2E.wav,p232_236.wav
0,2.5648675,3.0859546661376953,0,0,0,0.4264143109321594,1.2221332788467407,-14.400006294250488,-16.353864669799805,-1.9538583755493164,dwjoocPefeM.wav,p257_128.wav
0,2.475979,4.3238844871521,0,0,0,0.20217281579971313,1.2588400840759277,-14.77281379699707,-15.82898235321045,-1.056168556213379,y9na4SXQfFE.wav,p257_100.wav
0,2.3450224,2.5889508724212646,0,0,0,0.6949182152748108,1.1589821577072144,-16.73854637145996,-17.025991439819336,-0.287445068359375,7tXt-i8NpOI.wav,p257_114.wav
0,2.2806165,2.139054536819458,0,0,0,0.6479597687721252,1.145221471786499,-13.521759986877441,-10.802446365356445,2.719313621520996,AL-xTyT47d8.wav,p232_034.wav
0,2.2360556,2.127051591873169,0,0,0,0.5716575980186462,1.2090390920639038,-1.9191418886184692,-13.739233016967773,-11.820091128349304,oDQb7qZsz6o.wav,p232_020.wav
0,3.1088102,2.475358247756958,0,0,0,0.9290302395820618,2.1945838928222656,14.722177505493164,14.942096710205078,0.21991920471191406,Gjo83FC5sh0.wav,p257_302.wav
0,2.5017426,2.6260006427764893,0,0,0,0.5048096179962158,1.1722487211227417,-14.848673820495605,-16.010683059692383,-1.1620092391967773,OhKMWfVT06E.wav,p257_316.wav
0,2.4631197,2.431605100631714,0,0,0,0.36908623576164246,1.1370134353637695,-14.662627220153809,-11.625368118286133,3.037259101867676,yYffTfjJgRY.wav,p257_317.wav
0,2.3096821,3.133673667907715,0,0,0,0.9303694367408752,1.994932770729065,-5.7322492599487305,-3.973593235015869,1.7586560249328613,mOTjFSnE3JU.wav,p232_009.wav
0,2.4962564,2.842352867126465,0,0,0,0.7056884765625,1.133810043334961,-14.58859634399414,-16.034976959228516,-1.446380615234375,iSHfnvy5mkA.wav,p257_303.wav
0,2.0510623,3.1529042720794678,0,0,0,0.3884845972061157,1.1968514919281006,-10.54372787475586,-13.437361717224121,-2.8936338424682617,K4sgGo8N-d4.wav,p232_021.wav
0,3.256778,4.970029354095459,0,0,0,0.9857504367828369,2.799619197845459,22.67535972595215,17.621591567993164,-5.053768157958984,JDWPJ1AiDKc.wav,p232_035.wav
0,3.2619374,4.219103813171387,0,0,0,0.9888766407966614,3.8383309841156006,24.935951232910156,20.307846069335938,-4.628105163574219,BF_i_fA_VNE.wav,p257_115.wav
0,2.1488318,2.4909651279449463,0,0,0,0.46790969371795654,1.321230411529541,-14.672164916992188,-14.63293743133545,0.03922748565673828,xFVLn3_8FJ0.wav,p257_101.wav
0,2.1259458,4.4301958084106445,0,0,0,0.5028381943702698,1.164096474647522,-14.34483814239502,-13.642773628234863,0.7020645141601562,pZJkl3yfi10.wav,p232_223.wav
0,2.6818967,3.8767852783203125,0,0,0,0.9973183274269104,3.4623610973358154,22.87063217163086,23.03017807006836,0.1595458984375,-gie2dhqP2c.wav,p257_129.wav
0,2.5906193,4.389270782470703,0,0,0,0.9693101644515991,2.5040454864501953,11.536019325256348,15.62814712524414,4.092127799987793,vPFsTu51GkA.wav,p232_237.wav
0,2.2920222,3.281130790710449,0,0,0,0.3871164619922638,1.1683812141418457,-14.562707901000977,-17.43365478515625,-2.8709468841552734,DYMSZ_Lfdlc.wav,p257_061.wav
0,2.2414486,2.81862211227417,0,0,0,0.408458948135376,1.1335947513580322,-14.835277557373047,-18.173625946044922,-3.338348388671875,aGO7JSdb3bc.wav,p257_075.wav
0,2.5016272,3.457818031311035,0,0,0,0.9952980875968933,2.9796812534332275,1.9661786556243896,19.81511688232422,17.84893822669983,u8ptJ3t-IgU.wav,p232_357.wav
0,2.879686,3.726564884185791,0,0,0,0.9465625882148743,2.903454303741455,20.515790939331055,20.113479614257812,-0.4023113250732422,csOhQS2y8D0.wav,p257_049.wav
0,2.6345036,2.1123576164245605,0,0,0,0.3869633972644806,1.1295217275619507,-13.82768440246582,-10.745352745056152,3.082331657409668,aPN-7CnRjxo.wav,p232_343.wav
0,1.9853126,2.8842761516571045,0,0,0,0.4281681478023529,1.1291612386703491,-12.323763847351074,-14.11535358428955,-1.7915897369384766,LiEqp4ndGc0.wav,p232_394.wav
0,2.6531522,3.928882598876953,0,0,0,0.47632813453674316,1.1792126893997192,-13.850556373596191,-14.630254745483398,-0.779698371887207,Y0_Ixl1d7oQ.wav,p232_380.wav
0,2.2974057,2.716156482696533,0,0,0,0.956287145614624,1.4090065956115723,-8.190885543823242,2.537501096725464,10.728386640548706,bX-Ukxl3Omg.wav,p257_263.wav
0,2.3312824,4.058862209320068,0,0,0,0.4887292683124542,1.1566264629364014,-7.484617710113525,-6.023166656494141,1.4614510536193848,hwe6y-jSqdQ.wav,p232_169.wav
0,3.2694194,4.456119537353516,0,0,0,0.9974117875099182,3.772606372833252,26.989673614501953,25.20093536376953,-1.7887382507324219,MEZmzYW-f8M.wav,p257_277.wav
0,2.6678357,2.2636260986328125,0,0,0,0.5091431140899658,1.143233299255371,-7.928391456604004,-17.245956420898438,-9.317564964294434,1YwsFFOZ1bY.wav,p232_155.wav
0,2.1629035,3.2644646167755127,0,0,0,0.733129620552063,1.2500336170196533,5.95987606048584,6.80553674697876,0.8456606864929199,x6WRsbKAVVo.wav,p232_141.wav
0,3.284188,3.3817973136901855,0,0,0,0.9969757795333862,3.513239860534668,14.18111801147461,24.250118255615234,10.069000244140625,kZ-41pZ1jfk.wav,p232_196.wav
0,2.1020262,4.350850582122803,0,0,0,0.36584922671318054,1.1377073526382446,-9.631717681884766,-11.071314811706543,-1.4395971298217773,Db06mHi_gaY.wav,p232_182.wav
0,2.3326735,2.117136001586914,0,0,0,0.47752606868743896,1.2073856592178345,-14.832764625549316,-15.112250328063965,-0.27948570251464844,CSfJWw9cM2s.wav,p257_288.wav
0,2.3619516,2.8555796146392822,0,0,0,0.3770241439342499,1.285233974456787,-15.868399620056152,-14.530588150024414,1.3378114700317383,2OROEX0O-kw.wav,p232_194.wav
0,3.0413003,4.083454132080078,0,0,0,0.9632161259651184,1.5168286561965942,8.310057640075684,11.55666732788086,3.246609687805176,bMhgI_bEzq0.wav,p232_180.wav
0,2.8338988,4.993792533874512,0,0,0,0.9584445953369141,2.56144118309021,10.35547161102295,15.031484603881836,4.676012992858887,C9qQ-2zeX0E.wav,p257_249.wav
0,2.067542,2.268113613128662,0,0,0,0.4692131578922272,1.1790777444839478,-14.824505805969238,-16.91053009033203,-2.086024284362793,FKVPapTUI-k.wav,p232_143.wav
0,2.980927,3.011305809020996,0,0,0,0.5829688310623169,1.294712781906128,-16.432336807250977,-16.48078155517578,-0.04844474792480469,pW4DXRHftps.wav,p257_261.wav
0,2.4603102,3.2288661003112793,0,0,0,0.32241371273994446,1.1124341487884521,-13.484630584716797,-15.76822280883789,-2.2835922241210938,Od85JwO7ChQ.wav,p257_275.wav
0,2.2153945,4.2591094970703125,0,0,0,0.3861548602581024,1.1719110012054443,-14.722220420837402,-14.614133834838867,0.10808658599853516,mf7DRiLh9O8.wav,p232_396.wav
0,2.3789556,3.302591323852539,0,0,0,0.9389160871505737,1.8152201175689697,21.396240234375,-3.6173171997070312,-25.01355743408203,1018edESAkw.wav,p232_382.wav
0,3.0368228,2.9507832527160645,0,0,0,0.9934502840042114,3.3261008262634277,20.769447326660156,28.67121124267578,7.901763916015625,i1TuCYXJaRo.wav,p257_088.wav
0,3.0711894,3.8376870155334473,0,0,0,0.9978814721107483,3.4792518615722656,25.440692901611328,26.081260681152344,0.6405677795410156,B25RukLTrYk.wav,p232_355.wav
0,2.8751314,3.887056350708008,0,0,0,0.9692437648773193,2.436357259750366,18.376800537109375,16.101707458496094,-2.2750930786132812,9V7cUY986Ec.wav,p232_341.wav
0,3.1197846,4.053271293640137,0,0,0,0.9512522220611572,2.4131269454956055,11.70508861541748,11.296128273010254,-0.40896034240722656,HMJn7co1YOM.wav,p257_063.wav
0,2.1977408,4.343780517578125,0,0,0,0.8341324925422668,1.2155308723449707,-12.392003059387207,-7.84763240814209,4.544370651245117,0Gj0gGPGlMA.wav,p232_369.wav
0,3.2321885,3.9350690841674805,0,0,0,0.9932958483695984,3.586212396621704,7.981632709503174,23.40866470336914,15.427031993865967,yjhYCoQrh_0.wav,p257_077.wav
0,2.4071896,2.470689058303833,0,0,0,0.8493013381958008,1.251058578491211,5.658814430236816,6.84237003326416,1.1835556030273438,P-6h8CPhQoI.wav,p232_221.wav
0,2.3065722,2.078430414199829,0,0,0,0.8913209438323975,1.3147473335266113,-16.10242462158203,-17.350914001464844,-1.2484893798828125,gdDgkU7UrgQ.wav,p232_235.wav
0,2.3244612,4.623478889465332,0,0,0,0.9661411046981812,1.6468149423599243,3.668199300765991,14.575437545776367,10.907238245010376,391V6NBnd0U.wav,p257_117.wav
0,2.2881377,2.1013784408569336,0,0,0,0.6524670124053955,1.2840542793273926,-9.12855052947998,5.85067081451416,14.97922134399414,2k6u_IlnbME.wav,p232_209.wav
0,2.2772603,4.909241676330566,0,0,0,0.8820152282714844,1.877164602279663,9.043534278869629,16.013370513916016,6.969836235046387,S9-i_pqoUCw.wav,p257_103.wav
0,3.1519527,2.466679096221924,0,0,0,0.9075393676757812,2.4297280311584473,16.795305252075195,16.716569900512695,-0.0787353515625,Ef_bqxp6CC0.wav,p232_023.wav
0,2.3678966,3.715243339538574,0,0,0,0.7617011070251465,2.1317405700683594,-16.34515380859375,3.3943610191345215,19.73951482772827,b0lCe7u0aD4.wav,p257_329.wav
0,2.208388,4.431094169616699,0,0,0,0.5674524903297424,1.1393921375274658,-10.938956260681152,-15.83889389038086,-4.899937629699707,0MJPqGKIbZg.wav,p232_037.wav
0,2.4657044,3.4899301528930664,0,0,0,0.4557875096797943,1.1675604581832886,-12.555170059204102,-4.877654075622559,7.677515983581543,oZF73R89bk0.wav,p257_315.wav
0,2.7352448,3.6657814979553223,0,0,0,0.8835813403129578,1.7479586601257324,18.26026153564453,12.829886436462402,-5.430375099182129,XKi2-b3YrWY.wav,p257_301.wav
0,2.2398524,3.224020004272461,0,0,0,0.4556806981563568,1.2562583684921265,-14.496479988098145,-15.444334983825684,-0.9478549957275391,sUjAb0SfppQ.wav,p257_300.wav
0,2.9187195,4.402349472045898,0,0,0,0.9618903398513794,2.4519264698028564,6.382285118103027,17.000568389892578,10.61828327178955,6J1gScD4AZU.wav,p257_314.wav
0,2.7032466,3.551697015762329,0,0,0,0.8281334042549133,1.278918981552124,17.93639373779297,-3.9564599990844727,-21.89285373687744,H1RZqx1o92I.wav,p232_036.wav
0,2.2009766,2.99546480178833,0,0,0,0.4796287417411804,1.2485311031341553,-15.439141273498535,-17.402799606323242,-1.963658332824707,6iyinlZEgS4.wav,p232_022.wav
0,2.5185678,3.2106754779815674,0,0,0,0.5142549872398376,1.188568115234375,-16.27934455871582,-16.773216247558594,-0.49387168884277344,yk9-ww_XBl0.wav,p257_328.wav
0,2.3415985,2.2179267406463623,0,0,0,0.6952651739120483,1.350654125213623,-15.52782917022705,-17.238094329833984,-1.7102651596069336,__VabWVcbpw.wav,p232_208.wav
0,2.3317778,3.3824875354766846,0,0,0,0.1977338343858719,1.149029016494751,-14.105380058288574,-17.36915397644043,-3.2637739181518555,4ENbU7xheTc.wav,p257_102.wav
0,2.5581286,2.245267152786255,0,0,0,0.897655725479126,1.2435264587402344,-15.757391929626465,-15.739522933959961,0.017868995666503906,ivAZXsf6_zs.wav,p257_116.wav
0,2.2130709,2.0363657474517822,0,0,0,0.3542216122150421,1.2097313404083252,-14.569785118103027,-15.434613227844238,-0.8648281097412109,k0kU2cc85ZA.wav,p232_234.wav
0,2.513871,3.555363893508911,0,0,0,0.8659566640853882,1.4948928356170654,7.684022903442383,11.371268272399902,3.6872453689575195,ORdW-nWhCfE.wav,p232_220.wav
0,2.1692786,2.9127800464630127,0,0,0,0.8118643760681152,1.175269603729248,-15.088257789611816,-15.856671333312988,-0.7684135437011719,tTDOCqIqlzU.wav,p257_076.wav
0,2.4729025,3.136730194091797,0,0,0,0.4383505880832672,1.2008436918258667,-13.947728157043457,-10.785727500915527,3.1620006561279297,paIkNAu-2C8.wav,p257_062.wav
0,2.2237146,2.896575927734375,0,0,0,0.4244179427623749,1.156952977180481,-14.250102043151855,-14.56727409362793,-0.3171720504760742,pkRCVd5yCEM.wav,p232_368.wav
0,2.3690932,2.646739959716797,0,0,0,0.8569029569625854,1.757782220840454,0.7317962050437927,8.341534614562988,7.609738409519196,o6TUQSPSTYU.wav,p232_340.wav
0,2.5105631,2.2289013862609863,0,0,0,0.8403032422065735,1.3332048654556274,-8.404666900634766,-4.564062118530273,3.840604782104492,WOoqg3eoYgI.wav,p232_354.wav
0,2.811512,3.889075994491577,0,0,0,0.6659491062164307,1.1412490606307983,-3.7504215240478516,-1.972035527229309,1.7783859968185425,1G0ibSUBv2g.wav,p232_383.wav
0,2.3751867,2.5597281455993652,0,0,0,0.6577290892601013,1.4475018978118896,-0.7026386260986328,4.341858863830566,5.044497489929199,DjZLBwKtsxI.wav,p257_089.wav
0,2.481521,4.484033584594727,0,0,0,0.8303925395011902,1.7325787544250488,7.948234558105469,8.983741760253906,1.0355072021484375,q94ievnKU6s.wav,p232_397.wav
0,2.4887064,2.623058795928955,0,0,0,0.5540748238563538,1.1293909549713135,-8.558032989501953,-18.69989776611328,-10.141864776611328,DeNCHPXfMhM.wav,p257_274.wav
0,3.2188785,4.016630172729492,0,0,0,0.9988070726394653,3.8908658027648926,9.673789024353027,27.85397720336914,18.180188179016113,kXQDE8Jg2l8.wav,p257_260.wav
0,2.3603823,4.415737628936768,0,0,0,0.3679048418998718,1.1118611097335815,-14.476029396057129,-14.773032188415527,-0.29700279235839844,YNlfW5Cm5MM.wav,p257_248.wav
0,3.291359,3.567164659500122,0,0,0,0.9724777936935425,2.8457465171813965,23.816450119018555,18.81072998046875,-5.005720138549805,BChhAS1sFvA.wav,p232_142.wav
0,2.9721982,3.1025590896606445,0,0,0,0.9783093929290771,2.8353030681610107,18.395633697509766,22.86839485168457,4.472761154174805,WbcdENpeJP0.wav,p232_156.wav
0,2.1576276,2.478965997695923,0,0,0,0.8278250694274902,1.1567883491516113,-1.0712887048721313,2.2300925254821777,3.301381230354309,vZSU_WAWw-Q.wav,p232_181.wav
0,2.218758,4.255366325378418,0,0,0,0.5091837048530579,1.2118934392929077,-14.722853660583496,-14.694268226623535,0.028585433959960938,8StkM09rkCw.wav,p232_195.wav
0,2.956512,3.116771697998047,0,0,0,0.9590412378311157,2.5343072414398193,15.358500480651855,14.12646770477295,-1.2320327758789062,99w08FiKJXE.wav,p257_286.wav
0,3.3455937,3.9438252449035645,0,0,0,0.9916062355041504,3.4179489612579346,21.2219181060791,19.807645797729492,-1.4142723083496094,9TyJBWp_gUA.wav,p232_198.wav
0,2.9108653,2.8529889583587646,0,0,0,0.9362897276878357,2.3520970344543457,20.652652740478516,22.532424926757812,1.8797721862792969,kgIRzYILro0.wav,p257_292.wav
0,2.4245071,3.0670435428619385,0,0,0,0.41150781512260437,1.1895184516906738,-17.075233459472656,-16.86033821105957,0.21489524841308594,PCsQ3zgL3CU.wav,p257_245.wav
0,2.1054695,2.261685848236084,0,0,0,0.3451116681098938,1.1722332239151,-14.618135452270508,-14.242520332336426,0.37561511993408203,qVyPub0cE4g.wav,p257_251.wav
0,3.1767297,4.127015590667725,0,0,0,0.886987566947937,2.914759874343872,16.793909072875977,21.793991088867188,5.000082015991211,pQoNXEX16pk.wav,p257_279.wav
0,2.201402,2.684483528137207,0,0,0,0.40048304200172424,1.1644103527069092,-13.649057388305664,-12.399660110473633,1.2493972778320312,3PliaLqMSqg.wav,p232_173.wav
0,2.400467,2.5146145820617676,0,0,0,0.6572054028511047,1.1568173170089722,-8.27587890625,-17.656448364257812,-9.380569458007812,T7ApcW_HzGI.wav,p232_167.wav
0,2.5501425,3.7609052658081055,0,0,0,0.913484513759613,1.5900473594665527,-3.4150586128234863,10.11427116394043,13.529329776763916,ftKCLRd9_no.wav,p257_084.wav
0,2.4099832,2.720374822616577,0,0,0,0.26382118463516235,1.1710314750671387,-12.669222831726074,-17.022480010986328,-4.353257179260254,R42eFr4pguI.wav,p257_090.wav
0,2.2382245,2.1023268699645996,0,0,0,0.5321707725524902,1.1843987703323364,-13.478708267211914,-15.02188777923584,-1.5431795120239258,vqiAPslxrqI.wav,p257_047.wav
0,2.0756037,4.125153064727783,0,0,0,0.4432492256164551,1.2080782651901245,-14.02227783203125,-13.807531356811523,0.21474647521972656,66kfjGs-5AA.wav,p257_053.wav
0,2.293076,3.1769535541534424,0,0,0,0.7719436287879944,1.5923614501953125,-5.922927379608154,12.281582832336426,18.20451021194458,KLtjVuXOBQk.wav,p232_359.wav
0,2.488565,2.015645742416382,0,0,0,0.8453006148338318,2.136068105697632,15.59076976776123,21.918987274169922,6.328217506408691,YssVZMtZNjw.wav,p232_371.wav
0,3.1757596,3.7882261276245117,0,0,0,0.9511334300041199,2.059375762939453,9.823529243469238,18.65093994140625,8.827410697937012,3C5qHj5WW1E.wav,p232_403.wav
0,2.3514464,2.525028705596924,0,0,0,0.3474195897579193,1.1693806648254395,-14.402944564819336,-18.127180099487305,-3.7242355346679688,695nvt2cbP8.wav,p232_365.wav
0,2.440706,2.7719674110412598,0,0,0,0.5698367357254028,1.1289527416229248,-12.2030611038208,-16.30213165283203,-4.0990705490112305,GF2kFAuK4EI.wav,p232_239.wav
0,2.433127,2.175736904144287,0,0,0,0.9804227948188782,2.506181478500366,2.63511323928833,13.112910270690918,10.477797031402588,ruf-EVEl3cg.wav,p257_133.wav
0,2.4591923,2.5794267654418945,0,0,0,0.7605343461036682,1.1413724422454834,-0.9208827018737793,3.7991552352905273,4.720037937164307,Pgo6VJyz3tY.wav,p257_127.wav
0,2.3498256,3.492903709411621,0,0,0,0.5996795296669006,1.117404818534851,-14.40680980682373,-14.628663063049316,-0.22185325622558594,FGfpmGATANA.wav,p232_205.wav
0,2.6001854,2.5606131553649902,0,0,0,0.21006257832050323,1.333979845046997,-14.297887802124023,-15.0763578414917,-0.7784700393676758,8sXu3FjHPps.wav,p232_211.wav
0,2.5201447,3.0965752601623535,0,0,0,0.8941808342933655,1.4206318855285645,10.577828407287598,8.070927619934082,-2.5069007873535156,0ZqLJ1n7gAs.wav,p257_331.wav
0,2.3876595,4.573545455932617,0,0,0,0.46994835138320923,1.1501779556274414,-15.890795707702637,-17.5843505859375,-1.6935548782348633,HJEWywfeZXg.wav,p257_325.wav
0,2.3830655,2.0316929817199707,0,0,0,0.9380417466163635,2.0749945640563965,0.13147693872451782,10.793949127197266,10.662472188472748,NcJx82UX-Vw.wav,p232_007.wav
0,2.1176345,2.4131524562835693,0,0,0,0.275142639875412,1.20337975025177,-14.337288856506348,-15.22402286529541,-0.8867340087890625,3dSeGqHasv8.wav,p232_013.wav
0,2.1924818,2.0356123447418213,0,0,0,0.6110522747039795,1.126499056816101,-8.87436294555664,-15.852739334106445,-6.978376388549805,JzxEu9Zu06Q.wav,p257_319.wav
0,2.2255561,2.2924184799194336,0,0,0,0.6051881909370422,1.1770659685134888,-14.62096118927002,-5.466643333435059,9.154317855834961,BGA402wm33c.wav,p232_012.wav
0,2.521891,4.415320873260498,0,0,0,0.6836449503898621,1.1162128448486328,-6.450984001159668,-5.2505106925964355,1.2004733085632324,gh8fUXjRoTc.wav,p257_318.wav
0,2.3037446,4.445054531097412,0,0,0,0.6387990117073059,1.1291933059692383,-15.199804306030273,-13.422024726867676,1.7777795791625977,vOmHfeCJvNg.wav,p232_006.wav
0,2.704494,2.004199981689453,0,0,0,0.8647327423095703,1.5519142150878906,5.604013442993164,6.431486129760742,0.8274726867675781,MStyPWh3La4.wav,p257_324.wav
0,2.317428,2.4233150482177734,0,0,0,0.12617357075214386,1.148245096206665,-9.181234359741211,-17.461795806884766,-8.280561447143555,KRIqwSOeVXU.wav,p257_330.wav
0,2.8226686,2.5507094860076904,0,0,0,0.5959166884422302,1.2186133861541748,-9.144526481628418,-5.13328742980957,4.011239051818848,ASfZSrB3ttk.wav,p232_210.wav
0,2.1529746,2.4715545177459717,0,0,0,0.4685850143432617,1.155801773071289,-14.794018745422363,-14.21228313446045,0.5817356109619141,MDruN8n3lNM.wav,p232_204.wav
0,2.4601476,3.3443307876586914,0,0,0,0.7554225921630859,1.332897424697876,10.898070335388184,10.026761054992676,-0.8713092803955078,lPCl9s_Ea8A.wav,p257_126.wav
0,2.3817337,2.168954610824585,0,0,0,0.7335144877433777,1.1903959512710571,-10.160691261291504,-16.024459838867188,-5.863768577575684,C4-_w6N3plU.wav,p232_238.wav
0,2.1819377,3.998307228088379,0,0,0,0.4316824674606323,1.1633738279342651,-13.068665504455566,-14.807072639465332,-1.7384071350097656,J0HWQBkDook.wav,p257_132.wav
0,2.4062383,2.5865118503570557,0,0,0,0.883427619934082,1.308342695236206,2.8036811351776123,1.6606978178024292,-1.142983317375183,mixOlOTYoq8.wav,p232_402.wav
0,2.8181405,4.40842342376709,0,0,0,0.9474274516105652,2.410567283630371,22.88277244567871,13.530157089233398,-9.352615356445312,-jNIaWOWUFI.wav,p232_364.wav
0,2.0498018,2.606346607208252,0,0,0,0.4014185070991516,1.3538020849227905,-14.291918754577637,-13.448281288146973,0.8436374664306641,3Hgp61hK6HY.wav,p232_370.wav
0,2.326721,4.427290916442871,0,0,0,0.5758695602416992,1.2124577760696411,-18.438858032226562,-18.1754150390625,0.2634429931640625,Maul1ExUbfk.wav,p257_052.wav
0,2.0636334,2.0535993576049805,0,0,0,0.4589674174785614,1.144362449645996,-18.2348690032959,-17.772733688354492,0.46213531494140625,H_RtW1jdBWo.wav,p232_358.wav
0,2.9186528,4.3991007804870605,0,0,0,0.9958063364028931,3.9410500526428223,27.804759979248047,28.29460906982422,0.4898490905761719,t72LUnKPCSs.wav,p257_046.wav
0,3.3832679,4.38996696472168,0,0,0,0.9979228377342224,3.868182897567749,29.426006317138672,29.774097442626953,0.34809112548828125,eO4zCFBQhDA.wav,p257_091.wav
0,2.8230116,2.6967148780822754,0,0,0,0.975566565990448,2.676194429397583,7.326970100402832,14.004708290100098,6.677738189697266,s4nhamYDOwY.wav,p257_085.wav
0,2.3825698,2.3975963592529297,0,0,0,0.790339469909668,1.160112738609314,6.01705265045166,-0.9585936069488525,-6.975646257400513,Lb5IVzP90pk.wav,p257_278.wav
0,2.9160664,3.292715549468994,0,0,0,0.9641491770744324,2.2436046600341797,5.843025207519531,5.070125579833984,-0.7728996276855469,HgdKafq2YQA.wav,p232_172.wav
0,2.4026685,4.203453063964844,0,0,0,0.4173796474933624,1.1782269477844238,-14.892829895019531,-13.988667488098145,0.9041624069213867,MnvU-Usbd3U.wav,p257_250.wav
0,2.533708,4.389772415161133,0,0,0,0.823344886302948,1.3896127939224243,8.230757713317871,3.5050320625305176,-4.7257256507873535,lQ9Pg649MhE.wav,p257_244.wav
0,2.6901724,3.5793421268463135,0,0,0,0.36371418833732605,1.2838594913482666,-13.560713768005371,-15.833287239074707,-2.272573471069336,0cjmAt96WEI.wav,p232_199.wav
0,2.1941352,4.305092811584473,0,0,0,0.5270015001296997,1.3237985372543335,-5.729016304016113,-1.8773324489593506,3.8516838550567627,W2ZYTeaKLag.wav,p257_293.wav
0,2.2555263,2.9049923419952393,0,0,0,0.15296654403209686,1.1335910558700562,-14.261357307434082,-18.83127784729004,-4.569920539855957,qaiTVxEpeJM.wav,p257_287.wav
0,2.2979622,2.1647725105285645,0,0,0,0.2082613855600357,1.2076001167297363,-14.578548431396484,-16.244829177856445,-1.666280746459961,bT-CEaOEGdI.wav,p257_291.wav
0,3.1376305,2.994603157043457,0,0,0,0.9766488671302795,1.9749224185943604,5.317289352416992,7.199728012084961,1.8824386596679688,D813H2gMS6A.wav,p257_285.wav
0,2.222725,4.373970985412598,0,0,0,0.6704021096229553,1.3897511959075928,0.39911097288131714,4.087630271911621,3.688519299030304,kGA7MEPfO-4.wav,p257_252.wav
0,2.378088,4.396450996398926,0,0,0,0.5517855882644653,1.1282933950424194,-11.132707595825195,-4.056960105895996,7.075747489929199,3FkzbBjncD8.wav,p232_158.wav
0,2.3570962,2.2114696502685547,0,0,0,0.6031719446182251,1.341531753540039,-4.081557273864746,-8.95795726776123,-4.876399993896484,5jqupmXaRBc.wav,p257_246.wav
0,3.3285038,4.994546413421631,0,0,0,0.9961303472518921,3.9642605781555176,24.448686599731445,24.378646850585938,-0.07003974914550781,_KYFnY6nAfk.wav,p232_164.wav
0,2.1995835,4.484013080596924,0,0,0,0.4297527074813843,1.1630955934524536,-13.158130645751953,-14.351897239685059,-1.1937665939331055,1mOxqUT_AKc.wav,p232_170.wav
0,2.9942741,4.449663162231445,0,0,0,0.9792856574058533,2.5236446857452393,12.088578224182129,20.412334442138672,8.323756217956543,1O4LpU7HggY.wav,p232_399.wav
0,2.995481,4.384237766265869,0,0,0,0.9312427639961243,1.7050559520721436,10.248229026794434,8.47608470916748,-1.7721443176269531,LwQsaE7mvDo.wav,p257_093.wav
0,2.8877335,3.7995619773864746,0,0,0,0.926277220249176,2.0107345581054688,8.632445335388184,10.657953262329102,2.025507926940918,HKhsS5bG7GM.wav,p257_087.wav
0,3.1946836,4.417062759399414,0,0,0,0.9960965514183044,2.9962306022644043,26.41720199584961,22.957265853881836,-3.4599361419677734,4IJJtD4eRPA.wav,p257_050.wav
0,2.5089366,3.915712833404541,0,0,0,0.9963261485099792,2.2102487087249756,16.129852294921875,19.145111083984375,3.0152587890625,QLNn3qg1RAE.wav,p257_044.wav
0,2.4230897,2.631993055343628,0,0,0,0.8297104835510254,2.3074986934661865,7.433914661407471,9.107765197753906,1.6738505363464355,Z3jNWaspEZ8.wav,p232_366.wav
0,2.6774287,2.418842077255249,0,0,0,0.4307094216346741,1.1473926305770874,-7.939901351928711,-8.54163646697998,-0.6017351150512695,mA1UxREUs5c.wav,p232_400.wav
0,2.3868115,2.3257133960723877,0,0,0,0.6636267304420471,1.1860941648483276,-4.402660369873047,-18.30788803100586,-13.905227661132812,X62-7mo72jA.wav,p232_414.wav
0,3.7043386,4.399710178375244,0,0,0,0.9363428950309753,2.5373001098632812,13.864654541015625,8.749549865722656,-5.115104675292969,eyOFHNqS3T0.wav,p257_078.wav
0,2.4114995,2.02034592628479,0,0,0,0.8096058368682861,1.3364360332489014,-5.632874488830566,6.311267375946045,11.944141864776611,_bgeUtm3VVc.wav,p232_372.wav
0,2.5068147,2.701432466506958,0,0,0,0.5344104766845703,1.113555669784546,-3.0575904846191406,-5.5093607902526855,-2.451770305633545,3tcqv83QGaE.wav,p257_124.wav
0,2.3845444,2.2389962673187256,0,0,0,0.43586957454681396,1.1847773790359497,-13.91812515258789,-14.341845512390137,-0.4237203598022461,ezt5nlOxhj4.wav,p257_130.wav
0,2.7121747,3.941838502883911,0,0,0,0.6963253021240234,1.2112284898757935,1.5358082056045532,-0.628031849861145,-2.1638400554656982,mza0DdYCGM4.wav,p257_118.wav
0,2.1265435,2.50241756439209,0,0,0,0.7981982827186584,1.173391342163086,-8.017056465148926,-5.846267223358154,2.1707892417907715,GW6pti04qIo.wav,p232_206.wav
0,2.2897093,2.8248212337493896,0,0,0,0.627595841884613,1.1765916347503662,-14.31574535369873,-16.45111846923828,-2.135373115539551,KRGULadmD0A.wav,p257_326.wav
0,2.7658875,2.3174049854278564,0,0,0,0.893120288848877,1.39847731590271,8.113856315612793,8.899012565612793,0.78515625,IPdUuNm8hes.wav,p232_038.wav
0,2.5452793,2.292262315750122,0,0,0,0.73785001039505,1.1270219087600708,-2.953157424926758,0.44608035683631897,3.399237781763077,7WoFyN1R-1g.wav,p257_332.wav
0,2.427652,2.8995540142059326,0,0,0,0.5585541129112244,1.2325739860534668,-11.842865943908691,-5.918914794921875,5.923951148986816,uciYg8Oz87I.wav,p232_010.wav
0,2.2284749,2.5258946418762207,0,0,0,0.9704968333244324,1.1319928169250488,-10.380593299865723,-11.242329597473145,-0.8617362976074219,X57kxGGTXdo.wav,p232_005.wav
0,2.3462932,2.5091123580932617,0,0,0,0.5640486478805542,1.140945315361023,8.257039070129395,-14.504603385925293,-22.761642456054688,_TxkZxKJNss.wav,p232_011.wav
0,2.1647935,2.6283626556396484,0,0,0,0.21194292604923248,1.1091434955596924,-16.307945251464844,-16.8286075592041,-0.5206623077392578,sMPHFVRrJVc.wav,p232_039.wav
0,2.175701,2.165710926055908,0,0,0,0.4737079441547394,1.2265487909317017,-14.11922550201416,-13.164217948913574,0.9550075531005859,MKwnxr3ypB4.wav,p257_333.wav
0,3.3402405,4.437717437744141,0,0,0,0.9285439252853394,1.5882371664047241,12.071671485900879,14.873443603515625,2.801772117614746,xb9z7dslhfI.wav,p257_327.wav
0,2.3087556,3.2536301612854004,0,0,0,0.46112605929374695,1.1570852994918823,-16.550968170166016,-14.464266777038574,2.0867013931274414,obcIYEMbnIs.wav,p232_207.wav
0,2.064423,2.2529842853546143,0,0,0,0.3627006709575653,1.2934849262237549,-12.733153343200684,-15.824753761291504,-3.0916004180908203,WZd2nT2Afds.wav,p232_213.wav
0,2.1533709,2.454137086868286,0,0,0,0.4837394058704376,1.1682162284851074,-13.724546432495117,-14.968151092529297,-1.2436046600341797,brgQVwvmlzU.wav,p257_119.wav
0,2.368153,3.091458320617676,0,0,0,0.5900107622146606,1.2282432317733765,-3.576242446899414,0.7064800262451172,4.282722473144531,AIthc77KW8w.wav,p257_131.wav
0,2.3683581,2.0678868293762207,0,0,0,0.30796289443969727,1.1714125871658325,-14.05638599395752,-15.75676155090332,-1.7003755569458008,WLjjbOBFt8g.wav,p257_125.wav
0,2.1773503,2.210805892944336,0,0,0,0.423031210899353,1.1741719245910645,-13.961594581604004,-12.996512413024902,0.9650821685791016,2YK5_y1LzHk.wav,p257_079.wav
0,2.3153608,4.291783809661865,0,0,0,0.6341124176979065,1.2106616497039795,-14.827887535095215,-18.109088897705078,-3.2812013626098633,m5IvF38dyD8.wav,p232_415.wav
