epoch,12/04 12:57:12 Standard Model (continued384) - _step,12/04 12:57:12 Standard Model (continued384) - _step__MIN,12/04 12:57:12 Standard Model (continued384) - _step__MAX,12/04 12:57:12 Standard Model (continued384) - D_Fake,12/04 12:57:12 Standard Model (continued384) - D_Fake__MIN,12/04 12:57:12 Standard Model (continued384) - D_Fake__MAX
0,6.5,0,13,-104.9173689,-158.1254272,-0.006430023
1,28.5,22,35,-95.98896081,-123.405304,-63.49073792
2,51,44,58,-68.6802152,-130.6604309,-44.73786163
3,67.5,61,74,-51.09457867,-93.08105469,-11.28984928
4,90,83,97,-48.21303684,-102.9568176,0.849486351
5,112.5,106,119,-47.79844928,-81.56488037,3.477210522
6,135,128,142,-51.25513647,-97.88790131,8.619945526
7,151.5,145,158,-52.05144603,-111.3335876,20.06787872
8,168,161,175,-66.03142544,-149.8842621,-4.210616589
9,190.5,184,197,-53.21665042,-100.6950607,-21.69508934
10,207,200,214,-62.07631887,-134.4033508,29.35619736
11,223.5,217,230,-64.89458418,-129.1981812,7.838468552
12,245.5,239,252,-60.11827295,-100.3328857,-6.292173862
13,268,261,275,-62.5649838,-134.7254333,24.68188286
14,290.5,284,297,-68.42963164,-144.9137726,-11.22440338
15,313,306,320,-64.10181357,-125.6201096,8.415244102
16,329.5,323,336,-71.0606096,-115.36409,-1.055901408
17,352,345,359,-68.64465294,-125.4411163,4.441797256
18,368.5,362,375,-65.76776549,-169.5545502,8.250711441
19,391,384,398,-62.52215977,-111.351593,-2.006608486
20,413.5,407,420,-72.21046788,-154.0254517,-14.73856163
21,430,423,437,-76.99330765,-163.0466156,27.81571198
22,452.5,446,459,-75.78461706,-130.1115417,0.801688492
23,475,468,482,-78.33735902,-184.9942322,27.52411079
24,491.5,485,498,-50.29582904,-127.4538574,28.0769577
25,507.5,501,514,-56.28275337,-120.47435,8.863190651
26,524,517,531,-57.30556424,-108.2215424,-9.259214401
27,546.5,540,553,-58.79388659,-117.6735001,-10.67062569
28,563,556,570,-54.27266436,-141.2975159,34.24355316
29,579.5,573,586,-70.1668443,-169.6621704,34.1089325
30,596,589,603,-59.43339713,-141.4660034,35.71878815
31,612.5,606,619,-60.54621707,-120.3169556,19.69018555
32,635,628,642,-52.87018522,-99.58461761,-2.810461044
33,651.5,645,658,-58.33749369,-105.5666809,15.55334568
34,674,667,681,-60.7105559,-131.9540405,12.69065285
35,696.5,690,703,-54.8624186,-120.7256012,45.29327393
36,719,712,726,-65.0380613,-145.5165558,9.842914581
37,741.5,735,748,-47.99030025,-101.181488,10.9624052
38,757.5,751,764,-58.16617632,-95.39494324,-8.141298294
39,780,773,787,-51.60781301,-95.81024933,38.25717545
40,802.5,796,809,-53.75197342,-118.5464249,11.49548912
41,819,812,826,-56.14681892,-135.0935364,21.75753212
42,841.5,835,848,-70.82597678,-137.7702332,10.36972523
43,864,857,871,-52.59213686,-111.5688095,8.126079559
44,886.5,880,893,-80.23460327,-180.4795837,51.72141647
45,909,902,916,-60.42217916,-129.0195465,17.21446228
46,931.5,925,938,-62.17858607,-143.3206177,17.44633102
47,948,941,955,-74.52217216,-134.4512329,29.58959961
48,970.5,964,977,-57.48822474,-148.9673615,56.37042236
49,993,986,1000,-62.07571475,-130.5717773,31.00608826
50,1015.5,1009,1022,-62.80003112,-171.7624664,43.90306091
51,1031.5,1025,1038,-62.18911525,-112.4610443,23.83294678
52,1054,1047,1061,-47.98500646,-118.9582062,25.47309875
53,1076.5,1070,1083,-52.23717556,-135.5308838,55.13661194
54,1099,1092,1106,-54.39984763,-144.4364471,68.76791382
55,1115.5,1109,1122,-46.77695719,-143.1102905,59.43218231
56,1138,1131,1145,-68.13064747,-152.8022461,27.50520134
57,1154.5,1148,1161,-57.7884483,-129.4978333,33.53253174
58,1171,1164,1178,-40.0783899,-105.3909073,40.09130478
59,1193.5,1187,1200,-67.28786605,-138.8411865,44.66371918
60,1210,1203,1217,-56.9013759,-141.8146515,10.45379257
61,1232.5,1226,1239,-57.79030292,-116.687973,-7.763483524
62,1254.5,1248,1261,-64.10723032,-123.8441162,27.3758316
63,1271,1264,1278,-56.35777702,-124.0407104,21.56334686
64,1293.5,1287,1300,-69.43974822,-128.4083099,-10.15899658
65,1316,1309,1323,-66.02272415,-100.7528305,-27.87049103
66,1338.5,1332,1345,-63.42660522,-121.5782242,-4.294807434
67,1355,1348,1362,-51.58220959,-121.4851685,36.26509094
68,1377.5,1371,1384,-60.66502795,-145.3385468,2.875219584
69,1400,1393,1407,-63.59656194,-144.085968,11.97542
70,1416.5,1410,1423,-65.22919938,-122.8186569,3.392091751
71,1433,1426,1440,-66.2214915,-157.5296021,41.17269135
72,1455.5,1449,1462,-68.6029044,-145.4517517,9.541241646
73,1472,1465,1479,-62.51871968,-127.1921387,-1.399464726
74,1494.5,1488,1501,-77.05687327,-149.0196381,15.85463524
75,1516.5,1510,1523,-61.78701445,-144.8137054,15.929883
76,1539,1532,1546,-75.32924042,-140.4976807,-11.30781174
77,1555.5,1549,1562,-70.13138403,-143.0666504,-2.165923119
78,1578,1571,1585,-71.96372636,-130.2230682,20.0099144
79,1594.5,1588,1601,-72.70216084,-138.4264984,-9.068777084
80,1617,1610,1624,-71.78342266,-146.4452515,18.85544205
81,1639.5,1633,1646,-77.72203646,-145.2158508,-5.354098797
82,1662,1655,1669,-71.38973948,-168.7295837,35.17281723
83,1684.5,1678,1691,-85.71252843,-191.0826874,8.792714119
84,1707,1700,1714,-70.27153473,-118.3085327,-13.90080261
85,1723.5,1717,1730,-72.99706214,-117.5350723,-15.37045288
86,1740,1733,1747,-75.92190971,-122.3627167,-13.39879036
87,1756.5,1750,1763,-74.85685572,-173.7064972,-2.661967516
88,1778.5,1772,1785,-74.74448456,-142.7327271,1.785291672
89,1801,1794,1808,-79.29779758,-158.7099152,4.257870674
90,1817.5,1811,1824,-87.47095544,-151.7084961,-20.53901291
91,1840,1833,1847,-73.04656862,-117.6411591,-9.536099434
92,1856.5,1850,1863,-91.16875013,-177.2815552,1.14944768
93,1873,1866,1880,-86.46893361,-158.1115417,-11.04631233
94,1895.5,1889,1902,-78.2334811,-143.5579834,-6.04984045
95,1918,1911,1925,-83.84355672,-151.821991,-21.1953392
96,1940.5,1934,1947,-85.38236509,-148.3374634,-10.39832306
97,1963,1956,1970,-78.92632621,-139.1197357,0.85848856
98,1985.5,1979,1992,-75.75794806,-152.5283813,-1.817199707
99,2008,2001,2015,-85.36472804,-135.1779633,-19.08808517
100,2024.5,2018,2031,-81.02149636,-109.9329834,-40.9786377
101,2046.5,2040,2053,-91.49840927,-137.8630371,-17.2761116
102,2063,2056,2070,-82.77033361,-164.8506775,-26.40400314
103,2085.5,2079,2092,-75.21566319,-169.0964966,-5.078135014
104,2108,2101,2115,-92.43152663,-173.7910156,1.304065704
105,2124.5,2118,2131,-82.58074842,-145.2828979,-18.46228409
106,2141,2134,2148,-90.35504704,-151.7432251,-10.20256233
107,2163.5,2157,2170,-82.81429209,-144.7700195,-23.35320282
108,2186,2179,2193,-89.62660074,-174.3829803,1.471781254
109,2208.5,2202,2215,-75.42869486,-134.067337,-42.11333466
110,2231,2224,2238,-92.95990664,-153.8640747,-23.34363747
111,2253.5,2247,2260,-86.63583483,-148.1181335,-44.67109299
112,2269.5,2263,2276,-84.07408115,-157.4938049,-3.874355316
113,2292,2285,2299,-100.3405552,-179.6026917,12.78155613
114,2314.5,2308,2321,-79.12853922,-154.2159882,-18.52344513
115,2337,2330,2344,-93.00526772,-164.5226746,-26.59261513
116,2353.5,2347,2360,-87.97609874,-168.4797211,-13.58450127
117,2376,2369,2383,-98.32590739,-151.2097778,-58.22806549
118,2398.5,2392,2405,-96.23166452,-156.9777222,-4.846029282
119,2415,2408,2422,-94.26584524,-146.1473083,-45.79878998
120,2437.5,2431,2444,-88.07433292,-184.9134674,-11.28946686
121,2460,2453,2467,-100.6021165,-160.9845581,-22.92920685
122,2476.5,2470,2483,-87.95931952,-168.3296051,-20.13232422
123,2499,2492,2506,-110.1040706,-182.2219238,1.217123747
124,2521.5,2515,2528,-89.83632175,-183.4186096,2.318562031
125,2543.5,2537,2550,-94.42593302,-208.5224915,2.398109436
126,2566,2559,2573,-111.2613844,-217.8218689,-8.263115883
127,2582.5,2576,2589,-105.5182566,-169.7202454,-21.8339386
128,2599,2592,2606,-116.3379397,-194.6413116,-16.90189743
129,2621.5,2615,2628,-97.06271308,-176.7528839,-11.1961689
130,2638,2631,2645,-96.98403041,-171.7408142,-34.99764252
131,2660.5,2654,2667,-107.6122671,-157.454895,-61.92520905
132,2677,2670,2684,-108.7846544,-161.5172882,-30.00725746
133,2699.5,2693,2706,-101.4546588,-181.2789307,-50.06319809
134,2722,2715,2729,-92.42264169,-152.7999573,-8.404486656
135,2738.5,2732,2745,-99.05338015,-172.5211334,-38.45392227
136,2761,2754,2768,-100.6100288,-148.4519653,-35.190979
137,2777.5,2771,2784,-92.64059305,-169.7209015,-10.78966427
138,2799.5,2793,2806,-98.58662142,-151.0061035,-43.91735077
139,2816,2809,2823,-93.11157964,-150.1687317,-26.78170395
140,2838.5,2832,2845,-96.76265226,-159.2639771,8.381969452
141,2855,2848,2862,-113.2764966,-206.1400909,-32.48117065
142,2877.5,2871,2884,-108.8951729,-155.7514954,-53.10451126
143,2894,2887,2901,-104.8866023,-149.4689331,-54.78899384
144,2916.5,2910,2923,-112.1926384,-154.9850464,-57.52791595
145,2939,2932,2946,-113.5956935,-154.5910645,-82.35250092
146,2961.5,2955,2968,-104.3190305,-166.3397675,-43.19353104
147,2984,2977,2991,-113.1647199,-173.912384,-33.33451843
148,3000.5,2994,3007,-102.9815023,-163.3697205,-45.49980927
149,3023,3016,3030,-104.1982365,-179.642395,-30.53594398
150,3045.5,3039,3052,-109.414457,-154.6931152,-46.25879669
151,3061.5,3055,3068,-109.3052112,-150.1722717,-61.43577576
152,3078,3071,3085,-101.2519019,-167.6901093,-31.77616692
153,3094.5,3088,3101,-105.9448861,-184.2457275,-32.57319641
154,3111,3104,3118,-114.1006246,-156.9816742,-51.49429321
155,3127.5,3121,3134,-110.8032638,-180.1607056,-49.65737915
156,3150,3143,3157,-112.0558584,-164.4564209,-63.24700165
157,3166.5,3160,3173,-104.4201647,-167.0257568,-43.25663376
158,3183,3176,3190,-110.7564774,-179.6776123,-50.60458374
159,3199.5,3193,3206,-97.10943113,-141.9617004,-56.87091827
160,3222,3215,3229,-98.67839635,-154.1349182,-47.18701935
161,3244.5,3238,3251,-91.71513476,-119.988678,-55.35745239
162,3260.5,3254,3267,-95.14151914,-167.1590271,-25.47808266
163,3283,3276,3290,-106.4325178,-166.6633911,-13.57368469
164,3299.5,3293,3306,-106.2084943,-192.8135376,-17.07922935
165,3322,3315,3329,-101.3431522,-191.7290192,-17.90638733
166,3344.5,3338,3351,-105.3058112,-149.8378296,-52.65971375
167,3367,3360,3374,-111.5892502,-149.7633972,-63.5495224
168,3383.5,3377,3390,-120.5560529,-191.2285614,-58.57027054
169,3400,3393,3407,-97.48501765,-178.7017822,-29.81532288
170,3422.5,3416,3429,-109.3963138,-168.3782043,-53.6585083
171,3439,3432,3446,-103.0012876,-189.1191101,-45.30918503
172,3461.5,3455,3468,-112.5257819,-165.9542542,-70.4526825
173,3478,3471,3485,-115.3576955,-139.7140503,-95.87199402
174,3494.5,3488,3501,-109.0584864,-146.177475,-56.69940186
175,3510.5,3504,3517,-105.2888707,-159.8743134,-56.08893967
176,3533,3526,3540,-118.0171168,-167.6977539,-77.02776337
177,3549.5,3543,3556,-103.5837201,-140.5066986,-79.97789001
178,3566,3559,3573,-110.0554031,-149.6508484,-60.94368744
179,3588.5,3582,3595,-96.69478335,-115.4055099,-66.74789429
180,3611,3604,3618,-114.934669,-177.9532318,-62.37309265
181,3627.5,3621,3634,-101.0855996,-159.9204254,-47.83895874
182,3650,3643,3657,-110.6672379,-139.2911682,-77.05978394
183,3672.5,3666,3679,-123.2484676,-201.0218506,-81.70223236
184,3695,3688,3702,-112.9081573,-143.3158264,-65.33429718
185,3711.5,3705,3718,-117.5123803,-162.6648254,-52.61280823
186,3734,3727,3741,-109.9245425,-182.8611603,-39.74552917
187,3756.5,3750,3763,-115.4603675,-143.921814,-87.04445648
188,3772.5,3766,3779,-107.6910106,-149.442688,-64.61045074
189,3795,3788,3802,-109.8593859,-176.2602539,-30.22095871
190,3817.5,3811,3824,-103.5815105,-168.2328796,-32.0122261
191,3840,3833,3847,-118.3610654,-174.5419312,-26.59874725
192,3856.5,3850,3863,-108.2153586,-177.4183655,-11.02254295
193,3873,3866,3880,-107.5338727,-145.8934631,-47.28490829
194,3895.5,3889,3902,-118.0731196,-170.7791138,-65.13517761
195,3912,3905,3919,-109.7428309,-145.1577759,-69.43706512
196,3928.5,3922,3935,-101.4324886,-146.661499,-74.87745667
197,3945,3938,3952,-100.1729602,-135.507782,-50.22452164
198,3961.5,3955,3968,-102.1843076,-186.0035706,-34.44205475
199,3978,3971,3985,-111.8185178,-189.7904358,-22.31223106
200,4000.5,3994,4007,-100.9011773,-151.9373474,-59.0688324
201,4022.5,4016,4029,-105.2233963,-144.2365112,-80.41369629
202,4045,4038,4052,-110.4324537,-147.452774,-62.31740189
203,4061.5,4055,4068,-109.3948544,-136.1126404,-89.89055634
204,4078,4071,4085,-107.5469106,-150.6227264,-58.52110291
205,4100.5,4094,4107,-106.3748766,-155.3517609,-56.65110397
206,4123,4116,4130,-111.6881477,-174.187149,-52.97190475
207,4145.5,4139,4152,-116.2663013,-166.2229004,-47.9146347
208,4162,4155,4169,-108.8174088,-172.4122314,-45.0200882
209,4184.5,4178,4191,-112.8875332,-193.4405518,-38.27962875
210,4201,4194,4208,-119.113325,-180.1695404,-66.46688843
211,4217.5,4211,4224,-112.3324279,-204.7074127,-9.201148987
212,4233.5,4227,4240,-114.0688051,-191.08255,-20.11340714
213,4256,4249,4263,-121.7893199,-153.8103333,-81.11186218
214,4272.5,4266,4279,-112.9545217,-145.6843872,-88.45891571
215,4289,4282,4296,-121.7901382,-186.2239075,-68.6142807
216,4305.5,4299,4312,-114.4676928,-148.8575897,-70.47702026
217,4322,4315,4329,-113.8757401,-193.7799377,-54.16443634
218,4338.5,4332,4345,-113.2691966,-157.6778564,-54.10271454
219,4361,4354,4368,-102.8419421,-176.4651947,-7.518222332
220,4383.5,4377,4390,-105.2760386,-168.3183746,-42.43760681
221,4400,4393,4407,-100.7448639,-138.6569977,-85.73962402
222,4416.5,4410,4423,-109.274965,-144.494873,-62.56339645
223,4439,4432,4446,-109.1636823,-173.3010712,-46.66057205
224,4455.5,4449,4462,-102.6272964,-163.8943024,-49.02174377
225,4471.5,4465,4478,-103.2144473,-173.852478,-38.22162628
226,4488,4481,4495,-99.65902685,-150.4776306,-22.35090637
227,4510.5,4504,4517,-113.6292806,-176.6683807,-9.073081017
228,4533,4526,4540,-96.03667094,-171.2253723,-37.88474274
229,4549.5,4543,4556,-111.8366004,-152.9184265,-50.19642258
230,4572,4565,4579,-110.2614655,-143.7167053,-63.92053986
231,4588.5,4582,4595,-110.0016493,-165.7494049,-21.81746292
232,4605,4598,4612,-110.8527888,-175.6237335,-22.73598099
233,4627.5,4621,4634,-109.4304744,-171.6956024,-43.03915024
234,4650,4643,4657,-104.5296366,-165.8830566,-25.61067963
235,4666.5,4660,4673,-105.5837487,-164.6051941,-59.3703804
236,4683,4676,4690,-99.36163406,-151.6302643,-46.5982666
237,4705.5,4699,4712,-98.78174918,-141.0162659,-57.44954681
238,4727.5,4721,4734,-113.4458564,-149.6271515,-97.71932983
239,4744,4737,4751,-118.3428462,-160.600647,-46.86730957
240,4760.5,4754,4767,-113.1707069,-175.9380188,-54.49420166
241,4783,4776,4790,-114.3862027,-184.5969543,-39.26833725
242,4805.5,4799,4812,-113.7227546,-190.6610107,-53.06354904
243,4822,4815,4829,-112.9102788,-143.3429871,-55.77933502
244,4844.5,4838,4851,-111.5522556,-172.1518097,-34.43511581
245,4867,4860,4874,-112.0079587,-159.5786896,-60.9863472
246,4883.5,4877,4890,-115.2913478,-153.0419769,-63.90506363
247,4906,4899,4913,-106.2724213,-173.5864716,-54.37911987
248,4922.5,4916,4929,-118.2040193,-159.7015076,-60.97505188
249,4945,4938,4952,-106.4593503,-181.2174835,-23.61869049
250,4961.5,4955,4968,-120.4429771,-194.4153595,-37.98460007
251,4977.5,4971,4984,-119.5133852,-172.2911835,-55.70102692
252,5000,4993,5007,-117.1442905,-230.0714111,-12.46200752
253,5016.5,5010,5023,-115.4404057,-156.9906921,-44.01836777
254,5033,5026,5040,-121.6009293,-150.6436462,-80.99513245
255,5049.5,5043,5056,-122.858411,-155.0402222,-74.89434814
256,5072,5065,5079,-131.7309362,-179.3421936,-86.30918121
257,5094.5,5088,5101,-122.2259162,-157.8362732,-91.23271942
258,5111,5104,5118,-122.9030574,-145.79776,-95.76929474
259,5127.5,5121,5134,-124.6818624,-147.0917358,-98.07061768
260,5150,5143,5157,-126.3444483,-170.7237396,-78.72184753
261,5172.5,5166,5179,-129.583253,-160.731781,-102.9837494
262,5194.5,5188,5201,-126.6144349,-158.7345581,-96.24659729
263,5211,5204,5218,-113.348274,-183.3480072,-44.90179825
264,5227.5,5221,5234,-134.8327043,-213.4930725,-50.82041931
265,5250,5243,5257,-124.0726812,-160.2581024,-85.37783813
266,5266.5,5260,5273,-131.3755913,-174.6685638,-93.17190552
267,5283,5276,5290,-131.0066635,-183.328949,-65.22926331
268,5305.5,5299,5312,-132.2061212,-201.1588135,-78.88250732
269,5322,5315,5329,-133.7815402,-179.7684631,-60.37266159
270,5338.5,5332,5345,-129.9324515,-175.6335449,-75.79168701
271,5361,5354,5368,-126.864298,-172.3898621,-78.22924042
272,5383.5,5377,5390,-110.1417743,-160.8865662,-72.04316711
273,5406,5399,5413,-99.15794779,-160.6521301,-32.83033371
274,5428.5,5422,5435,-114.374946,-182.6430817,-31.5210495
275,5444.5,5438,5451,-121.1008878,-161.4085999,-67.30860901
276,5467,5460,5474,-126.1288274,-185.1117859,-55.84339905
277,5483.5,5477,5490,-117.5017447,-163.3635406,-46.360569
278,5506,5499,5513,-126.503242,-203.9476776,-42.33174515
279,5522.5,5516,5529,-116.4867082,-187.7307739,-32.70544815
280,5539,5532,5546,-123.9384644,-201.1749268,-35.69085693
281,5555.5,5549,5562,-120.3990067,-177.847229,-51.46403885
282,5578,5571,5585,-124.5971837,-181.8594055,-72.23810577
283,5594.5,5588,5601,-133.1071478,-162.821167,-103.9989319
284,5617,5610,5624,-132.9304321,-176.8688049,-100.3006134
285,5639.5,5633,5646,-128.8298318,-191.5552216,-87.01132202
286,5662,5655,5669,-134.5573741,-175.8561707,-80.45336914
287,5678.5,5672,5685,-126.3799488,-201.8017273,-34.59947968
288,5694.5,5688,5701,-133.0268489,-220.5222473,-42.84163666
289,5717,5710,5724,-125.1162298,-187.4818726,-59.8677597
290,5739.5,5733,5746,-131.1617012,-177.0487061,-71.59111786
291,5762,5755,5769,-128.2069733,-147.2889404,-106.4350891
292,5784.5,5778,5791,-121.7031659,-145.6444092,-71.92073059
293,5807,5800,5814,-124.4685562,-183.9441833,-40.98781967
294,5823.5,5817,5830,-126.0303808,-218.2851563,-62.67677307
295,5846,5839,5853,-134.2502508,-197.2098236,-66.32369995
296,5862.5,5856,5869,-137.3033338,-196.6428528,-107.0400085
297,5879,5872,5886,-129.5852549,-164.8547211,-91.49666595
298,5895.5,5889,5902,-138.5404282,-195.6860199,-74.98081207
299,5912,5905,5919,-132.4843646,-204.8393555,-8.869495392
300,5934.5,5928,5941,-131.7109885,-196.9202576,-60.52878952
301,5950.5,5944,5957,-139.0984301,-194.1148071,-70.84702301
302,5973,5966,5980,-135.2474996,-192.7893829,-57.79905701
303,5995.5,5989,6002,-129.0656907,-176.0845032,-64.97422791
304,6018,6011,6025,-129.3757731,-180.5522156,-56.45555115
305,6034.5,6028,6041,-125.4046892,-180.7645569,-67.05615234
306,6051,6044,6058,-127.4810692,-171.414917,-52.47428513
307,6073.5,6067,6080,-128.6633617,-171.2278748,-59.48563385
308,6096,6089,6103,-129.7459707,-171.9513245,-65.69001007
309,6112.5,6106,6119,-133.1193532,-180.6068878,-76.56166077
310,6129,6122,6136,-131.4784587,-174.9911194,-78.34654236
311,6145.5,6139,6152,-131.1084317,-187.1033936,-45.21777344
312,6167.5,6161,6174,-130.104911,-195.7665558,-55.40784073
313,6190,6183,6197,-125.025651,-180.3724365,-37.77289581
314,6206.5,6200,6213,-125.4476504,-192.8861389,-77.08627319
315,6229,6222,6236,-134.6847244,-177.960968,-82.60371399
316,6245.5,6239,6252,-142.458804,-177.9947662,-104.0241547
317,6268,6261,6275,-138.4048976,-166.0656281,-105.8447571
318,6290.5,6284,6297,-137.9932,-182.1607971,-90.09461975
319,6313,6306,6320,-136.7756856,-190.2828217,-75.30895996
320,6329.5,6323,6336,-136.9141677,-209.7902679,-54.26618958
321,6352,6345,6359,-138.9700638,-196.3966675,-95.14320374
322,6368.5,6362,6375,-147.6468827,-198.5004272,-81.65710449
323,6391,6384,6398,-143.9048055,-207.7836304,-88.40483856
324,6407.5,6401,6414,-136.276638,-203.5958099,-84.17990112
325,6423.5,6417,6430,-139.6000432,-191.5007935,-89.08808899
326,6446,6439,6453,-153.1560649,-192.9987793,-101.7797623
327,6468.5,6462,6475,-152.0424194,-182.4710236,-119.0624542
328,6491,6484,6498,-152.0311554,-170.0670624,-126.4355774
329,6513.5,6507,6520,-148.0033182,-183.0378113,-116.9814911
330,6536,6529,6543,-147.2718384,-181.9976654,-128.1414795
331,6552.5,6546,6559,-154.5692193,-196.3079071,-111.5941391
332,6575,6568,6582,-148.2502141,-207.6543121,-73.4623642
333,6597.5,6591,6604,-156.4726459,-210.605957,-65.60978699
334,6620,6613,6627,-143.9396617,-177.6352692,-88.53830719
335,6642.5,6636,6649,-150.0948712,-224.1787415,-51.32223892
336,6665,6658,6672,-147.0517275,-221.9950867,-61.2919426
337,6687.5,6681,6694,-152.2847579,-222.3013611,-66.63602448
338,6703.5,6697,6710,-154.0271029,-202.3460541,-119.9139633
339,6726,6719,6733,-156.0360677,-197.6847229,-123.159729
340,6748.5,6742,6755,-163.3277016,-192.8080139,-118.85009
341,6771,6764,6778,-158.5093063,-210.0213013,-114.1533203
342,6793.5,6787,6800,-151.6344365,-225.4733429,-100.4699554
343,6810,6803,6817,-158.8017156,-228.2276917,-83.32043457
344,6832.5,6826,6839,-146.4700574,-204.1171265,-88.90755463
345,6849,6842,6856,-154.2815501,-226.5080261,-80.14415741
346,6871.5,6865,6878,-165.6198207,-198.3171387,-139.6329651
347,6894,6887,6901,-153.9880493,-174.5559998,-123.8405914
348,6916.5,6910,6923,-151.4176118,-183.3122406,-116.4257507
349,6933,6926,6940,-154.9819606,-194.4761353,-110.4415359
350,6955.5,6949,6962,-154.7443542,-192.8800964,-119.4698181
351,6977.5,6971,6984,-153.4422171,-179.321228,-112.3480225
352,6994,6987,7001,-152.553687,-179.1362915,-122.9404526
353,7010.5,7004,7017,-153.4991411,-169.9814453,-135.2108612
354,7027,7020,7034,-158.5168081,-189.4867554,-129.1995392
355,7049.5,7043,7056,-155.8708027,-195.4740143,-116.2507019
356,7072,7065,7079,-154.6073034,-223.5774231,-86.63200378
357,7094.5,7088,7101,-152.1911823,-240.3414612,-65.28643036
358,7117,7110,7124,-149.0856583,-214.2308197,-78.0615387
359,7133.5,7127,7140,-154.2905622,-213.6693878,-67.36325073
360,7156,7149,7163,-156.8312505,-216.3261108,-62.68640137
361,7172.5,7166,7179,-156.4501435,-226.2458801,-73.26780701
362,7188.5,7182,7195,-161.5003422,-209.8086243,-110.401535
363,7205,7198,7212,-161.5670868,-219.9620667,-110.531105
364,7227.5,7221,7234,-153.2548572,-220.6667786,-75.48527527
365,7250,7243,7257,-159.3170146,-183.8269958,-135.3120117
366,7266.5,7260,7273,-159.3184662,-184.9031219,-134.6510315
367,7289,7282,7296,-158.3102036,-213.8058777,-97.97665405
368,7311.5,7305,7318,-162.6029603,-215.0687866,-83.34920502
369,7334,7327,7341,-158.6488505,-225.1227875,-78.73430634
370,7356.5,7350,7363,-150.9550332,-235.3169861,-49.73875809
371,7373,7366,7380,-157.7711472,-207.3688049,-92.48949432
372,7395.5,7389,7402,-155.2607934,-215.1557922,-99.63139343
373,7412,7405,7419,-157.9634303,-202.1385193,-104.0208664
374,7434.5,7428,7441,-162.6091537,-192.3916321,-134.8697052
375,7450.5,7444,7457,-169.9478749,-191.9697266,-148.4248962
376,7467,7460,7474,-161.3993347,-204.8714905,-101.877655
377,7483.5,7477,7490,-156.60903,-227.8163147,-51.08674622
378,7506,7499,7513,-161.9715159,-240.113327,-71.23161316
379,7528.5,7522,7535,-166.7716408,-236.917984,-100.4167328
380,7551,7544,7558,-163.1529104,-196.4322815,-112.7257767
381,7567.5,7561,7574,-170.0956808,-201.5617981,-127.133934
382,7590,7583,7597,-169.4855698,-212.2036743,-118.9774475
383,7606.5,7600,7613,-172.2314017,-201.8623657,-153.8375092
384,7629,7622,7636,-182.7169291,-204.2076416,-161.0696869
385,7651.5,7645,7658,-170.4784818,-189.6563568,-154.7990723
386,7668,7667,7669,-192.7216543,-203.5826721,-185.9917908
387,51.5,45,58,-171.2981126,-207.2445221,-124.5468063
388,73.5,67,80,-174.3390388,-208.1008911,-125.8600082
389,96,89,103,-176.7609873,-219.1027222,-115.7662659
390,118.5,112,125,-176.5325601,-231.9740295,-92.56697083
391,141,134,148,-178.4713903,-239.5695496,-110.2698822
392,163.5,157,170,-170.9555724,-231.9718018,-101.8093643
393,186,179,193,-174.4053599,-220.7246246,-119.8417664
394,208.5,202,215,-179.3948855,-201.9986572,-157.6024323
395,231,224,238,-180.4270559,-202.3296814,-147.2087402
396,253.5,247,260,-180.2976739,-210.0597839,-144.282074
397,276,269,283,-174.9634176,-193.1901855,-144.2841187
398,298.5,292,305,-176.7519291,-216.2316895,-146.0211487
399,321,314,328,-176.406901,-208.6714172,-152.8747253
400,343.5,337,350,-183.9783162,-208.3333435,-145.0470581
401,365.5,359,372,-189.7245625,-241.7064209,-133.6209564
402,388,381,395,-179.0448176,-248.4497681,-104.8181305
403,410.5,404,417,-175.9758056,-224.8138275,-126.9596329
404,433,426,440,-182.0506215,-237.4130402,-111.6161194
405,455.5,449,462,-169.0675667,-257.8745728,-56.26848984
406,478,471,485,-180.2868688,-248.1586456,-93.97789001
407,500.5,494,507,-176.4410804,-259.7416382,-83.436409
408,523,516,530,-177.5739853,-226.9520569,-106.1053467
409,545.5,539,552,-176.0535562,-205.1500549,-146.9325714
410,568,561,575,-182.0006159,-229.0684662,-122.7578964
411,590.5,584,597,-189.9953646,-227.8209686,-140.3687744
412,612.5,606,619,-188.7132078,-208.7782593,-162.6820374
413,635,628,642,-186.8653778,-217.7988739,-162.2199097
414,657.5,651,664,-188.0323944,-222.8382263,-157.038269
415,680,673,687,-188.8477295,-229.8095551,-140.0176392
416,702.5,696,709,-186.5059422,-216.2409821,-157.1842957
417,725,718,732,-189.4091868,-205.9911804,-164.7610474
418,747.5,741,754,-191.0988192,-222.6131592,-159.5471802
419,770,763,777,-190.2968984,-235.1549225,-158.9433594
420,792.5,786,799,-185.8147256,-233.198822,-136.14711
421,815,808,822,-193.2330587,-235.5674133,-151.6158142
422,837.5,831,844,-188.8304618,-217.1471558,-146.2835846
423,860,853,867,-190.888736,-229.6442413,-133.9458923
424,882.5,876,889,-199.0106234,-254.4037781,-133.3759766
425,904.5,898,911,-194.0859936,-276.8589478,-123.5695267
426,927,920,934,-193.5971705,-253.2755585,-125.4930344
427,949.5,943,956,-193.8409358,-227.2736511,-157.3678894
428,972,965,979,-196.8790192,-266.2457886,-127.937149
429,994.5,988,1001,-206.9049465,-270.0664063,-110.3636932
430,1017,1010,1024,-197.7385925,-250.8639832,-132.670105
431,1039.5,1033,1046,-199.8533445,-240.2093506,-166.9397278
432,1062,1055,1069,-192.5535217,-228.6165619,-159.4685974
433,1084.5,1078,1091,-193.9751848,-247.4382477,-112.8781433
434,1107,1100,1114,-188.8813304,-235.2696228,-138.7000732
435,1129.5,1123,1136,-195.0715719,-253.5301514,-106.9594879
436,1152,1145,1159,-199.9523234,-261.8153687,-114.9021301
437,1174.5,1168,1181,-200.3369991,-287.1908569,-130.0874329
438,1196.5,1190,1203,-197.5756127,-229.3652344,-160.4511261
439,1219,1212,1226,-199.2902262,-235.8677063,-173.0101013
440,1241.5,1235,1248,-193.776062,-241.5552063,-139.6448059
441,1264,1257,1271,-196.2658915,-250.0080566,-119.2739182
442,1286.5,1280,1293,-200.3162646,-265.5933838,-154.4650879
443,1309,1302,1316,-200.5259399,-236.7277069,-154.0359802
444,1331.5,1325,1338,-206.4757876,-231.624115,-169.6454315
445,1354,1347,1361,-210.1075572,-247.7600403,-169.3227844
446,1376.5,1370,1383,-209.6015647,-245.0972595,-172.5455933
447,1399,1392,1406,-200.824293,-235.5979004,-159.6114197
448,1421.5,1415,1428,-214.0667692,-265.9022217,-141.062561
449,1444,1437,1451,-203.4115377,-275.9697571,-104.552475
450,1466.5,1460,1473,-195.8567647,-276.4207764,-125.3005981
451,1488.5,1482,1495,-196.2543128,-250.9499512,-143.5924835
452,1511,1504,1518,-200.1810811,-239.1558838,-161.846817
453,1533.5,1527,1540,-203.91099,-254.5024719,-142.0471954
454,1556,1549,1563,-201.5037252,-249.8599548,-133.681427
455,1578.5,1572,1585,-211.119557,-250.0633545,-160.5422211
456,1601,1594,1608,-204.043281,-262.3875732,-134.5324097
457,1623.5,1617,1630,-193.9978638,-252.5567322,-132.734436
458,1646,1639,1653,-207.0333435,-280.6259155,-105.8775177
459,1668.5,1662,1675,-203.7702397,-280.0220642,-116.9036407
460,1691,1684,1698,-204.7565409,-260.6957397,-143.1501617
461,1713.5,1707,1720,-199.5792258,-250.5768127,-164.9139709
462,1735.5,1729,1742,-212.4273485,-253.4869843,-174.1856995
463,1758,1751,1765,-207.4879618,-229.3233337,-164.5030823
464,1780.5,1774,1787,-219.9461866,-246.5121155,-196.3865509
465,1803,1796,1810,-220.7767609,-250.6141205,-196.5585632
466,1825.5,1819,1832,-214.6716919,-256.4963379,-155.1689758
467,1848,1841,1855,-215.9912933,-278.6777344,-161.4880219
468,1870.5,1864,1877,-201.0709784,-268.5973206,-141.332016
469,1893,1886,1900,-213.7347941,-289.847168,-144.3210754
470,1915.5,1909,1922,-222.0385252,-263.6457825,-170.9038239
471,1938,1931,1945,-215.8967946,-231.4193268,-183.8338776
472,1960.5,1954,1967,-219.1637344,-263.5574341,-166.0012512
473,1983,1976,1990,-215.4963826,-268.1782837,-146.1843872
474,2005.5,1999,2012,-223.4836437,-268.1585083,-157.6229858
475,2027.5,2021,2034,-219.2520283,-261.2076416,-141.2492676
476,2050,2043,2057,-224.4607452,-268.9075012,-168.4898834
477,2072.5,2066,2079,-217.1372321,-279.2719116,-154.4838715
478,2095,2088,2102,-223.9623108,-271.4412231,-183.8392181
479,2117.5,2111,2124,-220.4891281,-248.9428864,-199.6589813
480,2140,2133,2147,-220.1309224,-246.4604645,-193.9020996
481,2162.5,2156,2169,-220.3647962,-248.8341217,-164.8607025
482,2185,2178,2192,-224.1924937,-268.053772,-179.9135284
483,2207.5,2201,2214,-215.6807305,-285.2240295,-143.7448883
484,2230,2223,2237,-202.4251134,-270.4096069,-121.209877
485,2252.5,2246,2259,-217.6775633,-281.1923828,-144.9711151
486,2275,2268,2282,-215.4906006,-277.1541138,-147.1037598
487,2297.5,2291,2304,-218.6974934,-258.6035767,-168.9101563
488,2319.5,2313,2326,-214.7795683,-248.0154419,-181.9530029
489,2342,2335,2349,-224.0578217,-244.1873322,-201.3565979
490,2364.5,2358,2371,-226.0281655,-273.5779419,-184.924469
491,2387,2380,2394,-232.5751577,-268.6998291,-208.6486511
492,2409.5,2403,2416,-228.7789503,-255.34552,-197.6949463
493,2432,2425,2439,-233.3529409,-250.8258057,-203.6681824
494,2454.5,2448,2461,-229.7664424,-256.789856,-203.2167664
495,2477,2470,2484,-233.3421651,-277.9832458,-207.4140778
496,2499.5,2493,2506,-229.2437036,-271.7537842,-188.4028625
497,2522,2515,2529,-232.1604106,-261.3941345,-192.5578156
498,2544.5,2538,2551,-233.0521208,-271.2185059,-167.5278931
499,2567,2560,2574,-230.4143962,-306.1572876,-150.6879578
500,2589.5,2583,2596,-218.0684607,-299.6781006,-120.7187805
501,2611.5,2605,2618,-219.8172237,-272.5347595,-136.4588318
502,2634,2627,2641,-225.2134867,-275.3512573,-190.3927765
503,2656.5,2650,2663,-226.8429424,-274.9751587,-180.4430847
504,2679,2672,2686,-234.1893056,-266.5875244,-209.2441711
505,2701.5,2695,2708,-236.6427078,-256.3845215,-223.718399
506,2724,2717,2731,-235.8134176,-259.8673096,-198.946991
507,2746.5,2740,2753,-240.2912162,-269.1901245,-194.3086395
508,2769,2762,2776,-237.6508291,-249.8583679,-213.7792664
509,2791.5,2785,2798,-231.8836506,-259.1466675,-194.6290588
510,2814,2807,2821,-235.6167572,-280.7568665,-184.1713562
511,2836.5,2830,2843,-233.1366283,-280.8227844,-183.6383972
512,2858.5,2852,2865,-231.8782316,-297.295105,-177.8561554
513,2881,2874,2888,-226.8706553,-272.9854736,-164.1869659
514,2903.5,2897,2910,-238.8743907,-290.5215149,-136.5339661
515,2926,2919,2933,-225.1699982,-281.5797729,-156.8618774
516,2948.5,2942,2955,-223.9594138,-265.4536743,-170.4055786
517,2971,2964,2978,-222.2536489,-270.2828369,-167.5397644
518,2993.5,2987,3000,-234.4345278,-271.4248657,-174.2511597
519,3016,3009,3023,-225.8712677,-302.7642212,-138.1584473
520,3038.5,3032,3045,-226.7227358,-288.5361633,-151.506958
521,3061,3054,3068,-232.0001638,-284.2926025,-165.4515991
522,3083.5,3077,3090,-236.41545,-292.4595947,-142.7234497
523,3106,3099,3113,-229.2428762,-300.3824463,-154.4344177
524,3128.5,3122,3135,-219.7799465,-274.1395264,-180.3841248
525,3150.5,3144,3157,-222.0459311,-264.8714905,-166.0651245
526,3173,3166,3180,-237.6790761,-273.031189,-203.8487854
527,3195.5,3189,3202,-227.5360293,-276.1845093,-172.2287598
528,3218,3211,3225,-228.1869008,-267.0632629,-189.0234375
529,3240.5,3234,3247,-241.2050858,-304.1567993,-151.6233063
530,3263,3256,3270,-237.3545583,-286.5396118,-160.787323
531,3285.5,3279,3292,-222.2088285,-264.5240479,-155.6132813
532,3308,3301,3315,-229.0586863,-252.2602539,-186.6915894
533,3330.5,3324,3337,-237.0654482,-254.45755,-216.9156036
534,3353,3346,3360,-241.7020274,-297.3562622,-189.1071167
535,3375.5,3369,3382,-235.3358034,-271.8616638,-189.7581329
536,3398,3391,3405,-238.7895823,-260.9942627,-215.65448
537,3420.5,3414,3427,-243.6248801,-271.9821472,-227.6173706
538,3442.5,3436,3449,-233.5567899,-251.4868622,-215.4838867
539,3465,3458,3472,-235.236793,-268.109436,-203.939209
540,3487.5,3481,3494,-234.69881,-295.0770874,-172.8589478
541,3510,3503,3517,-220.0214284,-276.7189941,-151.6408997
542,3532.5,3526,3539,-234.179536,-289.9746704,-140.5424194
543,3555,3548,3562,-207.1323812,-284.5431519,-130.3553314
544,3577.5,3571,3584,-222.5037548,-268.4730225,-126.7057648
545,3600,3593,3607,-212.6794291,-272.5751648,-127.7098083
546,3622.5,3616,3629,-226.5171563,-272.093811,-155.7430115
547,3645,3638,3652,-229.7537079,-264.9935913,-202.1045074
548,3667.5,3661,3674,-224.2926102,-243.7157288,-201.4779968
549,3690,3683,3697,-236.1333771,-257.2706909,-219.1482239
550,3712.5,3706,3719,-241.6727066,-267.7415771,-206.2145081
551,3734.5,3728,3741,-233.569143,-267.0402832,-205.6670532
552,3757,3750,3764,-235.9075836,-268.7866211,-212.1518555
553,3779.5,3773,3786,-237.9536427,-270.5369263,-205.5056915
554,3802,3795,3809,-242.8613118,-271.8839722,-222.1097717
555,3824.5,3818,3831,-242.0604357,-269.4613342,-212.6019287
556,3847,3840,3854,-228.6268677,-244.395752,-205.6548462
557,3869.5,3863,3876,-237.9118881,-257.0502319,-218.3452759
558,3892,3885,3899,-243.2412354,-266.9248047,-210.8068542
559,3914.5,3908,3921,-238.4725407,-259.5556641,-222.8764648
560,3937,3930,3944,-212.732313,-263.5474243,-130.5643768
561,3959.5,3953,3966,-126.3429424,-159.5278931,-85.31987
562,3981.5,3975,3988,-144.9734263,-218.0003967,-90.05093384
563,4004,3997,4011,-200.6243042,-262.1016846,-108.283783
564,4026.5,4020,4033,-206.5818481,-266.5968018,-136.6439056
565,4049,4042,4056,-200.6735957,-272.0131226,-126.0978775
566,4071.5,4065,4078,-204.9650606,-262.9621887,-141.0226288
567,4094,4087,4101,-208.1303925,-269.7263184,-138.2488098
568,4116.5,4110,4123,-217.7388208,-267.6480713,-164.0720215
569,4139,4132,4146,-219.0663656,-252.4156189,-181.5177917
570,4161.5,4155,4168,-219.9402564,-252.9580383,-167.8430786
571,4184,4177,4191,-222.53567,-265.0474243,-178.1508789
572,4206.5,4200,4213,-223.65362,-252.2802582,-175.1158447
573,4229,4222,4236,-221.4971537,-248.0989532,-179.2685547
574,4251.5,4245,4258,-212.5931026,-264.8209229,-175.712677
575,4273.5,4267,4280,-205.1085036,-283.133606,-109.5054169
576,4296,4289,4303,-219.5033264,-294.5343628,-135.8685913
577,4318.5,4312,4325,-213.7469461,-287.9399414,-98.44502258
578,4341,4334,4348,-214.804571,-294.3797607,-108.6522751
579,4363.5,4357,4370,-237.4750693,-298.1590576,-175.2065125
580,4386,4379,4393,-220.3980011,-267.305603,-168.619339
581,4408.5,4402,4415,-145.0711408,-239.2772522,-65.19433594
582,4431,4424,4438,-143.292657,-186.0591888,-83.40151978
583,4453.5,4447,4460,-189.9971586,-220.9978333,-138.8581543
584,4476,4469,4483,-202.2261098,-257.0340576,-168.9477539
585,4498.5,4492,4505,-216.3002592,-246.4615021,-179.4692993
586,4521,4514,4528,-213.1546438,-255.7676392,-160.6782532
587,4543.5,4537,4550,-203.2743716,-245.6570129,-170.2963562
588,4565.5,4559,4572,-203.2463106,-265.2796631,-161.3132477
589,4588,4581,4595,-216.8170705,-256.4956665,-172.4561462
590,4610.5,4604,4617,-217.3156357,-247.1009827,-166.3506622
591,4633,4626,4640,-130.7589015,-161.1856232,-90.99060822
592,4655.5,4649,4662,-144.0357197,-213.1730957,-90.55984497
593,4678,4671,4685,-164.1958288,-222.13591,-108.2303696
594,4700.5,4694,4707,-165.9338799,-221.7035828,-107.284111
595,4723,4716,4730,-165.7080307,-219.881073,-101.5634155
596,4745.5,4739,4752,-160.875309,-206.9129181,-119.7177963
597,4768,4761,4775,-193.6410014,-232.9955444,-129.7127686
598,4790.5,4784,4797,-209.9464275,-229.9579773,-191.6091614
599,4813,4806,4820,-215.8128072,-254.2774658,-172.0167847
600,4835.5,4829,4842,-189.5261487,-250.8677979,-123.8785019
601,4857.5,4851,4864,-203.915826,-248.411499,-169.0005798
602,4880,4873,4887,-210.8498494,-258.8431091,-165.8710632
603,4902.5,4896,4909,-218.0384925,-257.3546753,-176.5623779
604,4925,4918,4932,-207.1272146,-269.4608765,-136.1134338
605,4947.5,4941,4954,-132.6521072,-185.8562012,-89.33668518
606,4970,4963,4977,-170.5645416,-202.4425507,-128.1782684
607,4992.5,4986,4999,-205.9608808,-222.7909698,-174.9633484
608,5015,5008,5022,-205.8737223,-246.3943481,-176.6854553
609,5037.5,5031,5044,-141.1285384,-166.8776093,-109.0923233
610,5060,5053,5067,-163.2850911,-235.1091766,-95.12408447
611,5082.5,5076,5089,-189.9367692,-244.8329773,-119.094368
612,5104.5,5098,5111,-166.4303322,-232.3022461,-102.155426
613,5127,5120,5134,-179.7027476,-245.9443665,-108.4139404
614,5149.5,5143,5156,-182.3288961,-228.1351929,-109.4812393
615,5172,5165,5179,-200.5388529,-247.6977539,-144.7931519
616,5194.5,5188,5201,-202.4173192,-248.0799255,-155.4842377
617,5217,5210,5224,-181.3537033,-238.0851135,-96.50167084
618,5239.5,5233,5246,-156.5024174,-195.1528625,-107.2144928
619,5262,5255,5269,-169.0940715,-204.4435425,-112.7992935
620,5284.5,5278,5291,-189.2637427,-235.7085876,-133.7294922
621,5307,5300,5314,-176.1745544,-225.8118286,-142.768219
622,5329.5,5323,5336,-171.9386161,-205.4550781,-145.9906616
623,5352,5345,5359,-181.1844604,-213.4794617,-140.0937195
624,5374.5,5368,5381,-178.4336553,-241.773468,-117.75811
625,5396.5,5390,5403,-176.407014,-243.1880493,-110.6562347
626,5419,5412,5426,-165.6958344,-229.5154724,-85.75976563
627,5441.5,5435,5448,-181.366357,-206.131134,-152.6291809
628,5464,5457,5471,-181.3469976,-221.3074646,-108.7859421
629,5486.5,5480,5493,-183.2443957,-218.1938934,-131.6294556
630,5509,5502,5516,-178.4995321,-207.9570618,-151.4657593
631,5531.5,5525,5538,-196.727659,-217.0847473,-156.2650757
632,5554,5547,5561,-167.119514,-238.5246582,-102.3132553
633,5576.5,5570,5583,-188.6771513,-231.1988831,-140.5067139
634,5599,5592,5606,-188.6188751,-226.5396423,-140.7808838
635,5621.5,5615,5628,-169.7499946,-214.7089233,-116.1092377
636,5644,5637,5651,-186.7471273,-219.6006012,-155.2579193
637,5666.5,5660,5673,-179.2437166,-234.9272766,-115.6805878
638,5688.5,5682,5695,-191.7459237,-229.5328369,-141.2491455
639,5711,5704,5718,-190.4781169,-244.4513245,-124.5501099
640,5733.5,5727,5740,-178.441246,-223.31604,-124.7889099
641,5756,5749,5763,-175.5606455,-215.2349091,-149.9015045
642,5778.5,5772,5785,-180.6963283,-215.8139954,-132.9396973
643,5801,5794,5808,-181.8995941,-229.8870239,-133.6155396
644,5823.5,5817,5830,-188.5301317,-239.6286621,-143.9233398
645,5846,5839,5853,-189.5869486,-213.1422272,-165.0254211
646,5868.5,5862,5875,-185.2220481,-211.461792,-166.5773468
647,5891,5884,5898,-185.7537954,-224.1105194,-153.2578125
648,5913.5,5907,5920,-193.9617026,-236.7641296,-148.8825073
649,5936,5929,5943,-185.8253774,-220.8148499,-154.8135376
650,5958.5,5952,5965,-183.5559126,-219.4035034,-133.7697449
651,5980.5,5974,5987,-185.9259327,-238.485199,-132.7016754
652,6003,5996,6010,-192.8151316,-228.4775696,-141.607193
653,6025.5,6019,6032,-197.4374063,-248.3019714,-132.8569794
654,6048,6041,6055,-184.5261347,-256.7742004,-99.80792236
655,6070.5,6064,6077,-173.8641118,-252.5065002,-108.3959274
656,6093,6086,6100,-186.2702769,-235.8143311,-136.1436615
657,6115.5,6109,6122,-187.5742863,-236.9611816,-135.7398224
658,6138,6131,6145,-184.8640493,-223.8680115,-127.9391479
659,6160.5,6154,6167,-190.0738384,-242.0671539,-145.4318237
660,6183,6176,6190,-189.0570516,-222.1713867,-132.7544556
661,6205.5,6199,6212,-189.6443242,-211.87323,-166.6384277
662,6227.5,6221,6234,-192.0948388,-230.7897491,-155.6212463
663,6250,6243,6257,-190.9452332,-240.6308289,-137.0993958
664,6272.5,6266,6279,-182.11123,-225.5883179,-133.0852661
665,6295,6288,6302,-187.6033905,-250.4425659,-138.1906738
666,6317.5,6311,6324,-206.3493064,-244.3394165,-149.006134
667,6340,6333,6347,-181.999351,-229.5819397,-125.9564819
668,6362.5,6356,6369,-191.5933413,-208.092041,-169.5689392
669,6385,6378,6392,-200.2707611,-233.0664368,-163.3784485
670,6407.5,6401,6414,-190.6470653,-214.562439,-164.0360565
671,6430,6423,6437,-193.5235392,-216.7051086,-166.362793
672,6452.5,6446,6459,-201.9785788,-222.3524475,-174.6887512
673,6475,6468,6482,-193.5044668,-226.4749298,-156.4480896
674,6497.5,6491,6504,-201.3725412,-219.9986877,-180.7158661
675,6519.5,6513,6526,-202.4925319,-225.6429138,-190.3737183
676,6542,6535,6549,-200.6105072,-244.5448761,-161.7932434
677,6564.5,6558,6571,-186.0931124,-223.9450684,-141.5388794
678,6587,6580,6594,-200.1109253,-238.4092712,-168.1573181
679,6609.5,6603,6616,-204.2700195,-225.6333618,-179.2839661
680,6632,6625,6639,-212.1335297,-238.7058105,-173.5827637
681,6654.5,6648,6661,-197.4815303,-243.9896851,-159.7169495
682,6677,6670,6684,-201.501178,-234.7500916,-154.0685425
683,6699.5,6693,6706,-203.2911693,-223.9841156,-158.3117218
684,6722,6715,6729,-189.417216,-234.2242432,-155.0263977
685,6744.5,6738,6751,-208.7514278,-249.695694,-168.4353333
686,6767,6760,6774,-204.4156443,-270.2880859,-154.6850433
687,6789.5,6783,6796,-200.4477441,-263.3854065,-133.8369598
688,6811.5,6805,6818,-190.2297636,-243.0356903,-127.4918823
689,6834,6827,6841,-183.9176575,-230.5175781,-106.4661407
690,6856.5,6850,6863,-186.7402431,-238.6109314,-142.0650177
691,6879,6872,6886,-193.9300232,-254.1710815,-145.5033569
692,6901.5,6895,6908,-192.2055533,-264.7729492,-137.2563324
693,6924,6917,6931,-197.5163808,-263.1331787,-127.0344696
694,6946.5,6940,6953,-188.6572745,-243.4215088,-136.8091125
695,6969,6962,6976,-191.7273071,-216.9103851,-164.5297546
696,6991.5,6985,6998,-202.7129222,-231.5539093,-153.9651489
697,7014,7007,7021,-212.0384521,-243.6687317,-172.7821503
698,7036.5,7030,7043,-198.8491701,-236.3657684,-171.3597412
699,7059,7052,7066,-205.461673,-248.8179932,-171.8889771
700,7081.5,7075,7088,-204.5848171,-230.7769165,-161.983551
701,7103.5,7097,7110,-200.0678874,-235.3465118,-169.2106628
702,7126,7119,7133,-200.1119476,-233.6609955,-163.4002686
703,7148.5,7142,7155,-210.4192875,-245.9062195,-168.5089417
704,7171,7164,7178,-199.279189,-239.7800293,-158.6967468
705,7193.5,7187,7200,-203.9847532,-227.7137451,-154.1264648
706,7216,7209,7223,-201.6414419,-229.6112823,-179.5914764
707,7238.5,7232,7245,-211.7489548,-253.4024506,-172.233078
708,7261,7254,7268,-202.4473572,-244.7093048,-165.2897949
709,7283.5,7277,7290,-201.7456959,-247.9958038,-151.7010803
710,7306,7299,7313,-210.8990163,-253.9725189,-161.7711792
711,7328.5,7322,7335,-211.2626572,-262.3877258,-160.1507111
712,7350.5,7344,7357,-203.1128366,-253.1323547,-168.0432129
713,7373,7366,7380,-212.6864634,-257.9626465,-175.1991577
714,7395.5,7389,7402,-218.9214238,-269.0552368,-148.3418884
715,7418,7411,7425,-213.5511902,-248.3445129,-169.2928925
716,7440.5,7434,7447,-211.6010263,-240.5276794,-175.4544678
717,7463,7456,7470,-206.7764445,-235.4486389,-187.4477234
718,7485.5,7479,7492,-221.9617092,-281.1462097,-180.833313
719,7508,7501,7515,-205.8904307,-274.7015991,-142.0649872
720,7530.5,7524,7537,-206.9485812,-277.4074707,-140.475235
721,7553,7546,7560,-204.5238434,-269.6295166,-133.1047516
722,7575.5,7569,7582,-212.7729568,-256.7450256,-162.1869659
723,7598,7591,7605,-217.5698558,-256.0001221,-182.6368408
724,7620.5,7614,7627,-206.3910882,-255.3935394,-155.3295288
725,7642.5,7636,7649,-219.2538387,-259.7652588,-173.3295288
726,7665,7658,7672,-219.3182922,-262.1014709,-164.0688019
727,7687.5,7681,7694,-209.2078672,-241.2500916,-177.4767456
728,7710,7703,7717,-222.7313121,-259.696167,-174.1466675
729,7732.5,7726,7739,-207.9032004,-233.8029022,-177.1637268
730,7755,7748,7762,-210.0834981,-244.4840698,-166.8781738
731,7777.5,7771,7784,-221.7464785,-242.2540283,-186.4836121
732,7800,7793,7807,-218.8833272,-240.683136,-188.729126
733,7822.5,7816,7829,-227.0981064,-251.9806213,-184.1578217
734,7845,7838,7852,-218.5092112,-261.2014771,-170.5494385
735,7867.5,7861,7874,-222.4139622,-245.5627136,-200.2615356
736,7890,7883,7897,-210.071226,-240.8933716,-174.8901672
737,7912.5,7906,7919,-212.0019063,-249.6246796,-172.4839325
738,7934.5,7928,7941,-215.9155339,-232.5136566,-186.5063629
739,7957,7950,7964,-208.6682098,-254.5643463,-171.2564392
740,7979.5,7973,7986,-218.1450446,-247.9337769,-185.1488647
741,8002,7995,8009,-213.2185099,-265.1906738,-152.4340057
742,8024.5,8018,8031,-218.1415732,-261.2543945,-156.408905
743,8047,8040,8054,-225.4857269,-264.470459,-165.8762512
744,8069.5,8063,8076,-222.593326,-245.6882324,-188.5634766
745,8092,8085,8099,-223.3777395,-244.9216156,-198.3728943
746,8114.5,8108,8121,-226.885873,-285.0792236,-185.5589752
747,8137,8130,8144,-220.0619609,-255.9141541,-185.5813599
748,8159.5,8153,8166,-225.092526,-251.4143982,-173.2789612
749,8182,8175,8189,-223.8106211,-244.3415833,-211.1236877
750,6.5,0,13,-228.4396973,-268.9030151,-197.6816711
751,28.5,22,35,-212.5337862,-261.2721252,-160.8321838
752,45,38,52,-224.6244548,-268.8511658,-183.6165314
753,61.5,55,68,-227.309069,-258.7122498,-190.2588196
754,78,71,85,-225.284024,-282.5304565,-155.351944
755,94.5,88,101,-215.6306109,-282.6326904,-127.2221527
756,111,104,118,-194.6678955,-268.7336426,-116.4375
757,127.5,121,134,-207.5839751,-265.961792,-120.0110397
758,144,137,151,-204.253184,-250.5742188,-153.1375732
759,160.5,154,167,-212.4678802,-256.7194824,-150.1063995
760,177,170,184,-214.64024,-298.3238525,-115.1401749
761,199.5,193,206,-205.1247733,-272.9446411,-143.9656982
762,215.5,209,222,-205.7797743,-255.3944397,-146.0473022
763,232,225,239,-205.2390615,-281.0395508,-139.6325073
764,248.5,242,255,-197.6926825,-256.0544739,-142.0836792
765,265,258,272,-213.0207489,-242.1625366,-160.4555054
766,281.5,275,288,-221.3051703,-239.8407898,-196.2941132
767,298,291,305,-221.2486623,-251.211853,-194.1048126
768,314.5,308,321,-230.8557859,-253.2997131,-211.5854187
769,331,324,338,-229.0157104,-269.6970215,-199.035675
770,347.5,341,354,-220.9197508,-255.7959595,-162.3261719
771,370,363,377,-218.1107992,-245.0863342,-180.674881
772,386.5,380,393,-234.2244415,-271.8604126,-183.4939575
773,403,396,410,-224.883429,-252.81604,-187.3170013
774,419.5,413,426,-232.4887303,-258.9277344,-195.6457825
775,435.5,429,442,-228.2787835,-254.0545654,-200.8361511
776,452,445,459,-218.0902517,-269.6224976,-163.4683533
777,468.5,462,475,-230.3811569,-274.0569153,-168.9044647
778,485,478,492,-219.4333618,-267.8986816,-174.1089783
779,501.5,495,508,-227.7125963,-269.3102722,-198.2859497
780,518,511,525,-230.9105937,-252.1795197,-210.8091125
781,540.5,534,547,-238.6931883,-256.4286499,-227.8683929
782,557,550,564,-237.2938812,-259.0405273,-216.6903076
783,573.5,567,580,-240.7475063,-268.8901978,-214.9511871
784,590,583,597,-241.8061381,-271.1010132,-208.394516
785,606.5,600,613,-240.2360578,-282.795166,-182.4304047
786,623,616,630,-236.7732056,-266.9307861,-198.4780884
787,639.5,633,646,-232.4905668,-279.8813171,-186.0254211
788,655.5,649,662,-223.8726927,-277.0207825,-129.1546936
789,672,665,679,-210.7997172,-269.2177124,-147.9893188
790,688.5,682,695,-221.5676684,-272.6520996,-172.6289215
791,711,704,718,-212.8541453,-268.2083435,-167.4746857
792,727.5,721,734,-226.1868733,-261.2667847,-188.061615
793,744,737,751,-227.8439077,-266.7635803,-185.8973389
794,760.5,754,767,-230.8251757,-256.258728,-183.1113892
795,777,770,784,-227.4566396,-274.5686951,-172.3310852
796,793.5,787,800,-231.7423281,-284.7832947,-160.1716461
797,810,803,817,-227.699294,-266.0065308,-187.6361084
798,826.5,820,833,-222.6557737,-271.3365479,-182.5335388
799,843,836,850,-220.6987854,-286.7920532,-154.5301819
800,859.5,853,866,-208.8070657,-278.5306396,-131.9915161
801,881.5,875,888,-226.3723973,-267.8998413,-165.5289612
802,898,891,905,-220.4609721,-268.8470459,-157.1758728
803,914.5,908,921,-240.6653366,-274.2644348,-203.9788818
804,931,924,938,-230.4055481,-267.6809082,-191.3734131
805,947.5,941,954,-234.3438503,-261.4751587,-192.5799866
806,964,957,971,-238.402712,-265.5612183,-199.1117249
807,980.5,974,987,-234.8811057,-289.2133179,-179.3049622
808,997,990,1004,-232.4676392,-279.6586914,-182.531311
809,1013.5,1007,1020,-226.7397723,-285.8103027,-158.4453125
810,1030,1023,1037,-232.5635559,-283.6390076,-146.8065796
811,1052.5,1046,1059,-223.6405978,-282.7630615,-169.6006927
812,1068.5,1062,1075,-234.8464388,-288.6326904,-160.1420746
813,1085,1078,1092,-233.0604279,-264.7370605,-184.7020416
814,1101.5,1095,1108,-242.2170519,-269.0889893,-201.2142334
815,1118,1111,1125,-245.7521647,-276.9484253,-214.9548645
816,1134.5,1128,1141,-237.9187121,-272.0402222,-198.2598877
817,1151,1144,1158,-245.2604797,-271.9790955,-215.509613
818,1167.5,1161,1174,-246.7158127,-271.9186401,-210.4954071
819,1184,1177,1191,-243.0207113,-283.488739,-206.5424805
820,1200.5,1194,1207,-238.4460035,-272.2911377,-208.6136475
821,1223,1216,1230,-235.4561289,-274.0111694,-213.2206879
822,1239.5,1233,1246,-229.1822303,-274.0577698,-190.5228271
823,1256,1249,1263,-240.4568166,-295.4631653,-205.9758301
824,1272.5,1266,1279,-244.3373391,-286.8821106,-198.6731262
825,1288.5,1282,1295,-236.360817,-276.0905457,-196.0826721
826,1305,1298,1312,-242.3827983,-294.7236328,-175.079422
827,1321.5,1315,1328,-241.4495337,-305.4415283,-183.1244202
828,1338,1331,1345,-225.6903381,-271.6939087,-171.1933746
829,1354.5,1348,1361,-215.4706399,-256.7639771,-180.7902985
830,7,0,14,-244.1750804,-292.9880676,-185.0165253
831,29.5,23,36,-235.6521018,-297.5926514,-168.2891235
832,52,45,59,-228.3144979,-297.3187866,-164.7053528
833,74.5,68,81,-244.6056835,-287.34552,-180.8338776
834,97,90,104,-251.0473755,-299.1916199,-198.5067749
835,119.5,113,126,-237.5432739,-307.7026367,-183.4727325
836,142,135,149,-243.2322398,-284.0065613,-168.1833038
837,164.5,158,171,-233.2790811,-276.6842346,-193.62323
838,186.5,180,193,-238.6581911,-266.1011353,-208.1848755
839,209,202,216,-256.4240784,-286.5485229,-213.008728
840,231.5,225,238,-248.8413609,-279.4215088,-220.9129181
841,254,247,261,-258.1303569,-297.5718994,-209.9353333
842,276.5,270,283,-255.3083365,-297.0317993,-212.9216614
843,299,292,306,-253.860085,-314.6936951,-196.5300903
844,321.5,315,328,-259.8437663,-296.050293,-208.4993134
845,344,337,351,-263.0100566,-317.6587524,-239.6089478
846,366.5,360,373,-240.9531522,-285.3010254,-204.5769043
847,389,382,396,-255.1430827,-291.2676086,-216.0092468
848,411.5,405,418,-268.8714709,-302.6021729,-220.9083405
849,434,427,441,-265.6067413,-294.7747192,-225.2254791
850,456.5,450,463,-249.8919362,-304.1070862,-205.9747314
851,478.5,472,485,-221.9472504,-274.5548096,-155.4442596
852,501,494,508,-251.0508036,-284.3137817,-204.2537384
853,523.5,517,530,-246.329313,-276.2727051,-210.3318787
854,546,539,553,-249.2764384,-308.7390137,-190.6855011
855,568.5,562,575,-253.5819299,-285.7757263,-193.5775452
856,591,584,598,-254.2540019,-301.6554565,-200.3675385
857,613.5,607,620,-252.9390956,-304.0509033,-209.0448608
858,636,629,643,-256.9529724,-312.3754883,-210.1129761
859,658.5,652,665,-267.9966147,-304.330719,-216.7339172
860,681,674,688,-245.9388143,-309.633728,-203.6825256
861,703.5,697,710,-242.9138129,-288.6573486,-169.9306641
862,725.5,719,732,-261.2995922,-298.1471558,-225.231781
863,748,741,755,-259.0772949,-290.1420288,-227.0162659
864,770.5,764,777,-263.8142678,-289.0715027,-234.3594055
865,793,786,800,-274.6580983,-300.7041321,-250.3583527
866,815.5,809,822,-263.0621807,-308.0369263,-213.4311218
867,838,831,845,-240.6953501,-309.5336304,-188.5905762
868,860.5,854,867,-259.7212993,-281.5169067,-235.3869324
869,883,876,890,-258.9981567,-301.5634155,-225.4259338
870,905.5,899,912,-252.0807561,-297.3207092,-199.9878387
871,928,921,935,-257.8954071,-300.9991455,-181.7341614
872,950.5,944,957,-258.9333245,-305.4859009,-199.1169434
873,973,966,980,-259.9327393,-304.1560364,-220.6959839
874,995.5,989,1002,-258.1541792,-309.7027893,-221.9514771
875,1017.5,1011,1024,-261.1615459,-307.7041626,-197.6992645
876,1040,1033,1047,-248.5963999,-317.6799011,-159.5942535
877,1062.5,1056,1069,-250.6285564,-298.6261902,-166.5907745
878,1085,1078,1092,-252.0524028,-302.318573,-188.9791107
879,1107.5,1101,1114,-241.6302272,-289.3192139,-199.2541199
880,1130,1123,1137,-252.6750621,-297.2047729,-188.1269073
881,1152.5,1146,1159,-243.9497539,-294.1871948,-198.2205505
882,1175,1168,1182,-242.3501862,-303.3742065,-163.5025635
883,1197.5,1191,1204,-262.2333352,-290.7888794,-228.1404419
884,1220,1213,1227,-254.6481517,-286.3462219,-221.4314728
885,1242.5,1236,1249,-267.6206033,-280.5311279,-250.4212189
886,1265,1258,1272,-269.894219,-303.2081604,-252.4581604
887,1287.5,1281,1294,-269.009782,-283.9432068,-249.9158783
888,1309.5,1303,1316,-267.9425975,-313.3299866,-218.9201355
889,1332,1325,1339,-271.02435,-323.666687,-187.1894226
890,1354.5,1348,1361,-254.1132377,-323.1809692,-163.6978607
891,1377,1370,1384,-253.3952972,-307.6995239,-180.4963837
892,1399.5,1393,1406,-269.867436,-312.4534912,-212.2873688
893,1422,1415,1429,-256.1556702,-308.8571472,-208.3610077
894,1444.5,1438,1451,-252.1695807,-279.1235657,-214.2649231
895,1467,1460,1474,-257.4610077,-271.7243042,-239.3626099
896,1489.5,1483,1496,-255.1755415,-292.5883179,-225.5059052
897,1512,1505,1519,-265.7640025,-305.0233765,-204.8101501
898,1534.5,1528,1541,-257.6729409,-320.5757141,-185.7694855
899,1557,1550,1564,-250.9906352,-312.7309265,-193.4676666
900,1579.5,1573,1586,-242.2745111,-281.6778259,-187.7978821
901,1601.5,1595,1608,-260.8380617,-321.827301,-193.9262238
902,1624,1617,1631,-256.9437276,-313.7395325,-198.2984924
903,1646.5,1640,1653,-267.7185636,-285.8066406,-254.3073578
904,1669,1662,1676,-269.6092977,-288.7902832,-253.1321716
905,1691.5,1685,1698,-274.2633405,-296.9629822,-248.2060547
906,1714,1707,1721,-271.3071686,-308.6812439,-236.6375427
907,1736.5,1730,1743,-248.7709667,-320.0828247,-185.3591003
908,1759,1752,1766,-257.121462,-280.0029297,-230.2755432
909,1781.5,1775,1788,-266.7681307,-289.9626465,-227.8852844
910,1804,1797,1811,-265.315273,-311.2774048,-224.2411499
911,1826.5,1820,1833,-265.2955747,-328.4904785,-201.4549713
912,1848.5,1842,1855,-259.0700487,-335.2202759,-154.7126617
913,1871,1864,1878,-255.1973256,-334.526123,-138.7262115
914,1893.5,1887,1900,-263.0780422,-324.9408569,-175.4784851
915,1916,1909,1923,-247.5949402,-294.0651245,-202.5874023
916,1938.5,1932,1945,-254.4594541,-285.1652222,-232.0997772
917,1961,1954,1968,-261.8402903,-288.9786377,-238.0777588
918,1983.5,1977,1990,-259.8284694,-287.3570862,-217.7314758
919,2006,1999,2013,-261.8665934,-278.4765015,-243.1801453
920,2028.5,2022,2035,-263.4877047,-296.8383484,-221.1473083
921,2051,2044,2058,-265.9202962,-304.9059448,-234.544693
922,2073.5,2067,2080,-257.6652734,-293.06427,-223.8430481
923,2096,2089,2103,-258.2301615,-307.9326477,-217.4377136
924,2118.5,2112,2125,-269.7876805,-297.0592346,-243.6330261
925,2140.5,2134,2147,-267.1468113,-303.3984985,-249.6503296
926,2163,2156,2170,-267.2252441,-289.9031677,-245.7061615
927,2185.5,2179,2192,-265.8270351,-283.1642761,-248.1587524
928,2208,2201,2215,-262.9319143,-306.2142944,-205.8991394
929,2230.5,2224,2237,-264.8960767,-318.8048096,-214.2117767
930,2253,2246,2260,-276.3959819,-325.8207092,-181.9627991
931,2275.5,2269,2282,-250.3878512,-328.6023254,-131.0948792
932,2298,2291,2305,-250.4391042,-333.1466675,-144.0077515
933,2320.5,2314,2327,-244.2894102,-310.5707397,-165.9567261
934,2343,2336,2350,-248.4777273,-297.0219116,-194.2567291
935,2365.5,2359,2372,-267.4951139,-300.3544922,-227.6291504
936,2388,2381,2395,-256.9615438,-300.1245728,-215.6211548
937,2410.5,2404,2417,-265.4723805,-285.219635,-234.264801
938,2432.5,2426,2439,-269.6122371,-285.0662231,-254.3101196
939,2455,2448,2462,-270.3491852,-289.3998108,-244.7648621
940,2477.5,2471,2484,-268.7342747,-302.3861084,-229.9957886
941,2500,2493,2507,-268.1421326,-312.1038818,-212.3922882
942,2522.5,2516,2529,-276.3784964,-311.9761047,-222.8737793
943,2545,2538,2552,-270.3593689,-315.3127441,-230.5149231
944,2567.5,2561,2574,-274.7749427,-318.0217285,-241.6867218
945,2590,2583,2597,-274.2243347,-314.2086792,-229.1254272
946,2612.5,2606,2619,-265.1754979,-324.7650146,-210.7749481
947,2635,2628,2642,-260.3148387,-325.6443481,-179.982666
948,2657.5,2651,2664,-281.6397193,-347.6468811,-183.7458801
949,2680,2673,2687,-249.9674957,-312.5549316,-162.8859558
950,2702.5,2696,2709,-261.074149,-329.7995605,-170.3367615
951,2724.5,2718,2731,-243.7370355,-288.9520264,-199.081665
952,2747,2740,2754,-263.3343211,-300.0658875,-219.073349
953,2769.5,2763,2776,-270.3605859,-299.2469482,-213.9306183
954,2792,2785,2799,-274.9746195,-297.6662292,-257.5118103
955,2814.5,2808,2821,-272.3822043,-301.7745361,-227.6507874
956,2837,2830,2844,-282.5070119,-318.9519043,-238.9559021
957,2859.5,2853,2866,-268.6799872,-326.9490051,-213.3154144
958,2882,2875,2889,-262.6826508,-318.5307007,-198.1485901
959,2904.5,2898,2911,-276.3134155,-295.6143799,-259.7471313
960,2927,2920,2934,-273.1066935,-297.7812195,-239.1156158
961,2949.5,2943,2956,-280.140722,-323.8447571,-231.1248474
962,2971.5,2965,2978,-280.2047403,-327.3828735,-241.0860901
963,2994,2987,3001,-278.1996328,-322.9651794,-221.8937073
964,3016.5,3010,3023,-284.3136357,-334.0905151,-177.8812256
965,3039,3032,3046,-272.6747284,-332.0874329,-189.115509
966,3061.5,3055,3068,-245.8775787,-314.2878418,-192.3607788
967,3084,3077,3091,-264.8731791,-316.9526978,-229.7875061
968,3106.5,3100,3113,-280.1796919,-299.8869019,-254.5447388
969,3129,3122,3136,-276.1856547,-308.2475891,-245.7253113
970,3151.5,3145,3158,-276.4459087,-316.6239624,-236.0166168
971,3174,3167,3181,-279.65979,-308.6250916,-226.6261292
972,3196.5,3190,3203,-276.5761326,-322.9674377,-237.0031128
973,3219,3212,3226,-287.7200073,-324.3149109,-236.6000671
974,3241.5,3235,3248,-281.9448297,-336.5464478,-222.9524994
975,3263.5,3257,3270,-265.9184102,-328.4595947,-205.3742065
976,3286,3279,3293,-288.5396891,-351.2036133,-225.3993225
977,3308.5,3302,3315,-274.4759325,-319.4276733,-228.300766
978,3331,3324,3338,-289.3247884,-304.3512878,-263.3383789
979,3353.5,3347,3360,-295.436094,-308.2284851,-278.1919556
980,3376,3369,3383,-294.8186442,-330.7097168,-272.2079468
981,3398.5,3392,3405,-295.0730242,-330.8825684,-257.3366089
982,3421,3414,3428,-284.1270772,-320.6689148,-242.1654968
983,3443.5,3437,3450,-289.5996399,-321.046814,-244.0673676
984,3466,3459,3473,-293.5785614,-348.7073975,-223.2358551
985,3488.5,3482,3495,-268.1945376,-311.7065735,-222.4503479
986,3511,3504,3518,-273.2700684,-319.1934204,-227.042572
987,3533.5,3527,3540,-284.5243814,-333.1655884,-218.0585022
988,3555.5,3549,3562,-287.3322198,-319.3481445,-241.2676544
989,3578,3571,3585,-279.4219472,-317.497345,-236.872757
990,3600.5,3594,3607,-283.991685,-343.1766968,-207.0799255
991,3623,3616,3630,-281.3697103,-350.7931519,-182.3029785
992,3645.5,3639,3652,-264.60946,-345.585144,-178.8067017
993,3668,3661,3675,-287.3099467,-342.4830933,-215.97052
994,3690.5,3684,3697,-286.1582685,-353.3459473,-198.9123383
995,3713,3706,3720,-275.9886536,-332.7383728,-206.2197266
996,3735.5,3729,3742,-294.0921282,-323.7438965,-229.6663513
997,3758,3751,3765,-278.3110107,-308.8186951,-242.5776062
998,3780.5,3774,3787,-292.7448861,-321.3794861,-268.4521179
999,3803,3796,3810,-293.1939351,-312.3925476,-268.9945068
1000,3825.5,3819,3832,-297.0459311,-334.3824463,-272.2898865
