epoch,11/04 09:12:51 - Standard Model - _step,11/04 09:12:51 - Standard Model - _step__MIN,11/04 09:12:51 - Standard Model - _step__MAX,11/04 09:12:51 - Standard Model - D_Penalty,11/04 09:12:51 - Standard Model - D_Penalty__MIN,11/04 09:12:51 - Standard Model - D_Penalty__MAX
0,6.5,0,13,6.965432729,0.440173388,11.72293663
1,28.5,22,35,7.894601618,4.487154961,11.08477783
2,51,44,58,5.083938758,2.970347404,7.023179531
3,67.5,61,74,2.737355386,1.443862438,4.3592906
4,90,83,97,2.59449017,1.639195204,4.148367405
5,112.5,106,119,2.03852347,1.367770433,3.197060823
6,135,128,142,2.299908042,1.362068057,3.325230598
7,151.5,145,158,2.348818396,1.151275516,3.911584616
8,168,161,175,2.233670676,0.71444279,4.599621773
9,190.5,184,197,1.691154897,0.907166123,3.302839041
10,207,200,214,1.889073352,0.749180853,3.568113327
11,223.5,217,230,1.63402079,0.219537288,4.02775383
12,245.5,239,252,1.402951155,0.955158174,2.333724737
13,268,261,275,1.650657362,0.48310551,3.15828371
14,290.5,284,297,1.357789642,0.42379424,2.200955153
15,313,306,320,1.248070681,0.823332071,2.034136295
16,329.5,323,336,1.292099587,0.384380877,2.574021339
17,352,345,359,1.183925939,0.378796458,1.681875229
18,368.5,362,375,1.353936838,0.527323425,2.994332075
19,391,384,398,1.127590044,0.532529831,2.267150402
20,413.5,407,420,1.176225441,0.552423894,2.576149464
21,430,423,437,1.473634863,0.363330841,2.581903696
22,452.5,446,459,1.221779344,0.368894786,2.633304596
23,475,468,482,1.487109522,0.496168137,3.407436848
24,491.5,485,498,1.189158814,0.328238904,1.947152853
25,507.5,501,514,1.228354582,0.382453561,2.528308392
26,524,517,531,1.464125244,0.708962321,2.998062372
27,546.5,540,553,1.507623553,0.800897241,2.280952454
28,563,556,570,1.501279036,0.842624426,2.524113655
29,579.5,573,586,1.521345701,0.780508757,2.435384274
30,596,589,603,1.439896067,0.806584954,2.726502895
31,612.5,606,619,1.354300154,0.598004997,2.34159255
32,635,628,642,1.338474639,0.603695989,2.707615852
33,651.5,645,658,1.612877871,0.823039711,2.153688192
34,674,667,681,1.484822897,0.799999833,2.716650963
35,696.5,690,703,1.599682995,0.858987689,2.358943462
36,719,712,726,1.4471808,0.766481459,2.581941128
37,741.5,735,748,1.38914603,0.908679008,2.058634996
38,757.5,751,764,1.236090507,0.7309497,2.102721691
39,780,773,787,1.183041175,0.650294423,2.048941612
40,802.5,796,809,1.144733625,0.748668849,1.77724719
41,819,812,826,1.322337548,0.713376701,2.868442059
42,841.5,835,848,1.402238471,0.704955757,2.607326269
43,864,857,871,1.153972677,0.432326853,1.807084203
44,886.5,880,893,1.482108321,0.650161982,2.21005249
45,909,902,916,1.446226803,0.858344436,2.51070118
46,931.5,925,938,1.18222243,0.535470128,1.951844692
47,948,941,955,1.471296382,0.49445349,3.002885818
48,970.5,964,977,1.260277678,0.282910496,2.041035891
49,993,986,1000,1.333394925,0.675622761,1.974644661
50,1015.5,1009,1022,1.451629392,0.689921975,2.236216545
51,1031.5,1025,1038,1.46896186,0.708185911,2.171080589
52,1054,1047,1061,1.227283716,0.53761512,2.005652189
53,1076.5,1070,1083,1.444348182,0.590222836,2.71417141
54,1099,1092,1106,1.544628072,0.770271063,3.175266266
55,1115.5,1109,1122,1.53562057,0.891237855,2.574623108
56,1138,1131,1145,1.526786963,0.728528261,2.649301291
57,1154.5,1148,1161,1.472890973,1.053453922,2.688651323
58,1171,1164,1178,1.322770003,0.827964842,2.076028585
59,1193.5,1187,1200,1.615885011,0.973396897,2.351708412
60,1210,1203,1217,1.492680641,0.795588791,2.638933182
61,1232.5,1226,1239,1.397364702,0.810581744,2.522399426
62,1254.5,1248,1261,1.237185559,0.791741908,2.114873171
63,1271,1264,1278,1.157624086,0.596650302,2.290801525
64,1293.5,1287,1300,1.505235348,0.666956365,2.684425831
65,1316,1309,1323,1.118965356,0.665436387,1.913776278
66,1338.5,1332,1345,1.136337663,0.754956245,1.724480987
67,1355,1348,1362,1.167435602,0.796301961,2.014045715
68,1377.5,1371,1384,1.252444127,0.558583379,2.186744213
69,1400,1393,1407,1.263870172,0.782258034,1.603127718
70,1416.5,1410,1423,1.418407372,0.828262091,2.218176603
71,1433,1426,1440,1.3373052,0.764934957,3.071617603
72,1455.5,1449,1462,1.402149435,0.584179223,2.351394653
73,1472,1465,1479,1.154997893,0.618607402,1.681759238
74,1494.5,1488,1501,1.307401985,0.562954187,2.13002038
75,1516.5,1510,1523,1.351500567,0.696614325,2.156295061
76,1539,1532,1546,0.996418029,0.432976931,1.490957499
77,1555.5,1549,1562,1.329320037,0.498992056,2.259175777
78,1578,1571,1585,1.262848421,0.53545481,2.098735332
79,1594.5,1588,1601,1.359087339,0.416153789,2.074473143
80,1617,1610,1624,1.484305211,0.760525346,2.455801725
81,1639.5,1633,1646,1.208707107,0.797562897,1.562556982
82,1662,1655,1669,1.248169466,0.716159344,2.441946983
83,1684.5,1678,1691,1.487055898,0.970651627,2.840700626
84,1707,1700,1714,1.261530896,0.82615912,2.751727104
85,1723.5,1717,1730,1.242829089,0.640981138,1.900848389
86,1740,1733,1747,1.211162869,0.705870271,1.937057018
87,1756.5,1750,1763,1.168702781,0.696836829,1.870409489
88,1778.5,1772,1785,1.302057696,0.875688314,1.977810383
89,1801,1794,1808,1.154460263,0.579593539,1.760903835
90,1817.5,1811,1824,1.17644988,0.436323434,2.172129393
91,1840,1833,1847,1.195166608,0.629329383,1.99446857
92,1856.5,1850,1863,1.372918444,0.729471922,2.975803614
93,1873,1866,1880,1.263107622,0.46615988,2.50084281
94,1895.5,1889,1902,1.166466343,0.679062128,2.096354723
95,1918,1911,1925,1.120471136,0.670060039,2.596541405
96,1940.5,1934,1947,1.110920846,0.820004642,1.520943642
97,1963,1956,1970,1.146667977,0.551399648,1.756287694
98,1985.5,1979,1992,1.125421848,0.620076716,1.600749254
99,2008,2001,2015,1.083239241,0.658728361,1.365789056
100,2024.5,2018,2031,0.977206307,0.707479358,1.505529881
101,2046.5,2040,2053,1.121440768,0.868731141,1.872243404
102,2063,2056,2070,1.209084849,0.758949399,2.483964205
103,2085.5,2079,2092,1.141715633,0.640377104,2.250864029
104,2108,2101,2115,1.131941573,0.690771818,1.602734566
105,2124.5,2118,2131,1.142706164,0.729211807,1.593800187
106,2141,2134,2148,1.076346382,0.78511548,1.568199277
107,2163.5,2157,2170,1.095923224,0.46148026,1.481832266
108,2186,2179,2193,1.10231747,0.458628684,1.639526129
109,2208.5,2202,2215,1.005648255,0.493286014,1.44637084
110,2231,2224,2238,1.136177425,0.707793117,1.525898457
111,2253.5,2247,2260,1.106446432,0.540298462,1.768305063
112,2269.5,2263,2276,1.059309495,0.518446982,1.704591751
113,2292,2285,2299,1.251594492,0.799492717,1.999166727
114,2314.5,2308,2321,0.983935326,0.591601193,1.416807771
115,2337,2330,2344,0.976502486,0.489731193,1.425577879
116,2353.5,2347,2360,1.163280404,0.395319015,1.761002302
117,2376,2369,2383,1.058808895,0.647378206,1.542369366
118,2398.5,2392,2405,1.12628164,0.701038361,1.448077202
119,2415,2408,2422,1.078255852,0.686250389,1.418143749
120,2437.5,2431,2444,1.088341117,0.510873318,2.024292231
121,2460,2453,2467,1.131452743,0.506500125,1.866642833
122,2476.5,2470,2483,0.937059194,0.497313321,1.546207666
123,2499,2492,2506,1.19962273,0.791051269,1.70422864
124,2521.5,2515,2528,1.052181721,0.5018785,1.58999896
125,2543.5,2537,2550,1.104953936,0.444176257,2.068714142
126,2566,2559,2573,1.284181205,0.804047465,2.610687017
127,2582.5,2576,2589,1.102386151,0.59667629,2.097873926
128,2599,2592,2606,1.00953145,0.433456302,1.638633966
129,2621.5,2615,2628,0.962762598,0.484656096,1.326732039
130,2638,2631,2645,1.050836639,0.508089721,1.581585884
131,2660.5,2654,2667,0.84562036,0.554073691,1.353265762
132,2677,2670,2684,0.822089052,0.620345235,1.078309894
133,2699.5,2693,2706,0.970420173,0.498107553,1.4048599
134,2722,2715,2729,1.075171312,0.674626887,1.777178288
135,2738.5,2732,2745,1.075569327,0.596615136,1.73337841
136,2761,2754,2768,1.018947105,0.649368167,1.670238733
137,2777.5,2771,2784,0.922135089,0.428527951,1.471358299
138,2799.5,2793,2806,0.990828863,0.747935176,1.294172406
139,2816,2809,2823,1.030294359,0.459374726,1.589429617
140,2838.5,2832,2845,1.06280125,0.503251612,1.5240134
141,2855,2848,2862,1.198631934,0.683707893,1.73042202
142,2877.5,2871,2884,0.884202655,0.549684882,1.495354772
143,2894,2887,2901,1.081146443,0.704459786,1.726204753
144,2916.5,2910,2923,2.122861428,0.773755789,3.573957443
145,2939,2932,2946,1.621902716,0.842709243,2.808979511
146,2961.5,2955,2968,0.975676971,0.536307037,1.561121821
147,2984,2977,2991,1.259325306,0.65404582,1.971942425
148,3000.5,2994,3007,1.06096137,0.61644417,1.725995302
149,3023,3016,3030,1.152612229,0.651773334,2.010188103
150,3045.5,3039,3052,1.014373085,0.565477848,1.839609742
151,3061.5,3055,3068,0.787370899,0.406330764,1.334368587
152,3078,3071,3085,1.000825989,0.668627501,1.544246674
153,3094.5,3088,3101,1.063913269,0.689589679,1.729362607
154,3111,3104,3118,1.005213213,0.490715921,1.660363436
155,3127.5,3121,3134,0.991830656,0.506163478,1.484688282
156,3150,3143,3157,1.076902397,0.582884192,1.743599772
157,3166.5,3160,3173,0.935981176,0.569022298,1.284083247
158,3183,3176,3190,0.988023309,0.457260191,1.514376283
159,3199.5,3193,3206,0.909589325,0.522736073,1.471759319
160,3222,3215,3229,0.913562346,0.514368236,1.392431021
161,3244.5,3238,3251,0.891486666,0.679534674,1.304952979
162,3260.5,3254,3267,0.853257571,0.304778934,1.168533444
163,3283,3276,3290,0.88214889,0.548849583,1.292964816
164,3299.5,3293,3306,0.919328072,0.463780731,1.865051031
165,3322,3315,3329,1.118444987,0.566659272,2.229699612
166,3344.5,3338,3351,1.066227738,0.695730805,1.667957187
167,3367,3360,3374,0.927761694,0.608115554,1.226421714
168,3383.5,3377,3390,0.950189071,0.585157931,1.628944993
169,3400,3393,3407,0.966922688,0.561596096,1.476843119
170,3422.5,3416,3429,0.831773375,0.461333871,1.204780936
171,3439,3432,3446,1.016215309,0.613558233,1.606548071
172,3461.5,3455,3468,1.060283942,0.52268672,1.745810032
173,3478,3471,3485,1.066861188,0.534715116,1.895638943
174,3494.5,3488,3501,0.89794769,0.595418513,1.585009694
175,3510.5,3504,3517,0.921769021,0.492005795,1.211372733
176,3533,3526,3540,0.982589746,0.677005053,1.74988699
177,3549.5,3543,3556,0.885453884,0.603575766,1.409566522
178,3566,3559,3573,0.856528767,0.497749388,1.382033706
179,3588.5,3582,3595,0.819504808,0.448391885,1.396505713
180,3611,3604,3618,0.950384037,0.531527996,1.327254176
181,3627.5,3621,3634,0.826198999,0.394575715,1.812376022
182,3650,3643,3657,0.808311458,0.511670828,1.240137935
183,3672.5,3666,3679,0.941272144,0.607603431,1.856887579
184,3695,3688,3702,0.808070393,0.579882741,1.081545711
185,3711.5,3705,3718,0.883234884,0.638053298,1.301347971
186,3734,3727,3741,1.007280513,0.619917452,1.784618497
187,3756.5,3750,3763,0.826332307,0.442429215,1.28387475
188,3772.5,3766,3779,0.83361277,0.454873383,1.260919094
189,3795,3788,3802,0.883932853,0.378514767,1.262984276
190,3817.5,3811,3824,0.839440307,0.636176944,1.038758636
191,3840,3833,3847,0.935196459,0.68341583,1.946372509
192,3856.5,3850,3863,0.935794686,0.557280481,1.38354516
193,3873,3866,3880,0.904077597,0.531717002,1.323297024
194,3895.5,3889,3902,0.915470093,0.505705655,1.50976634
195,3912,3905,3919,0.849284252,0.551499605,1.146755934
196,3928.5,3922,3935,0.799125344,0.543704093,1.393011212
197,3945,3938,3952,0.793989537,0.386437446,1.117405891
198,3961.5,3955,3968,0.941032925,0.597721219,1.421753049
199,3978,3971,3985,0.995069698,0.578760505,1.795096159
200,4000.5,3994,4007,0.891090959,0.510779977,1.438621163
201,4022.5,4016,4029,0.876657712,0.559895039,1.229611993
202,4045,4038,4052,0.920435397,0.601245046,1.504420161
203,4061.5,4055,4068,0.875891345,0.57775718,1.222133756
204,4078,4071,4085,0.772369166,0.496002555,1.080029488
205,4100.5,4094,4107,0.771660196,0.382592797,1.259229422
206,4123,4116,4130,0.963992244,0.337110728,1.30490005
207,4145.5,4139,4152,0.917878841,0.454660207,1.245623708
208,4162,4155,4169,0.821972211,0.57293427,1.051655054
209,4184.5,4178,4191,0.854022035,0.273383111,1.695442796
210,4201,4194,4208,0.89419506,0.509963691,1.88053143
211,4217.5,4211,4224,0.806615587,0.468698084,1.182426214
212,4233.5,4227,4240,1.007925864,0.557038128,2.209466219
213,4256,4249,4263,0.939302429,0.693687081,1.334436893
214,4272.5,4266,4279,0.688722947,0.422717005,0.99021554
215,4289,4282,4296,0.802975259,0.416393906,1.248387218
216,4305.5,4299,4312,0.687423668,0.572794795,0.916997671
217,4322,4315,4329,0.814782071,0.416511536,1.506379843
218,4338.5,4332,4345,0.768272968,0.322854787,1.353092074
219,4361,4354,4368,0.936268987,0.431086391,1.427209854
220,4383.5,4377,4390,0.860443243,0.560211599,1.415916085
221,4400,4393,4407,0.773367548,0.441779554,0.999689162
222,4416.5,4410,4423,0.703673929,0.39673245,1.039796114
223,4439,4432,4446,0.857713397,0.554400146,1.381503105
224,4455.5,4449,4462,0.878867601,0.488505661,1.494594812
225,4471.5,4465,4478,0.714815847,0.40913111,0.889696479
226,4488,4481,4495,0.772661233,0.682757258,0.875147104
227,4510.5,4504,4517,0.87459858,0.479866564,1.107071877
228,4533,4526,4540,0.782870777,0.2669276,1.180324674
229,4549.5,4543,4556,0.698403661,0.508376658,0.855142772
230,4572,4565,4579,0.728208061,0.369344592,1.079107046
231,4588.5,4582,4595,0.776548479,0.564116001,1.035503745
232,4605,4598,4612,0.816422409,0.412589371,1.271958351
233,4627.5,4621,4634,0.805245395,0.509311795,1.140209913
234,4650,4643,4657,0.640535682,0.400507182,0.924018323
235,4666.5,4660,4673,0.750003649,0.407712996,1.196562886
236,4683,4676,4690,0.787059716,0.364469051,1.241195679
237,4705.5,4699,4712,0.799285616,0.638796568,1.043758512
238,4727.5,4721,4734,0.893017479,0.415891171,1.465361834
239,4744,4737,4751,0.851246258,0.486334026,1.539047718
240,4760.5,4754,4767,0.782383951,0.49382779,1.242012978
241,4783,4776,4790,0.809641651,0.418837309,1.333764195
242,4805.5,4799,4812,0.814372293,0.264034122,1.097582459
243,4822,4815,4829,0.748278274,0.417319387,1.087604642
244,4844.5,4838,4851,0.758512752,0.369037986,1.21979773
245,4867,4860,4874,0.699924701,0.372414857,1.052287817
246,4883.5,4877,4890,0.696535513,0.476433963,0.99260807
247,4906,4899,4913,0.751478859,0.510068595,0.980421424
248,4922.5,4916,4929,0.783137783,0.488733977,1.335429072
249,4945,4938,4952,0.800903296,0.569728196,1.378967524
250,4961.5,4955,4968,0.758727648,0.451117277,1.185040593
251,4977.5,4971,4984,0.748299103,0.458365351,1.102570772
252,5000,4993,5007,0.822271208,0.344178736,1.370521665
253,5016.5,5010,5023,0.774675163,0.440600485,1.292073965
254,5033,5026,5040,0.773187413,0.4163073,1.114724159
255,5049.5,5043,5056,0.717048717,0.432551861,1.287412643
256,5072,5065,5079,0.768597591,0.497744024,1.509487867
257,5094.5,5088,5101,0.658173421,0.469638407,0.875935078
258,5111,5104,5118,0.641073382,0.429223597,0.815582871
259,5127.5,5121,5134,0.714607877,0.528277099,0.882951021
260,5150,5143,5157,0.772145224,0.464645922,1.063979745
261,5172.5,5166,5179,0.940391592,0.378163695,1.805388689
262,5194.5,5188,5201,0.664726887,0.384492576,0.935794652
263,5211,5204,5218,0.612784233,0.383450031,1.013553262
264,5227.5,5221,5234,0.800941897,0.363828808,1.211740851
265,5250,5243,5257,0.815569667,0.459864378,1.439582705
266,5266.5,5260,5273,0.685417026,0.532353818,0.943719268
267,5283,5276,5290,0.711666785,0.49590382,1.007947922
268,5305.5,5299,5312,0.698362108,0.384033173,1.142135382
269,5322,5315,5329,0.647796245,0.451348066,0.897753
270,5338.5,5332,5345,0.585520361,0.356529504,0.83808136
271,5361,5354,5368,0.665314188,0.410719156,1.151991367
272,5383.5,5377,5390,0.673995746,0.43473655,1.321473718
273,5406,5399,5413,0.655630213,0.445655286,0.941097081
274,5428.5,5422,5435,0.713135641,0.492908984,1.073519468
275,5444.5,5438,5451,0.746182078,0.317958146,1.352407217
276,5467,5460,5474,0.670045837,0.372558385,0.967827916
277,5483.5,5477,5490,0.660818087,0.474603117,0.834205449
278,5506,5499,5513,0.782952923,0.467573553,1.384727001
279,5522.5,5516,5529,0.732118517,0.465095341,1.192795634
280,5539,5532,5546,0.792502753,0.383744299,1.234948039
281,5555.5,5549,5562,0.677599428,0.457872778,1.017383456
282,5578,5571,5585,0.685533484,0.389954984,0.938312292
283,5594.5,5588,5601,0.823620928,0.53730756,1.311620712
284,5617,5610,5624,0.930724212,0.515194595,1.422410011
285,5639.5,5633,5646,0.656586125,0.451161206,1.394281149
286,5662,5655,5669,0.694825125,0.399355173,0.862047136
287,5678.5,5672,5685,0.637651735,0.352707177,1.1943115
288,5694.5,5688,5701,0.701076016,0.475549728,1.309930325
289,5717,5710,5724,0.698145205,0.331612974,1.082146049
290,5739.5,5733,5746,0.627320626,0.37380594,1.09925878
291,5762,5755,5769,0.66705452,0.463625222,0.964414597
292,5784.5,5778,5791,0.585328645,0.278100312,0.920798302
293,5807,5800,5814,0.620060831,0.434898883,0.947659135
294,5823.5,5817,5830,0.740671151,0.277433246,1.59844017
295,5846,5839,5853,0.729047547,0.312259376,1.133406043
296,5862.5,5856,5869,0.597773609,0.408654362,1.106749296
297,5879,5872,5886,0.654622179,0.380605698,1.228452921
298,5895.5,5889,5902,0.700437101,0.432153285,1.127726912
299,5912,5905,5919,0.754917494,0.377444208,1.294084549
300,5934.5,5928,5941,0.630763199,0.435512722,0.884835601
301,5950.5,5944,5957,0.632996067,0.477421343,0.831158757
302,5973,5966,5980,0.595862903,0.294083059,0.877400339
303,5995.5,5989,6002,0.625070738,0.334455609,0.800794959
304,6018,6011,6025,0.614929521,0.419374287,0.914753079
305,6034.5,6028,6041,0.627694617,0.363026112,0.915037632
306,6051,6044,6058,0.646941408,0.516692162,0.945206165
307,6073.5,6067,6080,0.748758652,0.456081271,1.124235511
308,6096,6089,6103,0.56898817,0.42576465,0.710559249
309,6112.5,6106,6119,0.564984905,0.311999649,0.797207355
310,6129,6122,6136,0.525011248,0.18335484,0.829364359
311,6145.5,6139,6152,0.597525463,0.390140861,0.849760056
312,6167.5,6161,6174,0.613164276,0.338674426,1.137465596
313,6190,6183,6197,0.612713875,0.247156948,1.104116678
314,6206.5,6200,6213,0.597282999,0.349290818,0.765261292
315,6229,6222,6236,0.665904478,0.346323252,0.995744407
316,6245.5,6239,6252,0.589514647,0.381324738,0.838105619
317,6268,6261,6275,0.538285299,0.366679072,0.719692826
318,6290.5,6284,6297,0.580025777,0.347249866,0.795502305
319,6313,6306,6320,0.67599052,0.450066775,0.98638922
320,6329.5,6323,6336,0.717535711,0.282299161,1.034168363
321,6352,6345,6359,0.635102604,0.309001029,1.076604247
322,6368.5,6362,6375,0.651529808,0.474161029,0.909665823
323,6391,6384,6398,0.617538446,0.356078506,0.975584984
324,6407.5,6401,6414,0.673722297,0.322026432,1.277746677
325,6423.5,6417,6430,0.896057159,0.394742131,1.420796871
326,6446,6439,6453,0.634093936,0.519507468,0.813685596
327,6468.5,6462,6475,0.633931269,0.376429677,1.040395021
328,6491,6484,6498,0.539630602,0.282717466,0.738147259
329,6513.5,6507,6520,0.638662875,0.41057694,1.013569713
330,6536,6529,6543,0.569678809,0.35626936,0.900400281
331,6552.5,6546,6559,0.615143191,0.440941155,0.775484145
332,6575,6568,6582,0.830456684,0.448003143,1.546715498
333,6597.5,6591,6604,0.741117188,0.408397138,1.212750793
334,6620,6613,6627,0.590909175,0.374656141,0.985140264
335,6642.5,6636,6649,0.588811255,0.301406562,0.927625775
336,6665,6658,6672,0.703310541,0.331464857,1.253989458
337,6687.5,6681,6694,0.700906262,0.39857015,1.250664234
338,6703.5,6697,6710,0.6431802,0.444495142,1.104469538
339,6726,6719,6733,0.569979994,0.349479467,0.817075074
340,6748.5,6742,6755,0.565575544,0.355709046,0.769514561
341,6771,6764,6778,0.61693183,0.378235251,1.094679475
342,6793.5,6787,6800,0.591621495,0.366646677,1.133921146
343,6810,6803,6817,0.57869164,0.325499594,0.889459729
344,6832.5,6826,6839,0.570350747,0.331704021,0.755842626
345,6849,6842,6856,0.608648789,0.21176368,0.895574987
346,6871.5,6865,6878,0.60054365,0.415642977,0.86827147
347,6894,6887,6901,0.58882852,0.41010201,0.726055026
348,6916.5,6910,6923,0.551226801,0.404575467,0.888159573
349,6933,6926,6940,0.588435596,0.296982855,0.852677584
350,6955.5,6949,6962,0.558570553,0.363855034,0.79950738
351,6977.5,6971,6984,0.543755361,0.407555729,0.710828602
352,6994,6987,7001,0.51411188,0.326975465,0.739943743
353,7010.5,7004,7017,0.574890586,0.417066336,0.788350701
354,7027,7020,7034,0.569764084,0.392660022,0.939206958
355,7049.5,7043,7056,0.511778118,0.310392588,0.745833874
356,7072,7065,7079,0.513075013,0.17193912,0.874413013
357,7094.5,7088,7101,0.634490203,0.387609303,0.953384161
358,7117,7110,7124,0.595005855,0.235815927,1.015975237
359,7133.5,7127,7140,0.522974851,0.427912325,0.65137279
360,7156,7149,7163,0.577143488,0.383746982,0.802046299
361,7172.5,7166,7179,0.580839487,0.394199848,0.914665103
362,7188.5,7182,7195,0.532631525,0.299861938,0.708616018
363,7205,7198,7212,0.604589802,0.358503312,0.900761843
364,7227.5,7221,7234,0.485572913,0.197290033,0.749261856
365,7250,7243,7257,0.550394283,0.325099677,0.933452964
366,7266.5,7260,7273,0.567704684,0.418921739,0.787667572
367,7289,7282,7296,0.600156269,0.18681246,0.884421408
368,7311.5,7305,7318,0.587583951,0.361214817,1.05306375
369,7334,7327,7341,0.566544867,0.283930659,0.81964469
370,7356.5,7350,7363,0.58524304,0.427366614,0.851792574
371,7373,7366,7380,0.587789359,0.374201477,0.830082417
372,7395.5,7389,7402,0.654208098,0.321332216,0.974197507
373,7412,7405,7419,0.61677116,0.367679954,1.005486727
374,7434.5,7428,7441,0.551016109,0.372908771,0.711930335
375,7450.5,7444,7457,0.529863854,0.39528358,0.747028947
376,7467,7460,7474,0.541533887,0.354996264,0.66036272
377,7483.5,7477,7490,0.568526511,0.172184259,0.862528384
378,7506,7499,7513,0.540929649,0.315749109,0.969866991
379,7528.5,7522,7535,0.617107253,0.272705615,0.920601606
380,7551,7544,7558,0.610786347,0.355827272,0.92667371
381,7567.5,7561,7574,0.536421914,0.332513899,0.790024161
382,7590,7583,7597,0.488027465,0.293174267,0.689240813
383,7606.5,7600,7613,0.603391373,0.388476491,0.875665903
384,7629,7622,7636,0.590417792,0.332943857,0.916916728
385,7651.5,7645,7658,0.559663751,0.409014881,0.767087042
386,7668,7667,7669,0.543208152,0.491195172,0.581282437
387,51.5,45,58,0.564756176,0.297853708,0.984480441
388,73.5,67,80,0.576723993,0.436824858,0.786128104
389,96,89,103,0.581303314,0.426718116,0.857446194
390,118.5,112,125,0.55023026,0.336169899,0.841708779
391,141,134,148,0.579404646,0.322265476,0.900632441
392,163.5,157,170,0.613466214,0.35172087,0.979618192
393,186,179,193,0.597206912,0.301672518,1.171810031
394,208.5,202,215,0.499053555,0.323283017,0.70735836
395,231,224,238,0.522652592,0.340018928,0.830829263
396,253.5,247,260,0.530338711,0.332252085,0.747394443
397,276,269,283,0.444251823,0.317206681,0.716948211
398,298.5,292,305,0.441876356,0.304114759,0.588457108
399,321,314,328,0.524677112,0.305604041,0.739784002
400,343.5,337,350,0.481166999,0.333599091,0.693706393
401,365.5,359,372,0.526228387,0.286804944,0.897390544
402,388,381,395,0.580802991,0.36304757,0.818654418
403,410.5,404,417,0.579574638,0.300077051,0.843252063
404,433,426,440,0.497530212,0.318469167,0.709811926
405,455.5,449,462,0.560297359,0.378664494,0.912185967
406,478,471,485,0.531293128,0.325179398,0.985871613
407,500.5,494,507,0.573646629,0.15596889,0.984324515
408,523,516,530,0.577785196,0.35825938,0.882543862
409,545.5,539,552,0.552388628,0.372052252,0.716228008
410,568,561,575,0.526123468,0.285766602,0.716394067
411,590.5,584,597,0.51816343,0.314529419,0.74506104
412,612.5,606,619,0.495269543,0.218032569,0.656877279
413,635,628,642,0.447968592,0.230240166,0.789393306
414,657.5,651,664,0.487173772,0.282319903,0.738675117
415,680,673,687,0.459575017,0.252277374,0.707512975
416,702.5,696,709,0.474140702,0.308395356,0.656172991
417,725,718,732,0.484628602,0.325137973,0.820646584
418,747.5,741,754,0.472030727,0.27064538,0.637342274
419,770,763,777,0.511524163,0.28070271,0.750454068
420,792.5,786,799,0.552864066,0.225258738,0.859588921
421,815,808,822,0.557604311,0.351320356,0.827338994
422,837.5,831,844,0.45566737,0.345670581,0.649940968
423,860,853,867,0.457536036,0.31825012,0.631137013
424,882.5,876,889,0.5108084,0.268340021,0.697663784
425,904.5,898,911,0.669514484,0.300693929,1.178446889
426,927,920,934,0.530069443,0.285458595,0.96595645
427,949.5,943,956,0.454540235,0.214870349,0.780777633
428,972,965,979,0.563064067,0.255491406,0.907828093
429,994.5,988,1001,0.554759662,0.362192959,1.052135468
430,1017,1010,1024,0.541259336,0.358664393,0.742208481
431,1039.5,1033,1046,0.479124725,0.316898882,0.596083462
432,1062,1055,1069,0.48658033,0.370002925,0.703631341
433,1084.5,1078,1091,0.504966034,0.233410671,0.966328263
434,1107,1100,1114,0.463637471,0.296977162,0.677693605
435,1129.5,1123,1136,0.543918037,0.340730488,0.772815466
436,1152,1145,1159,0.579039985,0.191934079,1.130580425
437,1174.5,1168,1181,0.560078412,0.306220621,0.97384727
438,1196.5,1190,1203,0.449991885,0.247730777,0.645479798
439,1219,1212,1226,0.478035114,0.27110678,0.749334991
440,1241.5,1235,1248,0.483048473,0.27849406,0.708378434
441,1264,1257,1271,0.566854747,0.299066454,0.974211395
442,1286.5,1280,1293,0.5624952,0.337175965,0.898646593
443,1309,1302,1316,0.473745757,0.317521125,0.68005234
444,1331.5,1325,1338,0.53411011,0.299078733,0.803130388
445,1354,1347,1361,0.518276473,0.321963727,0.843258023
446,1376.5,1370,1383,0.470507927,0.147041813,0.697943687
447,1399,1392,1406,0.439003054,0.228202343,0.71811974
448,1421.5,1415,1428,0.475293877,0.231737554,0.688639402
449,1444,1437,1451,0.474443197,0.258261681,0.730552912
450,1466.5,1460,1473,0.586236869,0.250763416,0.976951599
451,1488.5,1482,1495,0.552779332,0.291193783,0.938692808
452,1511,1504,1518,0.496886657,0.340951711,0.707019448
453,1533.5,1527,1540,0.434387837,0.164036781,0.606754422
454,1556,1549,1563,0.445730519,0.318770558,0.707597196
455,1578.5,1572,1585,0.480660158,0.27247262,0.647345126
456,1601,1594,1608,0.491302786,0.370031446,0.848643184
457,1623.5,1617,1630,0.459994432,0.228771791,0.690818787
458,1646,1639,1653,0.523099933,0.266118109,0.83157599
459,1668.5,1662,1675,0.56885572,0.303908914,0.961420655
460,1691,1684,1698,0.508368535,0.227239206,0.74982971
461,1713.5,1707,1720,0.521233246,0.265564829,0.962659121
462,1735.5,1729,1742,0.456355504,0.313650817,0.707064569
463,1758,1751,1765,0.429940611,0.326836765,0.549732149
464,1780.5,1774,1787,0.44750977,0.260581136,0.583144128
465,1803,1796,1810,0.509893582,0.298930824,0.785185575
466,1825.5,1819,1832,0.495669152,0.297876328,0.621163547
467,1848,1841,1855,0.521580291,0.319668889,1.132791042
468,1870.5,1864,1877,0.512220219,0.296392679,0.725947499
469,1893,1886,1900,0.485031728,0.285323858,0.765637159
470,1915.5,1909,1922,0.489594498,0.257751226,0.882290006
471,1938,1931,1945,0.501920563,0.263443291,1.000386953
472,1960.5,1954,1967,0.457014346,0.355215609,0.696337223
473,1983,1976,1990,0.471310127,0.18355453,0.814310551
474,2005.5,1999,2012,0.459776863,0.323725373,0.67670095
475,2027.5,2021,2034,0.404841294,0.158675388,0.666085243
476,2050,2043,2057,0.424264983,0.268226534,0.712616503
477,2072.5,2066,2079,0.48966784,0.123540476,0.747645974
478,2095,2088,2102,0.393636988,0.159523323,0.565437913
479,2117.5,2111,2124,0.41018968,0.234780818,0.570032001
480,2140,2133,2147,0.454067896,0.297434539,0.61746639
481,2162.5,2156,2169,0.437314498,0.350907624,0.522311449
482,2185,2178,2192,0.481459731,0.245866746,0.70730269
483,2207.5,2201,2214,0.498472033,0.333894849,0.925829411
484,2230,2223,2237,0.482041661,0.240366459,0.744036973
485,2252.5,2246,2259,0.536754221,0.2628133,1.070358515
486,2275,2268,2282,0.474528573,0.208465904,0.753495574
487,2297.5,2291,2304,0.416853828,0.303244203,0.634286106
488,2319.5,2313,2326,0.432683832,0.260784537,0.58896035
489,2342,2335,2349,0.476262943,0.31455332,0.677111626
490,2364.5,2358,2371,0.434516858,0.287741482,0.597851634
491,2387,2380,2394,0.417861774,0.265343308,0.726149976
492,2409.5,2403,2416,0.433336779,0.278375775,0.551698625
493,2432,2425,2439,0.435767566,0.219421968,0.61717689
494,2454.5,2448,2461,0.43991366,0.272095114,0.6242854
495,2477,2470,2484,0.440104739,0.281150907,0.676633239
496,2499.5,2493,2506,0.456624772,0.352062643,0.603698254
497,2522,2515,2529,0.433518343,0.184527919,0.584536314
498,2544.5,2538,2551,0.432086302,0.177487671,0.684903264
499,2567,2560,2574,0.578044164,0.240811646,1.013668299
500,2589.5,2583,2596,0.587723702,0.2428886,0.95350492
501,2611.5,2605,2618,0.513624052,0.236803666,0.797697246
502,2634,2627,2641,0.541562414,0.345319659,0.827665031
503,2656.5,2650,2663,0.46259627,0.254998088,0.839145482
504,2679,2672,2686,0.470042471,0.299180031,0.728958845
505,2701.5,2695,2708,0.409132794,0.177806139,0.59611845
506,2724,2717,2731,0.417887123,0.253175914,0.605671167
507,2746.5,2740,2753,0.413229636,0.184566975,0.521582842
508,2769,2762,2776,0.438197438,0.356562883,0.5689978
509,2791.5,2785,2798,0.405721979,0.217972785,0.559215009
510,2814,2807,2821,0.4128341,0.178196117,0.692039967
511,2836.5,2830,2843,0.42884532,0.179994881,0.714401662
512,2858.5,2852,2865,0.470961192,0.163097098,1.03127718
513,2881,2874,2888,0.417863894,0.269611895,0.595798433
514,2903.5,2897,2910,0.50275921,0.201223731,0.871152282
515,2926,2919,2933,0.494369566,0.227722764,0.832413375
516,2948.5,2942,2955,0.415964657,0.275068253,0.598056674
517,2971,2964,2978,0.516362631,0.277258813,0.831858814
518,2993.5,2987,3000,0.445561867,0.30517146,0.592093349
519,3016,3009,3023,0.478264963,0.190886185,0.99063623
520,3038.5,3032,3045,0.417289076,0.294418901,0.669285178
521,3061,3054,3068,0.45551941,0.29920575,0.730723023
522,3083.5,3077,3090,0.484558735,0.200979128,0.89368999
523,3106,3099,3113,0.468211819,0.191731438,1.080564857
524,3128.5,3122,3135,0.468421295,0.306078196,0.645116031
525,3150.5,3144,3157,0.45593187,0.292374074,0.540164411
526,3173,3166,3180,0.489755654,0.316541344,0.639422834
527,3195.5,3189,3202,0.483920951,0.358700097,0.793629885
528,3218,3211,3225,0.400691617,0.128346235,0.581373811
529,3240.5,3234,3247,0.494103949,0.280910373,0.99678427
530,3263,3256,3270,0.465960461,0.252733886,0.720671296
531,3285.5,3279,3292,0.44456051,0.230268374,0.764194727
532,3308,3301,3315,0.482009194,0.263211906,0.798628628
533,3330.5,3324,3337,0.451840737,0.345067829,0.648339331
534,3353,3346,3360,0.41888867,0.262839794,0.781977475
535,3375.5,3369,3382,0.393802739,0.227073967,0.590204835
536,3398,3391,3405,0.376637264,0.228848487,0.57977277
537,3420.5,3414,3427,0.401848231,0.261076987,0.496216863
538,3442.5,3436,3449,0.414132333,0.172552884,0.717853904
539,3465,3458,3472,0.418414674,0.292822361,0.495376438
540,3487.5,3481,3494,0.390043001,0.206572711,0.512588918
541,3510,3503,3517,0.473902021,0.15694797,0.792509317
542,3532.5,3526,3539,0.543280133,0.227813065,0.848210335
543,3555,3548,3562,0.517099273,0.280168027,0.819949806
544,3577.5,3571,3584,0.526110343,0.180908769,0.807572722
545,3600,3593,3607,0.504256892,0.321107984,0.745236039
546,3622.5,3616,3629,0.429973638,0.278046042,0.780801713
547,3645,3638,3652,0.40118767,0.256548315,0.638412833
548,3667.5,3661,3674,0.383576733,0.240001157,0.475741476
549,3690,3683,3697,0.393147512,0.255235463,0.490743935
550,3712.5,3706,3719,0.432899239,0.296294123,0.62044394
551,3734.5,3728,3741,0.389136071,0.230163917,0.541423202
552,3757,3750,3764,0.446981182,0.257881761,0.681097448
553,3779.5,3773,3786,0.430877466,0.256472766,0.627848625
554,3802,3795,3809,0.431124965,0.239950418,0.751286209
555,3824.5,3818,3831,0.441760387,0.275939971,0.671140254
556,3847,3840,3854,0.494468906,0.368702412,0.621025503
557,3869.5,3863,3876,0.4371214,0.238654882,0.785210371
558,3892,3885,3899,0.364121332,0.26836282,0.502573252
559,3914.5,3908,3921,0.375791571,0.28088671,0.622637928
560,3937,3930,3944,0.425649889,0.247606903,0.650681615
561,3959.5,3953,3966,0.43285044,0.30893296,0.572555423
562,3981.5,3975,3988,0.444367382,0.242871121,0.776449919
563,4004,3997,4011,0.455228936,0.206496194,0.755370975
564,4026.5,4020,4033,0.525685355,0.30193162,0.895852149
565,4049,4042,4056,0.475726492,0.211171776,0.871168375
566,4071.5,4065,4078,0.400905854,0.24525851,0.594311357
567,4094,4087,4101,0.385572454,0.217791915,0.592534661
568,4116.5,4110,4123,0.485533927,0.289162517,0.688132763
569,4139,4132,4146,0.392644231,0.235050619,0.76639998
570,4161.5,4155,4168,0.385788228,0.185083017,0.688508034
571,4184,4177,4191,0.441939592,0.325028539,0.553179383
572,4206.5,4200,4213,0.398741573,0.210608542,0.59304738
573,4229,4222,4236,0.381194823,0.241980091,0.677524269
574,4251.5,4245,4258,0.43962676,0.331548989,0.633893013
575,4273.5,4267,4280,0.432989553,0.184155852,0.715475798
576,4296,4289,4303,0.483473567,0.214987129,0.812824845
577,4318.5,4312,4325,0.476913296,0.168042704,0.748654306
578,4341,4334,4348,0.505955789,0.132488728,1.041385889
579,4363.5,4357,4370,0.453246323,0.274855852,0.724877596
580,4386,4379,4393,0.396670365,0.24857536,0.643343389
581,4408.5,4402,4415,0.441121842,0.257708699,0.734744549
582,4431,4424,4438,0.402495483,0.242566243,0.597219884
583,4453.5,4447,4460,0.391608655,0.261464298,0.623582661
584,4476,4469,4483,0.410598214,0.243920267,0.610749483
585,4498.5,4492,4505,0.368438699,0.213752374,0.518974721
586,4521,4514,4528,0.424652433,0.247365505,0.591814339
587,4543.5,4537,4550,0.443778481,0.24785006,0.828068852
588,4565.5,4559,4572,0.484111739,0.356120139,0.607977986
589,4588,4581,4595,0.412309106,0.288356304,0.598567367
590,4610.5,4604,4617,0.404627574,0.274676204,0.504971802
591,4633,4626,4640,0.410109883,0.234005079,0.625568926
592,4655.5,4649,4662,0.356561417,0.176045299,0.61442703
593,4678,4671,4685,0.377525045,0.238378674,0.621360898
594,4700.5,4694,4707,0.41031507,0.243586615,0.596113443
595,4723,4716,4730,0.435471292,0.221066058,0.660327315
596,4745.5,4739,4752,0.486429952,0.150089249,0.77760011
597,4768,4761,4775,0.475864923,0.320717454,0.657527089
598,4790.5,4784,4797,0.419941787,0.236147404,0.663942695
599,4813,4806,4820,0.400683951,0.271347523,0.522202551
600,4835.5,4829,4842,0.482718476,0.326103926,0.817332149
601,4857.5,4851,4864,0.410050474,0.20000352,0.589443743
602,4880,4873,4887,0.399955984,0.252454013,0.690452337
603,4902.5,4896,4909,0.422348131,0.307349086,0.637380421
604,4925,4918,4932,0.390116809,0.209315106,0.701815009
605,4947.5,4941,4954,0.425328399,0.175273836,0.627122641
606,4970,4963,4977,0.419571195,0.25407052,0.538838327
607,4992.5,4986,4999,0.398280799,0.287218332,0.492734611
608,5015,5008,5022,0.369515151,0.178842753,0.571003735
609,5037.5,5031,5044,0.498426348,0.307265818,0.701463521
610,5060,5053,5067,0.460366205,0.229892999,0.800742269
611,5082.5,5076,5089,0.438857098,0.248606205,0.695729196
612,5104.5,5098,5111,0.456246127,0.343547106,0.730608106
613,5127,5120,5134,0.462668491,0.138698384,0.801352799
614,5149.5,5143,5156,0.454743705,0.29851687,0.711424351
615,5172,5165,5179,0.438643597,0.336232901,0.61480087
616,5194.5,5188,5201,0.401994465,0.248523682,0.579581857
617,5217,5210,5224,0.387857263,0.181895718,0.593296826
618,5239.5,5233,5246,0.366356404,0.190051958,0.651192069
619,5262,5255,5269,0.396702778,0.242234409,0.650044084
620,5284.5,5278,5291,0.432090875,0.165698603,0.741498172
621,5307,5300,5314,0.445735715,0.254491866,0.740721941
622,5329.5,5323,5336,0.356714434,0.264633864,0.48580423
623,5352,5345,5359,0.38212564,0.265386045,0.585860133
624,5374.5,5368,5381,0.418116105,0.251727819,0.611576617
625,5396.5,5390,5403,0.418840979,0.176674038,0.638340831
626,5419,5412,5426,0.479084504,0.318788886,0.748985529
627,5441.5,5435,5448,0.403567951,0.272860408,0.617369771
628,5464,5457,5471,0.446499517,0.177976131,0.804408312
629,5486.5,5480,5493,0.34695253,0.175644904,0.465412676
630,5509,5502,5516,0.526882593,0.276378721,0.828503609
631,5531.5,5525,5538,0.371769407,0.168390602,0.644453108
632,5554,5547,5561,0.409924126,0.27132386,0.579398215
633,5576.5,5570,5583,0.409054884,0.263650388,0.607701182
634,5599,5592,5606,0.413467755,0.298912376,0.633459389
635,5621.5,5615,5628,0.391539027,0.284140944,0.600690305
636,5644,5637,5651,0.323547485,0.120666787,0.463833362
637,5666.5,5660,5673,0.38644317,0.296037257,0.611795664
638,5688.5,5682,5695,0.390430019,0.166933462,0.516389966
639,5711,5704,5718,0.411157326,0.291242927,0.554643154
640,5733.5,5727,5740,0.453682923,0.358737379,0.622279525
641,5756,5749,5763,0.395801611,0.240308568,0.63057369
642,5778.5,5772,5785,0.401696448,0.273870289,0.563925505
643,5801,5794,5808,0.460084352,0.245335028,0.678166747
644,5823.5,5817,5830,0.411893295,0.252057076,0.617976904
645,5846,5839,5853,0.436856482,0.30717212,0.654092908
646,5868.5,5862,5875,0.349402252,0.222242326,0.539742649
647,5891,5884,5898,0.420615059,0.178347945,0.631845593
648,5913.5,5907,5920,0.438682873,0.277246863,0.64721024
649,5936,5929,5943,0.393644917,0.263882577,0.525037885
650,5958.5,5952,5965,0.403853819,0.254463285,0.5222013
651,5980.5,5974,5987,0.41205315,0.209432527,0.590716839
652,6003,5996,6010,0.367285796,0.250033408,0.60580802
653,6025.5,6019,6032,0.397021745,0.267687857,0.665930986
654,6048,6041,6055,0.463218495,0.130579636,0.869279027
655,6070.5,6064,6077,0.488360091,0.205471948,0.833375156
656,6093,6086,6100,0.420782187,0.189369291,0.698350608
657,6115.5,6109,6122,0.413215338,0.229689255,0.620554566
658,6138,6131,6145,0.370674382,0.188284695,0.556565702
659,6160.5,6154,6167,0.404857297,0.268363237,0.604490995
660,6183,6176,6190,0.358502506,0.218520299,0.478293151
661,6205.5,6199,6212,0.366347615,0.227343559,0.547585607
662,6227.5,6221,6234,0.341373826,0.231992483,0.477950901
663,6250,6243,6257,0.395471288,0.226531401,0.577327013
664,6272.5,6266,6279,0.393465836,0.280975759,0.538164079
665,6295,6288,6302,0.394923418,0.215051293,0.601740003
666,6317.5,6311,6324,0.366546364,0.156073749,0.614933431
667,6340,6333,6347,0.377983816,0.248831809,0.644822598
668,6362.5,6356,6369,0.392754595,0.240141451,0.532175004
669,6385,6378,6392,0.42499288,0.187149569,0.654734135
670,6407.5,6401,6414,0.41766215,0.333423316,0.588557661
671,6430,6423,6437,0.378906727,0.252708763,0.520848334
672,6452.5,6446,6459,0.365373243,0.267701685,0.652472854
673,6475,6468,6482,0.385835912,0.28210634,0.505845845
674,6497.5,6491,6504,0.345070597,0.230142698,0.497326583
675,6519.5,6513,6526,0.361393305,0.227292299,0.511633694
676,6542,6535,6549,0.37934741,0.266779482,0.561480463
677,6564.5,6558,6571,0.393184402,0.211081684,0.544968605
678,6587,6580,6594,0.408288894,0.208045244,0.588028431
679,6609.5,6603,6616,0.347909504,0.163716346,0.68917799
680,6632,6625,6639,0.369339423,0.243376568,0.575269699
681,6654.5,6648,6661,0.369234639,0.230102912,0.564644516
682,6677,6670,6684,0.384158353,0.278740048,0.579143882
683,6699.5,6693,6706,0.406204358,0.215905577,0.602140665
684,6722,6715,6729,0.369272635,0.272529662,0.683544993
685,6744.5,6738,6751,0.363459217,0.248853892,0.531769156
686,6767,6760,6774,0.411708953,0.218521535,0.758155704
687,6789.5,6783,6796,0.420141365,0.27394262,0.928384364
688,6811.5,6805,6818,0.393128272,0.250423998,0.628514409
689,6834,6827,6841,0.456061846,0.117921196,0.826707006
690,6856.5,6850,6863,0.358296129,0.155588165,0.568950415
691,6879,6872,6886,0.441345553,0.272988826,0.759630919
692,6901.5,6895,6908,0.445349421,0.264990032,0.699300051
693,6924,6917,6931,0.45197834,0.249107271,0.880643189
694,6946.5,6940,6953,0.45388599,0.25813812,0.730008364
695,6969,6962,6976,0.371597425,0.265960813,0.683923244
696,6991.5,6985,6998,0.431137968,0.239642739,0.737321079
697,7014,7007,7021,0.338473061,0.149204031,0.508645415
698,7036.5,7030,7043,0.348229466,0.250643134,0.47071889
699,7059,7052,7066,0.376213177,0.250360698,0.538406312
700,7081.5,7075,7088,0.363757697,0.170448706,0.532299936
701,7103.5,7097,7110,0.381004674,0.276357472,0.522025287
702,7126,7119,7133,0.393743712,0.248027563,0.590452313
703,7148.5,7142,7155,0.396884524,0.25866273,0.615784466
704,7171,7164,7178,0.402417733,0.221287072,0.603818953
705,7193.5,7187,7200,0.409611881,0.235186458,0.67369765
706,7216,7209,7223,0.370086143,0.259580821,0.485419184
707,7238.5,7232,7245,0.43392575,0.264487028,0.810706913
708,7261,7254,7268,0.383034217,0.22539863,0.585189521
709,7283.5,7277,7290,0.401028874,0.196266547,0.642530024
710,7306,7299,7313,0.402201103,0.193103418,0.596269727
711,7328.5,7322,7335,0.427654794,0.171116292,0.879144549
712,7350.5,7344,7357,0.424983714,0.28032732,0.80392015
713,7373,7366,7380,0.384259879,0.182522669,0.64784795
714,7395.5,7389,7402,0.415843094,0.15120624,0.728639007
715,7418,7411,7425,0.373330734,0.229066685,0.618295431
716,7440.5,7434,7447,0.373620142,0.225597501,0.499234259
717,7463,7456,7470,0.429590285,0.20786792,0.777074099
718,7485.5,7479,7492,0.394249638,0.218217894,0.675237477
719,7508,7501,7515,0.374092607,0.172705278,0.758908272
720,7530.5,7524,7537,0.386189972,0.108478881,0.616609514
721,7553,7546,7560,0.373885618,0.260550022,0.522341788
722,7575.5,7569,7582,0.406933167,0.229767591,0.68158102
723,7598,7591,7605,0.374339956,0.257317305,0.647167861
724,7620.5,7614,7627,0.345843442,0.193070009,0.521254599
725,7642.5,7636,7649,0.454325207,0.22926496,0.61621362
726,7665,7658,7672,0.391113191,0.20932816,0.632506251
727,7687.5,7681,7694,0.334451007,0.215705305,0.49112305
728,7710,7703,7717,0.39977531,0.272910565,0.604762018
729,7732.5,7726,7739,0.400450589,0.266887277,0.570119262
730,7755,7748,7762,0.395171307,0.247243583,0.525832713
731,7777.5,7771,7784,0.38617004,0.219658762,0.673981667
732,7800,7793,7807,0.320735341,0.225301355,0.440848619
733,7822.5,7816,7829,0.424054159,0.315726668,0.542412639
734,7845,7838,7852,0.379950788,0.213858366,0.849024713
735,7867.5,7861,7874,0.437289747,0.292967796,0.622939885
736,7890,7883,7897,0.393020628,0.225762516,0.508429945
737,7912.5,7906,7919,0.419995724,0.082521401,0.661275089
738,7934.5,7928,7941,0.333856684,0.246722937,0.410672277
739,7957,7950,7964,0.394205342,0.230855882,0.542078078
740,7979.5,7973,7986,0.369402074,0.163225323,0.629167676
741,8002,7995,8009,0.379288512,0.180137128,0.695136487
742,8024.5,8018,8031,0.381606853,0.235138357,0.680352449
743,8047,8040,8054,0.378938371,0.192054778,0.574259102
744,8069.5,8063,8076,0.388975765,0.240053475,0.499720007
745,8092,8085,8099,0.35520583,0.23966226,0.462100446
746,8114.5,8108,8121,0.381953184,0.189551413,0.534345865
747,8137,8130,8144,0.395597295,0.269067556,0.520535052
748,8159.5,8153,8166,0.399314657,0.267697901,0.613989949
749,8182,8175,8189,0.401710792,0.232762009,0.599598169
750,6.5,0,13,0.383209167,0.184564918,0.56415689
751,28.5,22,35,0.384811312,0.224707901,0.885552764
752,45,38,52,0.351973654,0.188707426,0.58756417
753,61.5,55,68,0.351976239,0.214699686,0.592197299
754,78,71,85,0.410989847,0.151840121,0.760372996
755,94.5,88,101,0.485060822,0.240635008,0.859062374
756,111,104,118,0.475315106,0.260392904,1.134695292
757,127.5,121,134,0.410974056,0.178572208,0.637422562
758,144,137,151,0.371003101,0.187368214,0.549310982
759,160.5,154,167,0.400811368,0.176215738,0.611300707
760,177,170,184,0.478950032,0.238590389,1.006913662
761,199.5,193,206,0.405852448,0.251907349,0.667297781
762,215.5,209,222,0.383662752,0.262131244,0.663179159
763,232,225,239,0.399772578,0.213379234,0.612753093
764,248.5,242,255,0.435777775,0.278641999,0.600521445
765,265,258,272,0.378860351,0.167695209,0.543539286
766,281.5,275,288,0.348258753,0.15831089,0.564909339
767,298,291,305,0.337179868,0.141250253,0.465306699
768,314.5,308,321,0.317376642,0.200191066,0.445934534
769,331,324,338,0.390645114,0.241572335,0.598449886
770,347.5,341,354,0.403607001,0.242123142,0.642566621
771,370,363,377,0.367589595,0.195717692,0.484781533
772,386.5,380,393,0.36888645,0.218905061,0.586240351
773,403,396,410,0.357890739,0.243924409,0.498188674
774,419.5,413,426,0.389588745,0.247022972,0.55734992
775,435.5,429,442,0.330597201,0.19471103,0.462355077
776,452,445,459,0.411150309,0.194194689,0.588382483
777,468.5,462,475,0.449714629,0.206781328,0.745325387
778,485,478,492,0.394443142,0.239029855,0.719785035
779,501.5,495,508,0.360325682,0.191825256,0.497594178
780,518,511,525,0.366359806,0.244522959,0.500198305
781,540.5,534,547,0.344789905,0.222519711,0.424684525
782,557,550,564,0.347144593,0.240745917,0.487511635
783,573.5,567,580,0.37883827,0.22354342,0.570906043
784,590,583,597,0.3861124,0.230030119,0.551243484
785,606.5,600,613,0.418212123,0.215455681,0.641630173
786,623,616,630,0.360644168,0.254042327,0.470883548
787,639.5,633,646,0.362843702,0.213302642,0.576000273
788,655.5,649,662,0.407555095,0.205309361,0.66099894
789,672,665,679,0.404581284,0.192513481,0.687434793
790,688.5,682,695,0.42418547,0.289188594,0.64867878
791,711,704,718,0.378279014,0.124080867,0.601786613
792,727.5,721,734,0.397371605,0.303559721,0.46103254
793,744,737,751,0.310194856,0.142580181,0.485010386
794,760.5,754,767,0.337889031,0.235285968,0.474998295
795,777,770,784,0.346238959,0.177444786,0.645651758
796,793.5,787,800,0.389290796,0.225609764,0.547124922
797,810,803,817,0.37313478,0.229344815,0.585019886
798,826.5,820,833,0.356068427,0.133611739,0.674538732
799,843,836,850,0.396850363,0.23003377,0.678530037
800,859.5,853,866,0.451893904,0.200905979,0.70369792
801,881.5,875,888,0.469329023,0.360080659,0.691264749
802,898,891,905,0.368974817,0.180082291,0.596095204
803,914.5,908,921,0.350207227,0.209521919,0.504723728
804,931,924,938,0.356752774,0.202817112,0.529031813
805,947.5,941,954,0.336481314,0.227090567,0.527591527
806,964,957,971,0.351802102,0.247108176,0.534887373
807,980.5,974,987,0.39684506,0.230847925,0.554688692
808,997,990,1004,0.332630356,0.208072081,0.449807793
809,1013.5,1007,1020,0.383023049,0.245516628,0.647822917
810,1030,1023,1037,0.379327265,0.191943914,0.536629081
811,1052.5,1046,1059,0.347706502,0.212265626,0.510325134
812,1068.5,1062,1075,0.375968876,0.188568026,0.721901536
813,1085,1078,1092,0.323893168,0.228095531,0.424734592
814,1101.5,1095,1108,0.311077169,0.179319024,0.509661973
815,1118,1111,1125,0.350873238,0.24865824,0.44835642
816,1134.5,1128,1141,0.372336015,0.272646189,0.474668175
817,1151,1144,1158,0.289369692,0.140924424,0.498834848
818,1167.5,1161,1174,0.379682697,0.205650598,0.66074878
819,1184,1177,1191,0.360273679,0.231325999,0.716245651
820,1200.5,1194,1207,0.339573646,0.183933809,0.596750081
821,1223,1216,1230,0.403222464,0.260700315,0.668904781
822,1239.5,1233,1246,0.467838421,0.261051238,0.876980126
823,1256,1249,1263,0.435784115,0.231808513,0.721988976
824,1272.5,1266,1279,0.350163037,0.190487638,0.572218657
825,1288.5,1282,1295,0.362213537,0.197867125,0.499794424
826,1305,1298,1312,0.39633618,0.199640512,0.557186961
827,1321.5,1315,1328,0.428916124,0.141633183,0.81848532
828,1338,1331,1345,0.423530918,0.260100335,0.631624162
829,1354.5,1348,1361,0.361547012,0.260000587,0.527686
830,7,0,14,0.388175641,0.21515879,0.634822786
831,29.5,23,36,0.370618094,0.205565959,0.66360116
832,52,45,59,0.355186862,0.136009827,0.846830904
833,74.5,68,81,0.386715314,0.166314602,0.563302994
834,97,90,104,0.389936932,0.227734774,0.531250954
835,119.5,113,126,0.374567799,0.185821772,0.784516335
836,142,135,149,0.37504252,0.166456968,0.558672905
837,164.5,158,171,0.35423963,0.169547677,0.501838088
838,186.5,180,193,0.34602442,0.269731671,0.422544539
839,209,202,216,0.340122768,0.127137825,0.460464656
840,231.5,225,238,0.32793261,0.244683102,0.457689822
841,254,247,261,0.362641513,0.233253986,0.477230102
842,276.5,270,283,0.359664816,0.171548054,0.510863662
843,299,292,306,0.358272021,0.188508764,0.70847702
844,321.5,315,328,0.332792219,0.176979899,0.488761991
845,344,337,351,0.316551747,0.152178571,0.478922278
846,366.5,360,373,0.347942254,0.223095536,0.516697645
847,389,382,396,0.327338089,0.197052926,0.635369778
848,411.5,405,418,0.330755293,0.199988753,0.438180804
849,434,427,441,0.33452035,0.220783204,0.454940915
850,456.5,450,463,0.385936109,0.187846631,0.616452038
851,478.5,472,485,0.358144597,0.188970715,0.619082808
852,501,494,508,0.383156982,0.215235263,0.639888108
853,523.5,517,530,0.321888122,0.210278183,0.430666327
854,546,539,553,0.373032721,0.229799449,0.594897449
855,568.5,562,575,0.359009481,0.100976139,0.572270453
856,591,584,598,0.363345978,0.215234593,0.629890203
857,613.5,607,620,0.322574013,0.23001951,0.480211258
858,636,629,643,0.345085528,0.166653678,0.568802118
859,658.5,652,665,0.334679112,0.185483187,0.554792523
860,681,674,688,0.349894025,0.200547725,0.527998924
861,703.5,697,710,0.36644546,0.249091804,0.574072003
862,725.5,719,732,0.376168677,0.214356303,0.507680178
863,748,741,755,0.298784141,0.239586622,0.395393729
864,770.5,764,777,0.311559561,0.182820648,0.495534986
865,793,786,800,0.372325622,0.225000367,0.650607347
866,815.5,809,822,0.382827767,0.159615457,0.594649017
867,838,831,845,0.390493924,0.233468488,0.591562927
868,860.5,854,867,0.333188093,0.208090171,0.532305121
869,883,876,890,0.346566171,0.216180116,0.500217974
870,905.5,899,912,0.310311383,0.168581039,0.421107769
871,928,921,935,0.32095977,0.108342759,0.528603733
872,950.5,944,957,0.337998584,0.112671986,0.585856318
873,973,966,980,0.322928717,0.180003345,0.443473756
874,995.5,989,1002,0.326016732,0.167651981,0.483654976
875,1017.5,1011,1024,0.365044351,0.272643268,0.671584129
876,1040,1033,1047,0.412548722,0.246869102,0.84525764
877,1062.5,1056,1069,0.425949921,0.197233915,0.828314126
878,1085,1078,1092,0.35470704,0.147910833,0.524763525
879,1107.5,1101,1114,0.342317366,0.183337182,0.568083048
880,1130,1123,1137,0.395459203,0.184663296,0.71233201
881,1152.5,1146,1159,0.385441294,0.2107694,0.593414664
882,1175,1168,1182,0.360165202,0.133029148,0.568283677
883,1197.5,1191,1204,0.331092631,0.170609728,0.625590205
884,1220,1213,1227,0.308807774,0.214265674,0.549736559
885,1242.5,1236,1249,0.292248377,0.189811409,0.378127515
886,1265,1258,1272,0.317710355,0.241931394,0.486600935
887,1287.5,1281,1294,0.347515961,0.23033081,0.518312752
888,1309.5,1303,1316,0.349486699,0.220490411,0.560610235
889,1332,1325,1339,0.376544888,0.163106844,0.513261259
890,1354.5,1348,1361,0.380542726,0.211411089,0.639012396
891,1377,1370,1384,0.336398806,0.168293729,0.530112267
892,1399.5,1393,1406,0.396701105,0.163638219,0.651666999
893,1422,1415,1429,0.359761367,0.165208757,0.564062834
894,1444.5,1438,1451,0.322612783,0.151114762,0.466447234
895,1467,1460,1474,0.310620662,0.253066182,0.43761766
896,1489.5,1483,1496,0.353363594,0.220461473,0.464529455
897,1512,1505,1519,0.372875686,0.212794125,0.5078668
898,1534.5,1528,1541,0.385031254,0.203306094,0.603973567
899,1557,1550,1564,0.37536302,0.205468446,0.682237029
900,1579.5,1573,1586,0.364343447,0.235678017,0.526882291
901,1601.5,1595,1608,0.376198427,0.243198797,0.710964918
902,1624,1617,1631,0.322221961,0.20254612,0.472450793
903,1646.5,1640,1653,0.320821233,0.225288898,0.424068809
904,1669,1662,1676,0.33400017,0.168608308,0.58185786
905,1691.5,1685,1698,0.323792981,0.226630986,0.441955477
906,1714,1707,1721,0.284233369,0.143984884,0.363291979
907,1736.5,1730,1743,0.342114058,0.183769092,0.599975944
908,1759,1752,1766,0.3294101,0.204777122,0.440777898
909,1781.5,1775,1788,0.372888161,0.217974126,0.484762013
910,1804,1797,1811,0.309762904,0.199736521,0.593553782
911,1826.5,1820,1833,0.365737991,0.210202172,0.645488024
912,1848.5,1842,1855,0.348795204,0.09668272,0.603193164
913,1871,1864,1878,0.466480537,0.213401377,1.221633673
914,1893.5,1887,1900,0.451770659,0.15727669,0.908220351
915,1916,1909,1923,0.379046528,0.252486497,0.771506071
916,1938.5,1932,1945,0.310656032,0.198550358,0.483236313
917,1961,1954,1968,0.301144116,0.199144483,0.467547715
918,1983.5,1977,1990,0.323425138,0.212555826,0.454693556
919,2006,1999,2013,0.301598273,0.192962766,0.432635695
920,2028.5,2022,2035,0.331614829,0.21666944,0.520401478
921,2051,2044,2058,0.337932428,0.200029671,0.596278906
922,2073.5,2067,2080,0.355559849,0.232476473,0.529653907
923,2096,2089,2103,0.353792202,0.268423706,0.486089557
924,2118.5,2112,2125,0.334708938,0.239108086,0.437988698
925,2140.5,2134,2147,0.301182484,0.174182132,0.423517764
926,2163,2156,2170,0.324441253,0.139356881,0.478802085
927,2185.5,2179,2192,0.351958196,0.21954909,0.604784191
928,2208,2201,2215,0.355249485,0.207691669,0.598044455
929,2230.5,2224,2237,0.310709311,0.184941471,0.572282076
930,2253,2246,2260,0.387460704,0.186880857,0.661937594
931,2275.5,2269,2282,0.43681933,0.166753054,1.070330143
932,2298,2291,2305,0.445179809,0.17521295,0.857767463
933,2320.5,2314,2327,0.363164074,0.140665382,0.595921218
934,2343,2336,2350,0.338610813,0.195305318,0.735746026
935,2365.5,2359,2372,0.321264609,0.199629739,0.596621275
936,2388,2381,2395,0.314907509,0.154355645,0.4907462
937,2410.5,2404,2417,0.2970927,0.208911449,0.413999021
938,2432.5,2426,2439,0.325364068,0.260642439,0.432176828
939,2455,2448,2462,0.303268769,0.170258462,0.435369194
940,2477.5,2471,2484,0.298067801,0.152752191,0.447092116
941,2500,2493,2507,0.30351045,0.16489841,0.564927161
942,2522.5,2516,2529,0.321947274,0.186223179,0.492466033
943,2545,2538,2552,0.339001337,0.200724274,0.670447052
944,2567.5,2561,2574,0.361226062,0.226263419,0.499401391
945,2590,2583,2597,0.315283787,0.189687222,0.5499807
946,2612.5,2606,2619,0.33656485,0.194461375,0.58615005
947,2635,2628,2642,0.383465046,0.191549242,0.73279202
948,2657.5,2651,2664,0.402204465,0.240653366,0.69432795
949,2680,2673,2687,0.441277203,0.244370773,0.673500299
950,2702.5,2696,2709,0.37411822,0.191228122,0.734166801
951,2724.5,2718,2731,0.359490735,0.261822581,0.502235949
952,2747,2740,2754,0.298890501,0.177928865,0.416988283
953,2769.5,2763,2776,0.310198686,0.178748235,0.443831682
954,2792,2785,2799,0.315700167,0.22166945,0.499746621
955,2814.5,2808,2821,0.291953564,0.194151968,0.402136296
956,2837,2830,2844,0.350530774,0.204487652,0.505155921
957,2859.5,2853,2866,0.338970241,0.194207251,0.49726516
958,2882,2875,2889,0.334821849,0.206585005,0.756336927
959,2904.5,2898,2911,0.317970875,0.206232354,0.507193983
960,2927,2920,2934,0.311861783,0.151716202,0.428743839
961,2949.5,2943,2956,0.323279024,0.139105186,0.512868226
962,2971.5,2965,2978,0.320696327,0.162488088,0.467638016
963,2994,2987,3001,0.287765708,0.135255098,0.413124621
964,3016.5,3010,3023,0.340840655,0.137992799,0.538640618
965,3039,3032,3046,0.38145967,0.203904539,0.794143319
966,3061.5,3055,3068,0.39569442,0.27851063,0.568782806
967,3084,3077,3091,0.332460371,0.216640592,0.445764601
968,3106.5,3100,3113,0.296537364,0.210486114,0.35699591
969,3129,3122,3136,0.307086299,0.207974136,0.417347968
970,3151.5,3145,3158,0.303953324,0.212772012,0.432154685
971,3174,3167,3181,0.313349983,0.208532095,0.446839005
972,3196.5,3190,3203,0.324886025,0.147850797,0.633354247
973,3219,3212,3226,0.292668924,0.163540408,0.429126948
974,3241.5,3235,3248,0.340366689,0.219190344,0.551226854
975,3263.5,3257,3270,0.368653312,0.21728076,0.574741006
976,3286,3279,3293,0.382827229,0.208316296,0.58165729
977,3308.5,3302,3315,0.322200382,0.113244742,0.486176461
978,3331,3324,3338,0.300652485,0.176995561,0.548678994
979,3353.5,3347,3360,0.30239069,0.216714323,0.492901653
980,3376,3369,3383,0.301616885,0.183100775,0.402303278
981,3398.5,3392,3405,0.321076185,0.208919376,0.476814747
982,3421,3414,3428,0.323234216,0.243639588,0.464181751
983,3443.5,3437,3450,0.318118568,0.157791495,0.494296104
984,3466,3459,3473,0.371215738,0.218868941,0.660904169
985,3488.5,3482,3495,0.330229061,0.222711265,0.431468785
986,3511,3504,3518,0.342698765,0.197585672,0.499251157
987,3533.5,3527,3540,0.300744079,0.137908697,0.508228004
988,3555.5,3549,3562,0.300854629,0.181711674,0.467167854
989,3578,3571,3585,0.329046194,0.183024332,0.506687343
990,3600.5,3594,3607,0.363478807,0.116425321,0.652107477
991,3623,3616,3630,0.409930897,0.177226737,0.652178466
992,3645.5,3639,3652,0.345225888,0.167043433,0.591875434
993,3668,3661,3675,0.336296532,0.138667464,0.593420923
994,3690.5,3684,3697,0.3837259,0.113068812,0.799032211
995,3713,3706,3720,0.323301465,0.161040202,0.533846676
996,3735.5,3729,3742,0.358312402,0.190568715,0.521127522
997,3758,3751,3765,0.316674357,0.207762793,0.481615961
998,3780.5,3774,3787,0.319392717,0.174755603,0.408818424
999,3803,3796,3810,0.291906531,0.166718602,0.416749477
1000,3825.5,3819,3832,0.272515399,0.136234552,0.381398976
