epoch,11/04 09:12:51 - Standard Model - _step,11/04 09:12:51 - Standard Model - _step__MIN,11/04 09:12:51 - Standard Model - _step__MAX,11/04 09:12:51 - Standard Model - G_Adversarial,11/04 09:12:51 - Standard Model - G_Adversarial__MIN,11/04 09:12:51 - Standard Model - G_Adversarial__MAX
0,6.5,0,13,106.4915826,0.006648879,161.5762634
1,28.5,22,35,97.17338617,64.12670898,124.7669678
2,51,44,58,69.13122431,44.75805283,131.6683044
3,67.5,61,74,51.52017498,11.95400238,93.97276306
4,90,83,97,48.5824858,-0.539773583,104.1725464
5,112.5,106,119,48.26027659,-2.888365746,81.49893188
6,135,128,142,51.57927598,-7.702567101,98.80778503
7,151.5,145,158,52.86556625,-18.07938385,113.8201447
8,168,161,175,66.72101599,4.841337204,152.5173187
9,190.5,184,197,53.6158371,21.61682892,101.7909164
10,207,200,214,62.56783196,-29.30036926,134.2333221
11,223.5,217,230,65.26333226,-7.593503475,130.2947083
12,245.5,239,252,60.54076597,6.901003838,101.0054169
13,268,261,275,63.04084155,-23.85886765,134.6565094
14,290.5,284,297,68.92375898,11.64313221,145.6704102
15,313,306,320,64.38574473,-8.234609604,127.0731201
16,329.5,323,336,71.43925806,1.608257771,116.3629456
17,352,345,359,68.98911816,-3.866800785,126.8742065
18,368.5,362,375,66.18648624,-7.535009861,171.1596375
19,391,384,398,62.93311402,2.476546764,111.3260956
20,413.5,407,420,72.56317561,15.14453125,154.8055115
21,430,423,437,77.62959654,-25.84381485,165.0089722
22,452.5,446,459,76.25221593,0.713960648,130.5145721
23,475,468,482,79.11086448,-27.00131989,187.5274963
24,491.5,485,498,50.71431922,-27.15955353,128.3766022
25,507.5,501,514,56.69988951,-8.569228172,121.2063293
26,524,517,531,57.88949242,9.384529114,109.1205444
27,546.5,540,553,59.23956728,11.05575466,118.2597504
28,563,556,570,54.82457781,-32.95051956,141.8829346
29,579.5,573,586,70.95035001,-33.42172241,170.6467285
30,596,589,603,59.8065951,-35.50744629,141.4645996
31,612.5,606,619,60.93155387,-18.89446259,120.5710907
32,635,628,642,53.33071524,3.271607399,99.99301147
33,651.5,645,658,58.93486943,-14.1377182,105.6425934
34,674,667,681,61.48267895,-11.75394821,133.1671143
35,696.5,690,703,55.3512555,-44.64879608,121.335144
36,719,712,726,65.56619552,-9.44124794,146.4267426
37,741.5,735,748,48.36710283,-10.49685192,101.9615707
38,757.5,751,764,58.43065521,8.485109329,95.85626221
39,780,773,787,51.84498011,-37.93495941,96.53826141
40,802.5,796,809,54.14951856,-11.15206337,118.8108826
41,819,812,826,56.63106925,-21.65574455,135.0658569
42,841.5,835,848,71.27348069,-10.20519066,139.2070923
43,864,857,871,52.90345106,-7.84958744,112.8821259
44,886.5,880,893,80.70972599,-50.82949448,181.9033203
45,909,902,916,60.84865004,-16.75855255,129.6734924
46,931.5,925,938,62.64514944,-16.96711349,144.044632
47,948,941,955,74.9495602,-29.32556152,134.4660339
48,970.5,964,977,57.93587075,-56.18549347,150.3073425
49,993,986,1000,62.44733162,-30.55281448,131.5380859
50,1015.5,1009,1022,63.37317743,-43.15021896,172.269455
51,1031.5,1025,1038,62.83063221,-23.18527031,114.1258926
52,1054,1047,1061,48.44018437,-25.28419113,120.2688065
53,1076.5,1070,1083,52.57100358,-54.54571533,136.6011505
54,1099,1092,1106,55.12007476,-68.24956512,145.4788971
55,1115.5,1109,1122,47.2761566,-59.36711884,143.9255219
56,1138,1131,1145,68.80026569,-27.28994942,153.9677124
57,1154.5,1148,1161,58.2894408,-33.13858795,130.5149536
58,1171,1164,1178,40.40948682,-39.63109589,105.8552094
59,1193.5,1187,1200,67.81088843,-43.91268158,139.2967224
60,1210,1203,1217,57.4920602,-10.22961903,143.10672
61,1232.5,1226,1239,58.05191244,8.061218262,117.4093323
62,1254.5,1248,1261,64.40064853,-26.90946198,124.2764435
63,1271,1264,1278,56.75772336,-21.19011688,124.9226532
64,1293.5,1287,1300,69.89486647,10.4199152,129.7216492
65,1316,1309,1323,66.19695358,27.97731209,101.1532364
66,1338.5,1332,1345,63.63654453,4.465779781,121.8328705
67,1355,1348,1362,52.00117671,-36.04120636,122.1964874
68,1377.5,1371,1384,61.02361323,-2.574419975,146.6099091
69,1400,1393,1407,64.02298272,-11.63487816,145.1573486
70,1416.5,1410,1423,65.64013324,-2.938547373,123.3255386
71,1433,1426,1440,66.61660182,-40.19120407,158.6175385
72,1455.5,1449,1462,68.99862458,-8.939469337,146.0187988
73,1472,1465,1479,62.7347669,1.612943769,127.8060608
74,1494.5,1488,1501,77.55776848,-15.62512207,149.4764557
75,1516.5,1510,1523,62.13598539,-15.48868942,145.7063904
76,1539,1532,1546,75.62908656,11.87456894,141.0502319
77,1555.5,1549,1562,70.55100632,2.607625961,144.4236145
78,1578,1571,1585,72.39258245,-19.13291168,130.9345398
79,1594.5,1588,1601,73.22914028,9.794101715,139.15625
80,1617,1610,1624,72.25123819,-18.56632996,148.8345337
81,1639.5,1633,1646,78.01427596,5.777256012,145.9569092
82,1662,1655,1669,71.80148036,-34.65146637,170.436554
83,1684.5,1678,1691,86.21664878,-8.519350052,192.3558044
84,1707,1700,1714,70.5959823,14.37010098,118.8022156
85,1723.5,1717,1730,73.30602319,15.71596527,118.2312393
86,1740,1733,1747,76.23154017,13.54844666,122.7290649
87,1756.5,1750,1763,75.33412583,2.840693712,174.1300507
88,1778.5,1772,1785,75.0395047,-1.379321575,143.2954102
89,1801,1794,1808,79.72879523,-3.817071199,159.7563171
90,1817.5,1811,1824,87.82198007,21.17393875,152.974884
91,1840,1833,1847,73.41150322,9.865119934,118.1467896
92,1856.5,1850,1863,91.65117077,-0.180678725,177.9788513
93,1873,1866,1880,86.83203519,11.47425652,158.7280121
94,1895.5,1889,1902,78.55212934,6.651018143,143.9528351
95,1918,1911,1925,84.10627136,21.26896286,152.5522308
96,1940.5,1934,1947,85.65573815,10.69268608,149.0587006
97,1963,1956,1970,79.32711875,-0.492201805,140.1247253
98,1985.5,1979,1992,76.13250547,2.230429411,153.1779175
99,2008,2001,2015,85.70470594,19.45218086,135.7622375
100,2024.5,2018,2031,81.28715706,41.4052887,110.2136383
101,2046.5,2040,2053,91.87169416,17.62228394,138.7419281
102,2063,2056,2070,83.14935659,26.66965485,165.5671692
103,2085.5,2079,2092,75.66013786,6.0085392,169.8278656
104,2108,2101,2115,92.87942251,-1.342074394,174.9976807
105,2124.5,2118,2131,82.92830685,19.17487335,146.0811768
106,2141,2134,2148,90.75925484,10.49918175,152.3176727
107,2163.5,2157,2170,83.10020542,23.81792259,145.5889282
108,2186,2179,2193,89.97414896,-1.271774054,175.2693176
109,2208.5,2202,2215,75.72997965,42.23394012,134.4028168
110,2231,2224,2238,93.38809636,24.35285187,154.953186
111,2253.5,2247,2260,86.93486622,44.84358215,148.7539368
112,2269.5,2263,2276,84.40597228,4.23647213,158.4493408
113,2292,2285,2299,100.8467893,-12.25145912,180.0812378
114,2314.5,2308,2321,79.4204043,18.86554909,154.6291504
115,2337,2330,2344,93.28004761,26.75906754,165.3598938
116,2353.5,2347,2360,88.52254622,14.52634621,169.1802216
117,2376,2369,2383,98.67892176,58.41863632,151.6936646
118,2398.5,2392,2405,96.65796307,5.216966629,158.0578156
119,2415,2408,2422,94.57847544,46.27836609,146.6541138
120,2437.5,2431,2444,88.45596804,11.60821152,185.7774658
121,2460,2453,2467,100.9649797,23.67731857,162.1537781
122,2476.5,2470,2483,88.20008632,20.57277679,169.1966553
123,2499,2492,2506,110.6354031,-0.441232502,183.3629913
124,2521.5,2515,2528,90.26629273,-1.949653268,184.1139679
125,2543.5,2537,2550,94.86179944,-1.666871071,209.6383362
126,2566,2559,2573,111.7162432,8.776557922,218.7389679
127,2582.5,2576,2589,105.8861136,22.14484787,170.4455566
128,2599,2592,2606,116.7060265,17.25071335,195.4128418
129,2621.5,2615,2628,97.41054133,11.60741138,177.1851501
130,2638,2631,2645,97.28773905,35.14892197,172.3152618
131,2660.5,2654,2667,107.7786443,62.05211258,157.8326416
132,2677,2670,2684,109.0578777,30.11084557,161.7123871
133,2699.5,2693,2706,101.7859876,50.31657028,182.1182556
134,2722,2715,2729,92.83320885,8.694673538,153.4529114
135,2738.5,2732,2745,99.41347122,39.20135498,173.0140991
136,2761,2754,2768,100.936633,35.62880707,149.0767365
137,2777.5,2771,2784,93.0068762,11.33856297,170.1768036
138,2799.5,2793,2806,98.91668156,44.06855011,151.2605286
139,2816,2809,2823,93.53478216,27.39987183,150.6445923
140,2838.5,2832,2845,97.1236233,-8.01456356,159.6701355
141,2855,2848,2862,113.7084058,32.63466644,207.3224487
142,2877.5,2871,2884,109.1014293,53.13449478,156.1265564
143,2894,2887,2901,105.4843786,54.60741425,149.2457123
144,2916.5,2910,2923,113.5057727,57.45783234,156.1984711
145,2939,2932,2946,114.0004506,81.79329681,154.463913
146,2961.5,2955,2968,104.6775905,43.18675232,166.6759033
147,2984,2977,2991,113.8333964,33.32813644,174.2036438
148,3000.5,2994,3007,103.2928257,45.53456879,163.3212738
149,3023,3016,3030,104.7706512,31.07406616,180.7445068
150,3045.5,3039,3052,109.7599585,46.41673279,155.1291809
151,3061.5,3055,3068,109.6196297,61.96854782,150.2972107
152,3078,3071,3085,101.6005351,32.08781433,168.1079254
153,3094.5,3088,3101,106.3350612,33.06404877,184.6210785
154,3111,3104,3118,114.4400998,52.13759232,157.2973633
155,3127.5,3121,3134,111.2955472,49.78190994,180.5907288
156,3150,3143,3157,112.5400637,63.55216599,164.8361053
157,3166.5,3160,3173,104.6667107,43.59865189,167.4093323
158,3183,3176,3190,111.2298169,50.77654266,180.3594971
159,3199.5,3193,3206,97.41255978,57.06617355,142.1998749
160,3222,3215,3229,98.95873235,47.38772202,154.7114258
161,3244.5,3238,3251,91.97228295,55.72618866,120.4017639
162,3260.5,3254,3267,95.38293648,25.76145172,167.5957642
163,3283,3276,3290,106.7260447,13.69203186,167.0744019
164,3299.5,3293,3306,106.5763939,17.32744217,193.7495117
165,3322,3315,3329,101.9017268,18.5296402,192.3238373
166,3344.5,3338,3351,105.6391741,52.94835663,150.552887
167,3367,3360,3374,111.8740417,63.70432281,149.6620789
168,3383.5,3377,3390,120.8719646,58.84661102,192.2087402
169,3400,3393,3407,97.79274966,29.99096107,179.9598541
170,3422.5,3416,3429,109.6489994,54.2488327,168.9790649
171,3439,3432,3446,103.4131271,45.5419693,190.1865692
172,3461.5,3455,3468,112.8905792,71.70879364,166.486145
173,3478,3471,3485,116.1210383,97.3591156,140.1854248
174,3494.5,3488,3501,109.4887837,57.00543976,146.3924561
175,3510.5,3504,3517,105.6167872,56.25590515,160.600647
176,3533,3526,3540,118.4396729,77.0612793,168.6860809
177,3549.5,3543,3556,103.8026532,80.23799133,140.8445129
178,3566,3559,3573,110.2897199,61.11944962,150.2090454
179,3588.5,3582,3595,96.880079,66.88977051,115.620163
180,3611,3604,3618,115.3726262,62.45709229,178.6249542
181,3627.5,3621,3634,101.4721631,48.20902252,160.5614319
182,3650,3643,3657,110.9212143,77.13012695,139.8375092
183,3672.5,3666,3679,123.7871165,83.08193207,203.6257629
184,3695,3688,3702,113.0943242,65.3562088,143.5484009
185,3711.5,3705,3718,117.7867448,53.40202332,163.0128784
186,3734,3727,3741,110.3065908,39.70378113,184.4421997
187,3756.5,3750,3763,115.6830172,87.0790863,144.2036591
188,3772.5,3766,3779,107.8942495,64.83279419,149.7740021
189,3795,3788,3802,110.2281708,30.73065186,176.779007
190,3817.5,3811,3824,103.9770884,32.26514435,168.625
191,3840,3833,3847,118.720421,26.504282,174.6617584
192,3856.5,3850,3863,108.5105598,11.58623028,177.8760986
193,3873,3866,3880,107.8190839,47.56557465,146.3177795
194,3895.5,3889,3902,118.3604954,65.68942261,171.2323151
195,3912,3905,3919,110.1789459,69.44534302,145.9165802
196,3928.5,3922,3935,101.703525,75.20555115,146.826828
197,3945,3938,3952,100.6281751,51.78673172,136.0989685
198,3961.5,3955,3968,102.532656,34.74968719,187.09198
199,3978,3971,3985,112.173829,22.66379929,190.5538025
200,4000.5,3994,4007,101.2434319,59.53539276,152.5953369
201,4022.5,4016,4029,105.5220201,80.46994019,144.5627441
202,4045,4038,4052,110.6608927,63.074646,147.849762
203,4061.5,4055,4068,109.793663,90.6962204,136.125946
204,4078,4071,4085,107.7423793,59.06546021,150.3162079
205,4100.5,4094,4107,106.5595491,57.1178894,155.6739044
206,4123,4116,4130,112.1202443,53.128685,175.0080872
207,4145.5,4139,4152,116.7501586,48.61117554,166.7467346
208,4162,4155,4169,109.0932706,45.39992142,172.9606628
209,4184.5,4178,4191,113.1808292,38.46874237,193.8725281
210,4201,4194,4208,119.3379481,66.65393829,180.8475647
211,4217.5,4211,4224,112.6961286,9.642969131,205.4086914
212,4233.5,4227,4240,114.5916571,20.58559418,191.8128052
213,4256,4249,4263,122.1730286,81.5759964,154.2338257
214,4272.5,4266,4279,113.0941364,88.88824463,145.7219238
215,4289,4282,4296,122.1456187,68.66926575,187.3172455
216,4305.5,4299,4312,114.6890564,70.75769043,149.1539612
217,4322,4315,4329,114.1554947,54.23664856,194.821991
218,4338.5,4332,4345,113.5004169,54.29290009,158.3834839
219,4361,4354,4368,103.2430844,7.761111259,176.8525696
220,4383.5,4377,4390,105.6099292,42.5404129,169.237915
221,4400,4393,4407,100.8939163,85.87385559,139.0296021
222,4416.5,4410,4423,109.4229919,62.7179184,144.8304749
223,4439,4432,4446,109.580927,46.88018417,174.5766602
224,4455.5,4449,4462,102.9650002,49.30340195,164.2970886
225,4471.5,4465,4478,103.5260247,38.51954651,174.2990112
226,4488,4481,4495,99.90483615,22.82705498,150.8420105
227,4510.5,4504,4517,113.9858334,9.505937576,177.2537231
228,4533,4526,4540,96.29773687,38.00773621,171.3550568
229,4549.5,4543,4556,111.9966687,50.33802032,153.2110443
230,4572,4565,4579,110.4344371,64.12843323,143.9441223
231,4588.5,4582,4595,110.2663224,22.18995476,166.2479095
232,4605,4598,4612,111.1133046,23.01173401,175.9020691
233,4627.5,4621,4634,109.7011419,43.2826767,172.2144165
234,4650,4643,4657,104.7734482,25.82461166,166.3297729
235,4666.5,4660,4673,105.9162919,59.62097168,164.9354401
236,4683,4676,4690,99.61813202,46.72856903,151.9860535
237,4705.5,4699,4712,99.20657485,57.69891739,141.4580841
238,4727.5,4721,4734,113.8890359,96.59634399,150.039566
239,4744,4737,4751,118.5689898,46.9678688,160.8625183
240,4760.5,4754,4767,113.3765793,54.6151123,176.3075867
241,4783,4776,4790,114.6780787,39.64184189,185.6482239
242,4805.5,4799,4812,114.1230433,54.299263,191.3765106
243,4822,4815,4829,113.2056056,56.316185,143.6326447
244,4844.5,4838,4851,111.8029837,34.83493423,172.8770905
245,4867,4860,4874,112.2370989,61.42356491,159.9005737
246,4883.5,4877,4890,115.4659211,63.9967804,153.3342896
247,4906,4899,4913,106.5574285,54.65328217,174.0041199
248,4922.5,4916,4929,118.4861483,61.24803162,160.065506
249,4945,4938,4952,106.7887353,23.97495842,181.6954041
250,4961.5,4955,4968,120.7870922,38.1640358,195.2114258
251,4977.5,4971,4984,119.7919399,55.91520691,172.7846222
252,5000,4993,5007,117.6175854,13.37375069,230.7166138
253,5016.5,5010,5023,115.7747173,44.31570435,157.2961121
254,5033,5026,5040,121.7907939,81.11188507,150.9108734
255,5049.5,5043,5056,122.9984098,75.04623413,155.3659363
256,5072,5065,5079,132.011467,86.63542175,180.0693665
257,5094.5,5088,5101,122.3575063,91.5725708,157.9156494
258,5111,5104,5118,123.0108281,95.83482361,145.879303
259,5127.5,5121,5134,124.8595483,98.37372589,147.3096313
260,5150,5143,5157,126.7554998,78.7532196,171.1797485
261,5172.5,5166,5179,129.905407,103.6344986,162.1068726
262,5194.5,5188,5201,126.8162133,96.35507202,158.980072
263,5211,5204,5218,113.5653112,45.30176544,183.5522156
264,5227.5,5221,5234,135.3886474,51.12505341,214.6860809
265,5250,5243,5257,124.4559326,85.43754578,161.587677
266,5266.5,5260,5273,131.5670874,93.43185425,175.0023956
267,5283,5276,5290,131.2565653,65.46547699,183.606781
268,5305.5,5299,5312,132.4745222,79.07199097,202.169632
269,5322,5315,5329,133.9638079,60.8038826,180.1689453
270,5338.5,5332,5345,130.1147657,75.89053345,175.9518127
271,5361,5354,5368,127.075174,78.37554932,172.6721191
272,5383.5,5377,5390,110.3935263,72.16944122,161.2962646
273,5406,5399,5413,99.36703517,33.1147728,160.9520264
274,5428.5,5422,5435,114.7162323,31.82732773,183.0837555
275,5444.5,5438,5451,121.4336052,67.73182678,161.6712341
276,5467,5460,5474,126.3898384,55.93393326,185.4727631
277,5483.5,5477,5490,117.6887242,46.66604996,163.6992493
278,5506,5499,5513,126.8762586,42.6282959,204.2884979
279,5522.5,5516,5529,116.7764427,33.03150177,188.3082275
280,5539,5532,5546,124.4063062,36.09556961,201.8360291
281,5555.5,5549,5562,120.6776597,51.65975189,178.315155
282,5578,5571,5585,124.8300212,72.44880676,182.7833252
283,5594.5,5588,5601,133.5842389,105.1347351,164.7964935
284,5617,5610,5624,133.5768987,99.67514038,176.7626343
285,5639.5,5633,5646,129.0126403,86.89770508,191.5849457
286,5662,5655,5669,134.8665802,80.66375732,177.7173157
287,5678.5,5672,5685,126.6339163,35.10625458,202.2737122
288,5694.5,5688,5701,133.3322656,43.16714478,221.382782
289,5717,5710,5724,125.4652059,60.05257416,187.9205017
290,5739.5,5733,5746,131.3908326,71.72895813,177.3704224
291,5762,5755,5769,128.4123667,106.3816147,147.6616211
292,5784.5,5778,5791,121.8443745,72.06637573,145.8134613
293,5807,5800,5814,124.7169497,41.39634323,184.6321564
294,5823.5,5817,5830,126.3828558,62.96052933,219.3213196
295,5846,5839,5853,134.527121,66.41693878,198.0052032
296,5862.5,5856,5869,137.5163612,107.1618805,197.1443329
297,5879,5872,5886,129.8143702,91.71479034,165.1349792
298,5895.5,5889,5902,138.8241332,75.14413452,196.2185364
299,5912,5905,5919,132.8242393,9.386089325,205.4197083
300,5934.5,5928,5941,132.0056071,60.787117,197.2879944
301,5950.5,5944,5957,139.3971318,70.97776031,194.5580597
302,5973,5966,5980,135.5204564,58.05498505,193.2547607
303,5995.5,5989,6002,129.2724288,65.16564178,176.3834534
304,6018,6011,6025,129.5729602,56.69750595,180.8901367
305,6034.5,6028,6041,125.5974759,67.17021179,181.2096252
306,6051,6044,6058,127.8254044,52.69166565,173.2325287
307,6073.5,6067,6080,128.915702,59.53162003,171.428421
308,6096,6089,6103,129.9225357,65.90423584,172.278717
309,6112.5,6106,6119,133.2734484,76.7013092,180.8824921
310,6129,6122,6136,131.6198558,78.49331665,175.2762451
311,6145.5,6139,6152,131.333137,45.45444489,187.6721497
312,6167.5,6161,6174,130.2973093,55.64842987,196.1805115
313,6190,6183,6197,125.3045835,38.05979538,180.5918884
314,6206.5,6200,6213,125.7682964,77.37522888,193.4294128
315,6229,6222,6236,135.0245188,83.21943665,178.3580322
316,6245.5,6239,6252,142.7016929,104.1816864,178.2823792
317,6268,6261,6275,138.5693476,105.9457169,166.2103729
318,6290.5,6284,6297,138.1862253,90.17700195,182.3195496
319,6313,6306,6320,137.052595,75.71705627,190.5739899
320,6329.5,6323,6336,137.3542734,54.56423569,210.3404541
321,6352,6345,6359,139.2167399,95.20796204,196.7970276
322,6368.5,6362,6375,147.9338423,82.28076172,199.2736511
323,6391,6384,6398,144.0789556,88.64001465,208.0234985
324,6407.5,6401,6414,136.5354358,84.76547241,203.2665405
325,6423.5,6417,6430,140.0845964,90.39291382,191.6654205
326,6446,6439,6453,153.4940923,102.0777435,193.3991699
327,6468.5,6462,6475,152.315585,119.2000427,182.793869
328,6491,6484,6498,152.1897471,126.7455444,170.3176575
329,6513.5,6507,6520,148.2895966,116.8192291,183.6864929
330,6536,6529,6543,147.515742,128.6898193,182.1588745
331,6552.5,6546,6559,154.7642828,111.7221375,196.9201355
332,6575,6568,6582,148.7625982,73.56184387,207.8798676
333,6597.5,6591,6604,156.8517353,66.71872711,211.1443176
334,6620,6613,6627,144.1130987,88.67954254,177.8261566
335,6642.5,6636,6649,150.3872604,51.79322815,224.7465515
336,6665,6658,6672,147.4551137,61.90192413,222.7157593
337,6687.5,6681,6694,152.7182764,67.03380585,223.149231
338,6703.5,6697,6710,154.3379702,120.1155243,203.3492432
339,6726,6719,6733,156.2445841,123.3477936,198.0201416
340,6748.5,6742,6755,163.4785761,118.9849319,193.0813904
341,6771,6764,6778,158.6995778,114.2010498,210.427475
342,6793.5,6787,6800,151.834841,100.6653595,226.0321503
343,6810,6803,6817,159.0324824,83.6363678,228.9231415
344,6832.5,6826,6839,146.7647776,89.0823822,204.4685059
345,6849,6842,6856,154.6173742,80.60141754,227.1960602
346,6871.5,6865,6878,165.8633259,139.7930298,198.5914307
347,6894,6887,6901,154.1509216,123.994278,174.7374573
348,6916.5,6910,6923,151.5557545,116.5047607,183.5140991
349,6933,6926,6940,155.1491638,110.5500412,194.8414154
350,6955.5,6949,6962,154.9192472,119.5851135,193.3029633
351,6977.5,6971,6984,153.6151336,112.3832321,179.4670105
352,6994,6987,7001,152.7154521,123.1595306,179.2704773
353,7010.5,7004,7017,153.7529558,135.7181091,170.0925598
354,7027,7020,7034,158.7293203,129.438446,189.641449
355,7049.5,7043,7056,156.0502112,116.3042145,195.7106476
356,7072,7065,7079,154.8019597,86.70764923,223.9546509
357,7094.5,7088,7101,152.5852558,65.47895813,240.817688
358,7117,7110,7124,149.339355,78.2252655,214.7566528
359,7133.5,7127,7140,154.5356222,67.64027405,214.16008
360,7156,7149,7163,157.0448522,63.00930786,216.6465759
361,7172.5,7166,7179,156.6762205,73.42825317,226.7249298
362,7188.5,7182,7195,161.6966624,110.6848602,210.1704712
363,7205,7198,7212,161.8325734,110.7675323,220.119812
364,7227.5,7221,7234,153.465768,75.76345825,220.7888794
365,7250,7243,7257,159.5099792,135.558197,184.1277771
366,7266.5,7260,7273,159.5579965,134.685379,185.0516052
367,7289,7282,7296,158.5467021,98.17501831,214.3264618
368,7311.5,7305,7318,162.8318427,83.75482178,215.3709869
369,7334,7327,7341,158.8926814,78.99662781,225.6001587
370,7356.5,7350,7363,151.2382129,50.12410355,235.9898987
371,7373,7366,7380,158.0241938,93.01385498,207.8144989
372,7395.5,7389,7402,155.6692025,99.96473694,215.9732056
373,7412,7405,7419,158.2023107,104.1269531,202.4664001
374,7434.5,7428,7441,162.8447287,135.0036774,192.9429932
375,7450.5,7444,7457,170.1572135,148.6066742,192.2433777
376,7467,7460,7474,161.5853633,102.1497726,205.3840485
377,7483.5,7477,7490,156.910826,51.38123322,228.2719116
378,7506,7499,7513,162.2222483,71.68019867,240.5462952
379,7528.5,7522,7535,167.1126262,100.791275,237.6877136
380,7551,7544,7558,163.4337524,113.1334991,196.8107605
381,7567.5,7561,7574,170.2642642,127.2780991,201.7416687
382,7590,7583,7597,169.7024506,119.1151505,212.405304
383,7606.5,7600,7613,172.4557223,154.194397,202.256012
384,7629,7622,7636,182.9442271,160.9891968,204.2189789
385,7651.5,7645,7658,170.6450413,154.8699036,189.8750916
386,7668,7667,7669,193.0172933,186.2845764,203.9068604
387,51.5,45,58,172.9196211,126.6017914,209.6398926
388,73.5,67,80,174.906965,127.2577667,209.6972046
389,96.5,90,103,174.0216522,115.4971695,216.4400787
390,118.5,112,125,176.0534336,92.01028442,234.7083282
391,141,134,148,180.6487386,119.9421005,245.0665588
392,163.5,157,170,170.984133,97.58679199,231.2824707
393,186,179,193,174.0707148,119.1770248,223.7198486
394,208.5,202,215,184.7263696,158.4072266,202.9465332
395,231,224,238,179.6454213,157.7640686,204.8066711
396,253.5,247,260,179.706652,139.095459,209.5810547
397,276,269,283,176.2477071,150.7504272,195.1476593
398,298.5,292,305,177.6568909,150.7502594,213.7290649
399,321,314,328,176.440921,146.0542603,209.8495178
400,343.5,337,350,181.8414416,135.1933594,207.8222046
401,365.5,359,372,188.6619949,131.2751923,238.2207031
402,388.5,382,395,181.677354,100.4432983,242.7590942
403,410.5,404,417,178.4614814,124.8572998,230.8850708
404,433,426,440,184.060139,117.8818359,245.154541
405,455.5,449,462,170.3743973,72.76673889,264.0402527
406,478,471,485,179.1293686,101.0073242,240.2591858
407,500.5,494,507,177.8400061,87.74533844,250.9300537
408,523,516,530,177.4492442,104.6511078,229.3032227
409,545.5,539,552,173.2287794,143.3243713,208.4217529
410,568,561,575,180.9029933,123.0275803,233.5009003
411,590.5,584,597,189.3558557,140.4232788,222.3439331
412,612.5,606,619,189.0359334,157.9261475,213.9395599
413,635.5,629,642,187.9649026,160.3653717,213.9931641
414,657.5,651,664,187.7154868,148.688385,227.2746735
415,680.5,674,687,187.9515871,136.5780182,229.5768127
416,702.5,696,709,183.7333025,161.8760376,216.9011841
417,725,718,732,187.8680979,163.2085419,204.3677216
418,747.5,741,754,191.4675849,164.1488037,218.8997498
419,770,763,777,191.7315501,153.3892517,232.9455872
420,792.5,786,799,187.9837679,139.0556335,246.559021
421,815,808,822,194.3586843,154.7242432,246.5250397
422,837.5,831,844,188.2931911,155.0037537,215.7167053
423,860,853,867,193.4192637,143.0560913,245.7776031
424,882.5,876,889,198.1643372,132.5899048,255.7214508
425,904.5,898,911,192.8031703,128.1909332,291.2285156
426,927.5,921,934,194.6001609,131.8640137,245.1148987
427,949.5,943,956,193.5579507,158.2215271,228.2581482
428,972,965,979,193.6620509,120.1109238,259.2279358
429,994.5,988,1001,207.1419694,105.9072495,277.9298706
430,1017,1010,1024,198.138382,137.4204407,254.241272
431,1039.5,1033,1046,198.3287844,152.0787354,242.5619202
432,1062,1055,1069,193.2309479,171.2882538,226.4125824
433,1084.5,1078,1091,191.6229809,116.2644424,254.0718231
434,1107,1100,1114,187.3787567,134.5083313,229.2848969
435,1129.5,1123,1136,194.0320669,110.1471329,249.0996704
436,1152,1145,1159,197.1430389,110.3250732,255.9750214
437,1174.5,1168,1181,199.7317429,132.6065521,281.2798462
438,1196.5,1190,1203,199.7998276,161.0839386,232.9435577
439,1219.5,1213,1226,199.7363968,177.6162415,237.5648804
440,1241.5,1235,1248,193.0242593,140.3545837,238.9973145
441,1264,1257,1271,196.8384069,102.9678268,265.0263062
442,1286.5,1280,1293,201.6298632,147.6384888,275.5836487
443,1309,1302,1316,201.3205058,149.743988,240.9715881
444,1331.5,1325,1338,205.28228,169.0976563,235.3620453
445,1354,1347,1361,205.4979441,162.0643311,245.0211182
446,1376.5,1370,1383,209.7202704,175.7142334,234.9750214
447,1399,1392,1406,201.9831289,165.6641083,238.3993073
448,1421.5,1415,1428,216.9716437,153.4888153,265.2339172
449,1444,1437,1451,203.8076462,100.7214432,279.9367065
450,1466.5,1460,1473,197.5489273,123.8043594,278.0800171
451,1488.5,1482,1495,198.0032207,145.3128052,257.8548889
452,1511.5,1505,1518,201.8510993,167.6210175,233.8708191
453,1533.5,1527,1540,206.5433197,149.9918976,260.533844
454,1556,1549,1563,203.6897939,135.8811951,245.960556
455,1578.5,1572,1585,211.8682861,160.9515991,255.2674866
456,1601,1594,1608,203.6326528,138.190094,254.8664551
457,1623.5,1617,1630,195.1530315,120.6571808,254.1994324
458,1646,1639,1653,206.2121806,114.3827667,281.3873596
459,1668.5,1662,1675,203.8769275,115.5617142,277.3980713
460,1691,1684,1698,204.3302653,123.7532806,258.2821045
461,1713.5,1707,1720,200.7478921,162.7026825,252.7301941
462,1735.5,1729,1742,211.7994788,178.3865967,249.7311707
463,1758.5,1752,1765,209.9672481,172.8829346,226.2905426
464,1780.5,1774,1787,219.8625946,193.2502289,245.8280182
465,1803.5,1797,1810,222.374091,191.9905243,252.4551697
466,1825.5,1819,1832,213.9653342,146.9467773,268.1531982
467,1848,1841,1855,216.6052124,163.9319305,269.7805786
468,1870.5,1864,1877,198.098017,141.3598633,250.385437
469,1893,1886,1900,212.0966604,147.1810303,280.0056152
470,1915.5,1909,1922,223.985914,171.6265869,266.9682007
471,1938,1931,1945,215.363384,179.2958069,228.5938263
472,1960.5,1954,1967,218.3671962,167.8209839,260.9170532
473,1983,1976,1990,214.740331,149.5887756,264.0516968
474,2005.5,1999,2012,222.8225283,149.3779755,267.3450928
475,2027.5,2021,2034,222.4709026,154.9127045,265.670105
476,2050.5,2044,2057,226.3785172,168.5608215,270.1800537
477,2072.5,2066,2079,219.4890039,163.1099701,280.8250427
478,2095,2088,2102,222.6073669,186.2354126,266.0983276
479,2117.5,2111,2124,218.7355859,193.4877014,246.133194
480,2140,2133,2147,219.5532176,188.5336761,248.2115173
481,2162.5,2156,2169,220.3054112,153.7574615,248.9588623
482,2185,2178,2192,222.0211405,166.1018219,265.9992981
483,2207.5,2201,2214,213.6478391,143.7281952,272.5461426
484,2230,2223,2237,201.9934565,126.1088486,263.9341736
485,2252.5,2246,2259,220.3015725,150.5610046,275.4345093
486,2275,2268,2282,213.7891083,139.6242981,275.4595947
487,2297.5,2291,2304,220.9158042,173.7531738,268.7752075
488,2319.5,2313,2326,214.9601233,175.8630066,242.6618042
489,2342.5,2336,2349,225.9365605,199.4596252,255.3634491
490,2364.5,2358,2371,228.1459089,194.7312317,277.5681458
491,2387,2380,2394,231.7329356,212.8931427,262.598938
492,2409.5,2403,2416,230.7216644,199.0710144,256.6440125
493,2432,2425,2439,232.1788513,204.8907471,247.7868195
494,2454.5,2448,2461,230.430736,206.4004669,254.2717285
495,2477,2470,2484,234.3230184,205.75914,279.540741
496,2499.5,2493,2506,228.2906069,188.8097992,270.8049316
497,2522,2515,2529,234.0031494,191.8400116,272.3584595
498,2544.5,2538,2551,232.8177556,168.8259583,271.0957031
499,2567,2560,2574,229.7768829,136.2897644,306.9902649
500,2589.5,2583,2596,220.3083725,135.2290344,302.264801
501,2611.5,2605,2618,219.0121754,129.4103851,278.5754089
502,2634.5,2628,2641,225.6722085,191.4842529,284.9762268
503,2656.5,2650,2663,227.6728745,177.8395386,270.9079285
504,2679,2672,2686,234.4050741,200.1708984,266.9143982
505,2701.5,2695,2708,237.282838,218.8780518,255.9518433
506,2724,2717,2731,236.4736745,198.6625061,260.9675903
507,2746.5,2740,2753,238.9057388,195.6114349,264.508606
508,2769,2762,2776,239.2213145,213.5875549,255.3039551
509,2791.5,2785,2798,231.5894111,207.4047546,262.3473511
510,2814,2807,2821,234.9309011,185.6182709,277.7141724
511,2836.5,2830,2843,233.3180575,188.8973083,279.8613281
512,2858.5,2852,2865,229.5052643,176.3844299,294.8527222
513,2881.5,2875,2888,221.1996046,154.4763184,256.5672302
514,2903.5,2897,2910,240.7141898,137.3666687,285.932251
515,2926.5,2920,2933,229.0862459,163.2910767,275.145752
516,2948.5,2942,2955,222.7575411,183.7986145,262.0664368
517,2971,2964,2978,224.9713826,170.6007233,268.5563965
518,2993.5,2987,3000,234.4933929,173.5618591,275.1422424
519,3016,3009,3023,226.13862,130.6055603,300.7003784
520,3038.5,3032,3045,225.7861143,143.9688721,284.4176636
521,3061,3054,3068,230.7272654,157.8476257,283.4636536
522,3083.5,3077,3090,236.2677198,147.9447021,291.4580688
523,3106,3099,3113,225.4787465,152.2383575,288.3070068
524,3128.5,3122,3135,217.5602918,177.5612946,273.1654053
525,3150.5,3144,3157,220.3993705,161.2546844,273.6285706
526,3173.5,3167,3180,236.4061083,202.9319,268.2557983
527,3195.5,3189,3202,228.5364685,178.5271759,281.7711792
528,3218,3211,3225,229.4977865,204.2106018,267.3928223
529,3240.5,3234,3247,241.7912543,167.9355774,300.9846802
530,3263,3256,3270,237.4162872,155.2668304,284.7565308
531,3285.5,3279,3292,221.7548043,160.9019165,268.9855347
532,3308,3301,3315,229.6290731,192.1582947,255.1791077
533,3330.5,3324,3337,235.9063437,216.1972198,255.1651306
534,3353,3346,3360,241.2963826,190.9095917,302.4072266
535,3375.5,3369,3382,235.5252413,196.8822021,270.4608154
536,3398,3391,3405,237.4457774,216.0568695,262.5617065
537,3420.5,3414,3427,243.1051636,230.1624298,266.2659607
538,3442.5,3436,3449,232.4947128,220.6839142,246.5282288
539,3465.5,3459,3472,234.2468371,195.2246246,264.980835
540,3487.5,3481,3494,234.9690737,170.5478363,292.4918823
541,3510,3503,3517,222.1816528,150.0961609,277.3366394
542,3532.5,3526,3539,239.4001705,135.6795197,288.6325073
543,3555,3548,3562,207.6161631,136.066452,275.9055786
544,3577.5,3571,3584,222.2376682,124.8497696,268.6062012
545,3600,3593,3607,215.5528941,135.1346588,280.1255493
546,3622.5,3616,3629,226.2228764,158.9799194,268.1873169
547,3645,3638,3652,228.0818837,192.0434875,266.2316589
548,3667.5,3661,3674,224.783492,204.5505676,246.1857758
549,3690,3683,3697,235.5440318,215.9544525,255.1230011
550,3712.5,3706,3719,240.6547274,195.6627197,269.9258118
551,3734.5,3728,3741,234.8063398,200.5340271,265.8150635
552,3757.5,3751,3764,235.9135818,207.2984314,264.1559448
553,3779.5,3773,3786,238.5956824,214.2966766,276.2727661
554,3802,3795,3809,243.0289469,223.6204224,268.6740417
555,3824.5,3818,3831,243.7935693,209.8583374,268.5958252
556,3847,3840,3854,231.2952596,206.5813293,246.1333008
557,3869.5,3863,3876,238.3227637,219.8854828,251.9277954
558,3892,3885,3899,241.5710958,214.2766571,264.4666138
559,3914.5,3908,3921,238.6061794,221.7356873,262.1174011
560,3937,3930,3944,213.4635539,124.6129303,264.4429932
561,3959.5,3953,3966,126.7965497,85.7447052,162.5964355
562,3981.5,3975,3988,144.9561343,89.87809753,212.1766052
563,4004.5,3998,4011,205.3538045,124.1005096,264.5410767
564,4026.5,4020,4033,208.2199467,137.6752625,273.741333
565,4049.5,4043,4056,196.7640261,126.361557,277.9012451
566,4071.5,4065,4078,203.7805961,142.7496948,267.0764771
567,4094,4087,4101,208.9476105,137.5070648,262.9289551
568,4116.5,4110,4123,216.2239369,162.0011597,269.9202576
569,4139,4132,4146,219.6246368,179.4131165,254.8288879
570,4161.5,4155,4168,221.9769996,183.1490936,253.2723694
571,4184,4177,4191,221.4283773,179.3734131,265.4337158
572,4206.5,4200,4213,222.6948242,170.7274475,255.9884949
573,4229,4222,4236,223.5180817,183.1130981,248.9265747
574,4251.5,4245,4258,211.8012183,175.1617126,259.0438538
575,4273.5,4267,4280,203.9372548,104.4663544,288.1257935
576,4296.5,4290,4303,214.0820727,123.5310669,299.780365
577,4318.5,4312,4325,216.2819895,98.51737213,292.0518799
578,4341,4334,4348,215.9110082,119.8377304,286.6916199
579,4363.5,4357,4370,235.786596,168.5332184,292.1815186
580,4386,4379,4393,222.8556,168.076889,265.1683655
581,4408.5,4402,4415,147.6721622,60.24655914,240.6240845
582,4431,4424,4438,143.6872375,73.28712463,192.6372681
583,4453.5,4447,4460,188.0948236,144.2449188,226.2801819
584,4476,4469,4483,200.4275869,163.4936523,247.3826599
585,4498.5,4492,4505,216.050924,179.6177826,246.0487061
586,4521,4514,4528,212.5987528,164.4567413,251.2984314
587,4543.5,4537,4550,201.6332877,176.9125366,236.6078796
588,4565.5,4559,4572,204.3603679,154.2297974,266.5523987
589,4588.5,4582,4595,216.4329703,178.7792816,258.6624146
590,4610.5,4604,4617,216.640176,174.0529327,246.0303345
591,4633,4626,4640,129.8253128,91.76700592,161.058609
592,4655.5,4649,4662,144.2968102,87.36669159,208.3384094
593,4678,4671,4685,165.0137863,110.0218277,226.4977875
594,4700.5,4694,4707,163.1793959,114.6816559,215.2009583
595,4723,4716,4730,165.3275899,100.7501678,215.4731598
596,4745.5,4739,4752,161.78602,120.8424301,204.5926208
597,4768,4761,4775,194.0140513,133.579071,231.8217926
598,4790.5,4784,4797,210.2028438,188.9223328,241.9990845
599,4813,4806,4820,215.6926259,175.0768127,255.901886
600,4835.5,4829,4842,189.2171108,106.9998169,249.3317871
601,4857.5,4851,4864,203.016243,170.8942108,247.5646057
602,4880.5,4874,4887,205.8299964,165.9973907,251.4227753
603,4902.5,4896,4909,219.7132656,174.3571777,258.5856934
604,4925,4918,4932,206.5452642,124.5819473,271.2156982
605,4947.5,4941,4954,130.0957048,70.19824219,188.4566345
606,4970,4963,4977,170.0366577,133.8687439,205.6376038
607,4992.5,4986,4999,204.6514642,177.5096436,221.9139557
608,5015,5008,5022,204.9910268,166.0960388,238.0916138
609,5037.5,5031,5044,140.5400685,105.2494354,176.3651123
610,5060,5053,5067,161.9976735,99.82188416,228.5351868
611,5082.5,5076,5089,190.7525722,128.1977234,243.6240234
612,5104.5,5098,5111,166.9879995,103.2934418,230.286499
613,5127.5,5121,5134,179.5228865,103.3500443,243.8749084
614,5149.5,5143,5156,182.7560185,129.7186737,230.0111694
615,5172.5,5166,5179,199.9922932,153.3139191,248.1769562
616,5194.5,5188,5201,200.5543627,156.2633667,253.1396179
617,5217,5210,5224,183.6278875,92.91326141,244.6552734
618,5239.5,5233,5246,158.9435823,116.620697,200.815094
619,5262,5255,5269,168.5863851,114.3360672,207.6679688
620,5284.5,5278,5291,190.2814789,143.192749,241.420578
621,5307,5300,5314,177.7402364,141.6504974,234.6086426
622,5329.5,5323,5336,172.5549349,146.0036163,206.2366943
623,5352,5345,5359,180.8689138,137.4868011,218.8709564
624,5374.5,5368,5381,177.7424175,122.5367279,242.407486
625,5396.5,5390,5403,176.469926,120.3764496,251.2285156
626,5419.5,5413,5426,163.420626,91.47846985,231.2964172
627,5441.5,5435,5448,181.3048041,143.7032166,212.6141052
628,5464,5457,5471,182.2198924,105.8839264,227.7207947
629,5486.5,5480,5493,183.0534417,138.2932434,225.518158
630,5509,5502,5516,177.236795,149.630127,200.9581299
631,5531.5,5525,5538,196.3890708,163.6247711,215.1313629
632,5554,5547,5561,164.8759476,105.3044739,229.7835083
633,5576.5,5570,5583,188.6760832,137.4848022,231.1089783
634,5599,5592,5606,188.0320831,142.1365051,225.9293213
635,5621.5,5615,5628,168.117297,124.7099991,223.802948
636,5644,5637,5651,187.9482839,157.2481689,224.114502
637,5666.5,5660,5673,177.5422124,113.186615,239.0223083
638,5688.5,5682,5695,191.832343,149.5359497,232.9828186
639,5711.5,5705,5718,192.7022912,124.1149139,243.8287506
640,5733.5,5727,5740,178.9227676,128.8836365,215.3422546
641,5756,5749,5763,173.2404714,150.5808105,211.8006744
642,5778.5,5772,5785,181.3774414,135.5028839,217.1274719
643,5801,5794,5808,180.1074112,127.0280228,225.4912109
644,5823.5,5817,5830,190.6442675,146.8192291,240.4476166
645,5846,5839,5853,190.1799123,161.2203522,216.9075165
646,5868.5,5862,5875,186.8016543,164.7268372,220.3852081
647,5891,5884,5898,184.8471975,153.1643982,226.5861511
648,5913.5,5907,5920,191.0726046,127.9573517,235.8156433
649,5936,5929,5943,182.3230967,145.1972961,216.6196594
650,5958.5,5952,5965,181.6107908,129.0341187,211.9713745
651,5980.5,5974,5987,185.1264038,126.0775452,238.6188812
652,6003.5,5997,6010,196.8407091,150.3844299,234.64505
653,6025.5,6019,6032,196.3872288,125.9020844,251.1058807
654,6048,6041,6055,183.156719,96.74194336,250.8522339
655,6070.5,6064,6077,172.6724439,101.4629593,256.9124146
656,6093,6086,6100,185.7341217,135.4139099,227.3400116
657,6115.5,6109,6122,186.6839676,134.1919556,233.9011841
658,6138,6131,6145,186.6153127,138.6200867,234.0786438
659,6160.5,6154,6167,189.3769727,140.8032379,244.9241333
660,6183,6176,6190,188.8371958,132.8526001,219.8799286
661,6205.5,6199,6212,190.6646085,168.3220673,215.6604614
662,6227.5,6221,6234,192.433027,144.2751465,225.3729401
663,6250.5,6244,6257,190.6525781,130.5755615,248.6298828
664,6272.5,6266,6279,183.5585763,134.2211914,219.740921
665,6295.5,6289,6302,185.3384149,137.6321106,243.2552795
666,6317.5,6311,6324,206.1399536,139.1511536,252.2468872
667,6340,6333,6347,179.9588435,126.3450089,230.8616943
668,6362.5,6356,6369,192.3557892,160.6607513,213.1362762
669,6385,6378,6392,199.8692118,161.7086792,233.31073
670,6407.5,6401,6414,190.1297716,163.5550842,228.6598206
671,6430,6423,6437,194.296401,159.3679504,215.9334412
672,6452.5,6446,6459,199.2811911,173.1746979,217.7929993
673,6475,6468,6482,194.477831,153.7346191,225.442627
674,6497.5,6491,6504,200.561833,184.9920807,214.8741608
675,6519.5,6513,6526,202.8617118,188.0245972,224.6228333
676,6542.5,6536,6549,203.0752444,164.9712982,238.5952148
677,6564.5,6558,6571,185.0378113,145.8946686,221.1907654
678,6587,6580,6594,200.7182302,169.4271851,242.1232605
679,6609.5,6603,6616,203.9795598,173.6744995,227.3454437
680,6632,6625,6639,213.66663,181.3371887,235.3575287
681,6654.5,6648,6661,197.7695781,150.5600433,247.1022949
682,6677,6670,6684,200.8911204,151.846283,240.0944366
683,6699.5,6693,6706,204.7372001,169.3780975,220.4766846
684,6722,6715,6729,191.0033285,155.6415558,234.0725708
685,6744.5,6738,6751,209.540172,165.8249054,256.5744019
686,6767,6760,6774,207.4920614,158.1830597,273.1350098
687,6789.5,6783,6796,200.4279709,145.9041748,260.9021912
688,6811.5,6805,6818,192.152432,133.0920715,242.915802
689,6834.5,6828,6841,186.0791828,115.5928345,231.4703217
690,6856.5,6850,6863,186.6169172,136.0454407,235.7445679
691,6879,6872,6886,190.8826447,133.0755463,253.5401459
692,6901.5,6895,6908,194.2350943,136.7097473,267.0749512
693,6924,6917,6931,198.6990194,138.0817871,267.335083
694,6946.5,6940,6953,190.1330566,135.5445404,244.2723694
695,6969,6962,6976,192.0405334,160.0379639,220.5937195
696,6991.5,6985,6998,203.1491318,156.8852234,233.2197266
697,7014,7007,7021,210.1480815,171.6533203,242.724762
698,7036.5,7030,7043,199.8514753,180.0964966,240.3569031
699,7059,7052,7066,206.0703339,175.342392,244.5647888
700,7081.5,7075,7088,203.0005232,155.0599365,234.2931061
701,7103.5,7097,7110,201.4400918,170.1139374,239.0918884
702,7126.5,7120,7133,194.8342885,150.8802185,230.4325562
703,7148.5,7142,7155,212.0421317,176.4790649,248.8942719
704,7171,7164,7178,199.7607066,162.9120789,243.4225616
705,7193.5,7187,7200,204.8892136,158.8865967,228.7025909
706,7216,7209,7223,200.4042531,180.6044312,229.0255127
707,7238.5,7232,7245,208.8777248,163.2825317,249.6842957
708,7261,7254,7268,202.6634471,161.1174316,244.3330383
709,7283.5,7277,7290,203.6330501,157.7116089,242.7283783
710,7306,7299,7313,209.668395,162.324585,249.9369507
711,7328.5,7322,7335,211.801966,159.4593811,264.8427734
712,7350.5,7344,7357,204.0394592,164.2166138,250.5832672
713,7373.5,7367,7380,213.4980621,161.8040924,257.53302
714,7395.5,7389,7402,216.9246063,144.3529358,260.9742126
715,7418.5,7412,7425,212.3990751,176.8607941,245.695816
716,7440.5,7434,7447,213.6860035,170.291687,247.2584229
717,7463,7456,7470,206.38992,190.189621,232.5160522
718,7485.5,7479,7492,220.7134988,175.5886078,280.6075439
719,7508,7501,7515,207.0761495,134.0904083,269.6967773
720,7530.5,7524,7537,208.1974694,142.7145691,281.1881714
721,7553,7546,7560,206.6870453,135.4893799,266.034668
722,7575.5,7569,7582,211.1569018,161.0211182,258.6318665
723,7598,7591,7605,216.0533559,184.6183167,251.4301758
724,7620.5,7614,7627,208.0433066,161.1114044,253.2544708
725,7642.5,7636,7649,218.5754667,162.8294983,266.8232117
726,7665.5,7659,7672,223.8086875,155.556488,271.5041504
727,7687.5,7681,7694,210.5297764,175.789856,241.1884308
728,7710,7703,7717,221.1898753,180.3759155,257.6412659
729,7732.5,7726,7739,206.9136472,173.2242889,238.1814575
730,7755,7748,7762,210.1609812,178.7046967,240.4545898
731,7777.5,7771,7784,221.9896295,193.0982361,246.5798187
732,7800,7793,7807,218.8560598,188.8812866,240.020813
733,7822.5,7816,7829,226.5420391,192.3116608,251.3331909
734,7845,7838,7852,217.5489227,164.1776581,259.4492798
735,7867.5,7861,7874,220.533929,195.3690796,245.5004272
736,7890,7883,7897,207.8344961,173.5339355,241.4612427
737,7912.5,7906,7919,212.2099348,179.2934875,247.8838806
738,7934.5,7928,7941,214.9351458,189.6035767,229.8122559
739,7957.5,7951,7964,208.8176869,170.8298645,267.8693237
740,7979.5,7973,7986,221.1375187,190.0320282,248.9796906
741,8002,7995,8009,213.0816966,147.4107361,261.4613037
742,8024.5,8018,8031,218.8490045,165.0051575,258.1877136
743,8047,8040,8054,224.0788737,167.1170654,259.7578125
744,8069.5,8063,8076,222.889376,183.9868164,249.3743896
745,8092,8085,8099,221.717628,198.0996399,240.7528687
746,8114.5,8108,8121,227.3596638,186.0897217,279.3360596
747,8137,8130,8144,218.2493123,179.7042389,255.6550903
748,8159.5,8153,8166,225.8359179,180.4876099,264.3531189
749,8182,8175,8189,223.666566,211.3091431,251.4635162
750,8204.5,8198,8211,226.1999435,212.3162994,248.0760193
751,8224,8220,8228,214.188051,189.8944397,233.802063
