epoch,12/04 12:57:12 Standard Model (continued384) - _step,12/04 12:57:12 Standard Model (continued384) - _step__MIN,12/04 12:57:12 Standard Model (continued384) - _step__MAX,12/04 12:57:12 Standard Model (continued384) - G_Loss,12/04 12:57:12 Standard Model (continued384) - G_Loss__MIN,12/04 12:57:12 Standard Model (continued384) - G_Loss__MAX
0,6.5,0,13,119.6502833,15.24800777,173.3450928
1,28.5,22,35,107.9808562,75.88173676,136.8925323
2,51,44,58,79.70157166,53.57666016,143.9570465
3,67.5,61,74,61.50995255,23.73937607,105.8593369
4,90,83,97,58.3654707,8.481245041,115.1115265
5,112.5,106,119,58.39240217,7.713574409,93.47613525
6,135,128,142,61.21219336,3.196507454,109.789772
7,151.5,145,158,62.5501491,-6.058763504,122.4070282
8,168,161,175,76.70676778,12.55770683,164.4619293
9,190.5,184,197,64.13000597,31.44597626,112.2092209
10,207,200,214,72.95190013,-19.37059212,145.8705139
11,223.5,217,230,75.11549871,1.137634754,138.5650635
12,245.5,239,252,71.0355696,17.51184082,109.5624466
13,268,261,275,73.13409799,-12.91518307,144.1970367
14,290.5,284,297,78.99067307,21.22228622,154.7614288
15,313,306,320,74.84635143,1.026036263,138.1198578
16,329.5,323,336,81.7949479,12.46715355,126.2228241
17,352,345,359,79.14796273,7.715553761,138.8787842
18,368.5,362,375,77.02223005,4.092815876,180.8235931
19,391,384,398,73.5719003,16.16243935,120.6751404
20,413.5,407,420,82.69276251,24.84558678,162.6899414
21,430,423,437,87.94837341,-13.09054852,177.0319977
22,452.5,446,459,86.63952412,12.48726559,139.4438934
23,475,468,482,89.92204631,-17.58525276,202.1170502
24,491.5,485,498,60.54722275,-16.17404175,137.8088074
25,507.5,501,514,67.54803569,-0.783558846,131.5941315
26,524,517,531,67.99550209,22.97782135,118.6500854
27,546.5,540,553,70.29504694,22.57889557,128.7695923
28,563,556,570,64.56874603,-20.0078125,152.9231873
29,579.5,573,586,80.92991189,-22.57679749,180.4919128
30,596,589,603,69.44746221,-25.68316269,150.6852112
31,612.5,606,619,70.56563725,-10.96521473,131.0749359
32,635,628,642,63.62436206,15.62419701,109.6679382
33,651.5,645,658,68.85189956,-0.491279602,115.9860687
34,674,667,681,71.36257591,-0.682733536,145.1780853
35,696.5,690,703,64.57690634,-35.53923035,130.1659698
36,719,712,726,76.29763734,2.67282486,156.9408875
37,741.5,735,748,58.08857775,-1.376455307,111.5979538
38,757.5,751,764,68.19839818,18.21820831,105.2853394
39,780,773,787,61.50806834,-29.60559464,109.3762054
40,802.5,796,809,64.44240672,-2.222031593,128.8220215
41,819,812,826,67.28485336,-11.32065678,146.5644684
42,841.5,835,848,81.56798036,3.57979393,151.010437
43,864,857,871,63.03091539,2.421929359,123.7838898
44,886.5,880,893,90.24529593,-40.49594498,192.4359131
45,909,902,916,70.53922532,-7.035377502,137.1646271
46,931.5,925,938,72.64608806,-5.222746849,153.7729034
47,948,941,955,84.82521019,-19.40256882,144.1849823
48,970.5,964,977,67.7434001,-45.94128418,160.6435547
49,993,986,1000,72.21298122,-21.53214264,141.9442291
50,1015.5,1009,1022,73.18088,-32.88341904,181.7314453
51,1031.5,1025,1038,73.03805637,-13.18887901,122.7860565
52,1054,1047,1061,59.12135547,-15.68089867,131.4454041
53,1076.5,1070,1083,62.59597387,-44.30376053,145.5883179
54,1099,1092,1106,65.55895367,-56.3639183,155.2650299
55,1115.5,1109,1122,57.63055645,-47.92361069,152.6996307
56,1138,1131,1145,78.68539677,-16.84116173,164.1729889
57,1154.5,1148,1161,68.76686566,-20.67709732,140.82724
58,1171,1164,1178,50.32097718,-28.31069183,116.9668579
59,1193.5,1187,1200,77.83934184,-33.59651947,151.2592926
60,1210,1203,1217,67.8096029,-1.457232475,155.2949524
61,1232.5,1226,1239,68.12221759,19.18319702,128.793396
62,1254.5,1248,1261,74.43645736,-15.83792686,133.4585419
63,1271,1264,1278,66.47706146,-13.7969532,137.2336578
64,1293.5,1287,1300,80.08407239,21.61232376,140.942688
65,1316,1309,1323,76.04669876,40.40194321,110.3527756
66,1338.5,1332,1345,73.24078682,13.81865311,130.522934
67,1355,1348,1362,61.89157575,-28.19807434,134.0560913
68,1377.5,1371,1384,71.46487808,6.998339653,159.5842133
69,1400,1393,1407,73.68472592,-3.276763916,157.776123
70,1416.5,1410,1423,75.46244199,7.211619377,133.8319855
71,1433,1426,1440,76.55798187,-28.61064911,169.5462952
72,1455.5,1449,1462,80.0780297,4.108460426,158.9590607
73,1472,1465,1479,72.67721144,13.88970661,136.3513184
74,1494.5,1488,1501,87.26421527,-5.636142731,158.5629883
75,1516.5,1510,1523,71.73205103,-6.621129036,152.4094238
76,1539,1532,1546,85.49666367,25.88399887,151.1461029
77,1555.5,1549,1562,80.60269846,14.53574944,157.0157776
78,1578,1571,1585,82.70709597,-4.104516983,138.0737457
79,1594.5,1588,1601,83.10622243,18.30780411,149.7700653
80,1617,1610,1624,82.50305786,-6.638050079,163.2343903
81,1639.5,1633,1646,87.39699745,18.8979454,155.088089
82,1662,1655,1669,82.20302607,-24.11002159,185.2002563
83,1684.5,1678,1691,96.07597453,0.718787193,201.8619843
84,1707,1700,1714,80.78184662,24.65670013,129.3343964
85,1723.5,1717,1730,83.39018386,25.85542679,129.619812
86,1740,1733,1747,86.28315582,23.73963928,129.5408936
87,1756.5,1750,1763,85.64112738,12.81349564,184.3984528
88,1778.5,1772,1785,85.99854493,7.615783215,152.6355438
89,1801,1794,1808,90.15133642,5.418865204,170.3094177
90,1817.5,1811,1824,98.10739926,31.9695549,164.5294952
91,1840,1833,1847,82.95357475,21.3944664,128.8683777
92,1856.5,1850,1863,102.0563901,12.22388363,186.7710724
93,1873,1866,1880,96.81543808,23.72278214,167.9526215
94,1895.5,1889,1902,88.37816116,17.62994194,155.2205505
95,1918,1911,1925,94.13401031,30.88349152,160.5591278
96,1940.5,1934,1947,96.51755033,21.65373993,160.8291779
97,1963,1956,1970,89.54241123,10.36394787,147.2288513
98,1985.5,1979,1992,86.17657423,12.02998829,162.6714783
99,2008,2001,2015,95.99768829,30.32699203,144.8516388
100,2024.5,2018,2031,91.15527153,54.48506546,119.9119415
101,2046.5,2040,2053,101.3849832,26.53622627,149.7826843
102,2063,2056,2070,92.70588888,35.97819519,173.0211182
103,2085.5,2079,2092,85.4534171,15.50602341,179.3596191
104,2108,2101,2115,103.0246499,7.92124939,189.9574585
105,2124.5,2118,2131,92.84540585,32.50291061,156.3802948
106,2141,2134,2148,100.88669,19.54815674,163.4159088
107,2163.5,2157,2170,93.63039752,34.28282166,155.7167664
108,2186,2179,2193,100.2107006,8.439584732,186.5031891
109,2208.5,2202,2215,86.20607485,52.61311722,141.4830627
110,2231,2224,2238,103.6334297,33.74517822,164.5783234
111,2253.5,2247,2260,96.0672711,54.06484222,157.3399811
112,2269.5,2263,2276,95.123534,14.75816631,168.1412506
113,2292,2285,2299,110.5983737,-0.728165627,189.7610168
114,2314.5,2308,2321,90.32655116,33.05517197,162.0048218
115,2337,2330,2344,103.4382261,40.96478271,173.3266907
116,2353.5,2347,2360,99.03695066,26.17201233,178.9351501
117,2376,2369,2383,109.2747762,67.4154892,161.6665344
118,2398.5,2392,2405,106.7954294,17.11758232,171.613266
119,2415,2408,2422,103.8313059,56.53390503,155.5788879
120,2437.5,2431,2444,98.52871568,21.68022537,195.5764313
121,2460,2453,2467,110.6694687,34.72283936,172.4198608
122,2476.5,2470,2483,97.97213091,32.70806122,179.6639404
123,2499,2492,2506,120.1038214,13.14081478,193.1635742
124,2521.5,2515,2528,99.50814295,8.088380814,193.3102112
125,2543.5,2537,2550,105.2709297,9.30378437,219.5718842
126,2566,2559,2573,121.5612228,21.2667923,226.3484344
127,2582.5,2576,2589,115.5693452,33.33699036,180.5403137
128,2599,2592,2606,126.7696471,28.10453606,209.2362518
129,2621.5,2615,2628,107.4722572,24.11802101,185.7956085
130,2638,2631,2645,107.1922371,46.25700378,181.7525635
131,2660.5,2654,2667,118.3188046,73.17442322,166.876297
132,2677,2670,2684,118.5456281,39.73420334,172.2054901
133,2699.5,2693,2706,111.8088177,58.89213562,192.8058014
134,2722,2715,2729,104.1321482,18.92221069,164.5256042
135,2738.5,2732,2745,109.7373199,51.56576538,180.7671356
136,2761,2754,2768,111.2818998,46.4598999,161.228775
137,2777.5,2771,2784,103.192482,23.67578125,180.3132477
138,2799.5,2793,2806,108.5478235,54.10231018,157.9577637
139,2816,2809,2823,104.3092044,40.22507858,164.2059937
140,2838.5,2832,2845,106.8340428,0.632702827,169.6595459
141,2855,2848,2862,123.4943644,44.2975769,216.2671814
142,2877.5,2871,2884,119.629249,60.81046295,167.6756439
143,2894,2887,2901,115.1062258,63.07094955,159.3486176
144,2916.5,2910,2923,122.499697,64.86769104,165.2558136
145,2939,2932,2946,123.451061,89.28121948,162.98172
146,2961.5,2955,2968,114.4201546,52.52674103,177.0048065
147,2984,2977,2991,123.5089887,40.82235336,185.7314301
148,3000.5,2994,3007,113.2860707,53.01340103,175.043808
149,3023,3016,3030,115.0181961,41.79803085,191.2280273
150,3045.5,3039,3052,120.4425141,56.68663788,167.7029419
151,3061.5,3055,3068,119.7159298,73.02841187,159.5416718
152,3078,3071,3085,111.0397471,43.53794861,178.1353455
153,3094.5,3088,3101,116.2753146,45.49990463,194.4653931
154,3111,3104,3118,124.5895676,65.69605255,169.831604
155,3127.5,3121,3134,121.3380459,58.71429443,190.3828888
156,3150,3143,3157,122.8750203,72.10079193,174.5516357
157,3166.5,3160,3173,115.7880974,53.72117615,177.4294891
158,3183,3176,3190,122.2207815,63.58781433,188.6903839
159,3199.5,3193,3206,106.9232309,67.68437958,151.400589
160,3222,3215,3229,108.7076764,56.08911514,167.9003601
161,3244.5,3238,3251,102.0889146,66.45380402,129.4321747
162,3260.5,3254,3267,104.8835286,35.02451324,174.3920135
163,3283,3276,3290,116.8600901,23.10046768,180.7964325
164,3299.5,3293,3306,116.4701168,25.26160431,204.8887024
165,3322,3315,3329,112.1879953,30.75007439,202.2933044
166,3344.5,3338,3351,115.9461027,62.77750397,162.6735382
167,3367,3360,3374,122.3774882,72.07118225,157.8715973
168,3383.5,3377,3390,131.1108742,70.69258881,204.6600189
169,3400,3393,3407,107.7766202,39.16967773,191.5986633
170,3422.5,3416,3429,120.1492457,65.32707214,178.98526
171,3439,3432,3446,113.8086451,53.40530777,204.1978302
172,3461.5,3455,3468,123.2689378,82.8707428,175.171402
173,3478,3471,3485,125.3529119,104.7499924,150.0740509
174,3494.5,3488,3501,119.999424,70.09499359,159.6135712
175,3510.5,3504,3517,115.4481724,66.00792694,170.5709991
176,3533,3526,3540,128.4877096,85.79908752,176.2797852
177,3549.5,3543,3556,113.1374479,89.83409882,148.0964355
178,3566,3559,3573,120.4048472,71.27574158,159.9753265
179,3588.5,3582,3595,107.3057861,76.97303772,124.7111511
180,3611,3604,3618,124.4360504,71.19100952,185.8577423
181,3627.5,3621,3634,111.5783228,55.42459869,172.140625
182,3650,3643,3657,121.2388769,87.78944397,149.2306976
183,3672.5,3666,3679,133.7404518,92.93679047,213.8065338
184,3695,3688,3702,123.482958,74.83686829,155.7110596
185,3711.5,3705,3718,127.6272436,61.63106537,171.4253082
186,3734,3727,3741,120.1072375,48.33201599,197.5375824
187,3756.5,3750,3763,125.601793,95.24089813,152.897583
188,3772.5,3766,3779,117.7052144,73.01811981,159.4946136
189,3795,3788,3802,120.8159805,38.68939209,188.569519
190,3817.5,3811,3824,114.5979631,40.74751282,178.0826874
191,3840,3833,3847,129.0111674,35.85990143,183.7348938
192,3856.5,3850,3863,118.9652067,22.79248047,187.4590912
193,3873,3866,3880,117.8314392,58.04715729,159.7075806
194,3895.5,3889,3902,128.8133485,76.34767151,179.3923645
195,3912,3905,3919,120.5468806,77.97647858,156.6770935
196,3928.5,3922,3935,111.8892866,86.56071472,158.9140472
197,3945,3938,3952,110.5474706,64.03041077,145.9590302
198,3961.5,3955,3968,111.914763,43.42750549,195.5023956
199,3978,3971,3985,122.1342723,34.37302399,198.916275
200,4000.5,3994,4007,110.6886935,70.1552887,165.6980591
201,4022.5,4016,4029,114.8057883,89.80308533,152.6342773
202,4045,4038,4052,119.6297933,74.09393311,158.5220184
203,4061.5,4055,4068,120.349338,100.3725281,145.27005
204,4078,4071,4085,117.7259684,70.93361664,158.0581512
205,4100.5,4094,4107,116.4054843,67.52078247,163.5471802
206,4123,4116,4130,121.6543383,60.71943283,185.9521942
207,4145.5,4139,4152,126.7376851,58.44145966,178.0927734
208,4162,4155,4169,119.4989578,53.73300934,182.8490295
209,4184.5,4178,4191,122.5766367,47.008255,200.8484802
210,4201,4194,4208,129.0040553,79.91511536,191.9360199
211,4217.5,4211,4224,122.2645305,18.36458969,216.6351471
212,4233.5,4227,4240,125.5631545,31.42274475,203.5349579
213,4256,4249,4263,132.3929738,93.22353363,170.0268097
214,4272.5,4266,4279,123.3327522,99.15087891,154.1576691
215,4289,4282,4296,131.7507431,77.40419769,197.9932556
216,4305.5,4299,4312,124.1467236,82.0382843,159.2133026
217,4322,4315,4329,125.1676404,61.74737167,208.1269836
218,4338.5,4332,4345,124.5057417,63.5213089,171.9235535
219,4361,4354,4368,113.3415438,17.09593582,183.6658173
220,4383.5,4377,4390,116.263428,51.91558456,182.917511
221,4400,4393,4407,110.9086812,96.12133789,150.9616394
222,4416.5,4410,4423,119.3663984,72.00081635,153.7806091
223,4439,4432,4446,119.3293805,54.16588211,188.3439941
224,4455.5,4449,4462,112.6411013,57.97486115,174.3941193
225,4471.5,4465,4478,113.8869133,51.80296326,184.2557068
226,4488,4481,4495,110.6676422,35.0888443,162.8371429
227,4510.5,4504,4517,124.4618308,19.10121727,186.6816711
228,4533,4526,4540,105.7962677,45.07539368,179.7819672
229,4549.5,4543,4556,122.3321435,61.73880768,164.4125519
230,4572,4565,4579,120.594015,73.0342865,155.6209412
231,4588.5,4582,4595,119.9629568,34.04848862,177.0545654
232,4605,4598,4612,120.4009834,34.46595383,184.1467285
233,4627.5,4621,4634,119.1237556,54.8833847,183.9553528
234,4650,4643,4657,114.3484591,33.64224625,179.0559082
235,4666.5,4660,4673,115.5318015,70.74303436,172.3106995
236,4683,4676,4690,109.8325551,53.73269272,162.3251801
237,4705.5,4699,4712,109.3282907,67.57084656,149.0115814
238,4727.5,4721,4734,122.8434258,105.6925659,160.9129944
239,4744,4737,4751,127.9871094,54.00976563,172.1435089
240,4760.5,4754,4767,123.0752272,63.13578415,186.5350647
241,4783,4776,4790,125.4377263,49.66719055,197.8449554
242,4805.5,4799,4812,124.0239939,65.28885651,202.3836365
243,4822,4815,4829,123.3908635,67.88000488,154.2843323
244,4844.5,4838,4851,121.2877658,43.44505692,183.3135681
245,4867,4860,4874,121.4210439,69.2077713,168.0015106
246,4883.5,4877,4890,125.7409532,73.93340302,161.9674072
247,4906,4899,4913,116.6664459,63.38382721,184.7452698
248,4922.5,4916,4929,128.9846486,73.79769897,169.4380188
249,4945,4938,4952,117.0652718,37.90883636,190.0553894
250,4961.5,4955,4968,130.5724297,49.12874603,205.8633118
251,4977.5,4971,4984,130.3283179,68.26433563,185.6346283
252,5000,4993,5007,127.6778604,28.05814171,239.8341217
253,5016.5,5010,5023,126.2743653,57.22205734,164.8777008
254,5033,5026,5040,132.0605855,92.92042542,160.6391602
255,5049.5,5043,5056,133.421172,82.74549103,167.7922211
256,5072,5065,5079,142.0721456,97.02087402,190.5015869
257,5094.5,5088,5101,132.3476323,101.6606979,165.4694061
258,5111,5104,5118,133.6568207,106.0518417,156.3588257
259,5127.5,5121,5134,135.80079,108.4764786,158.8795624
260,5150,5143,5157,137.4053828,89.18871307,182.8942719
261,5172.5,5166,5179,139.7775307,112.3289642,170.9028778
262,5194.5,5188,5201,136.7027005,107.6669617,165.8631287
263,5211,5204,5218,123.8418381,54.34728241,193.2238922
264,5227.5,5221,5234,144.6414002,59.90445328,224.2080841
265,5250,5243,5257,135.3108154,98.68438721,171.3074646
266,5266.5,5260,5273,141.5692869,103.4903946,183.6772308
267,5283,5276,5290,141.9650248,77.85632324,194.4220581
268,5305.5,5299,5312,142.0354707,86.69010162,217.8732605
269,5322,5315,5329,143.3423793,71.19259644,191.190033
270,5338.5,5332,5345,139.9841777,84.70426941,185.7099457
271,5361,5354,5368,136.9124552,88.50175476,184.4298859
272,5383.5,5377,5390,120.458337,80.48035431,170.5536499
273,5406,5399,5413,108.3631271,41.39277649,170.2659912
274,5428.5,5422,5435,125.0425638,41.72968292,194.5801697
275,5444.5,5438,5451,132.4717789,79.90187836,172.1412659
276,5467,5460,5474,137.1576772,65.09910583,194.5046539
277,5483.5,5477,5490,128.1044633,58.40940094,172.0009155
278,5506,5499,5513,137.3455627,49.99021912,213.2234039
279,5522.5,5516,5529,126.4241796,42.46483612,198.5982666
280,5539,5532,5546,134.3551023,46.79019547,210.9575653
281,5555.5,5549,5562,131.3027703,65.03941345,191.5272827
282,5578,5571,5585,134.6474182,80.89019775,193.5469208
283,5594.5,5588,5601,143.9767151,114.8671799,174.6351471
284,5617,5610,5624,144.1379064,109.8100662,189.4819489
285,5639.5,5633,5646,140.3204084,96.28500366,199.2121582
286,5662,5655,5669,144.244902,87.73854065,191.4855804
287,5678.5,5672,5685,137.0388222,41.97702789,210.8663177
288,5694.5,5688,5701,144.1796632,54.87563705,234.1039124
289,5717,5710,5724,135.9785456,72.67703247,196.9397125
290,5739.5,5733,5746,141.5414096,79.33898926,186.325119
291,5762,5755,5769,138.4296066,114.654335,158.1408997
292,5784.5,5778,5791,132.4433501,85.99021149,157.4006805
293,5807,5800,5814,135.8636159,54.76747894,197.9206848
294,5823.5,5817,5830,136.3241174,71.6177063,229.1506042
295,5846,5839,5853,144.8389028,78.62314606,208.4288177
296,5862.5,5856,5869,148.9144145,118.9379044,214.471756
297,5879,5872,5886,140.3008723,103.1125183,173.450592
298,5895.5,5889,5902,149.166463,88.65570831,206.6222687
299,5912,5905,5919,143.7160216,18.52278709,217.9538269
300,5934.5,5928,5941,142.6279509,69.56401062,207.4234924
301,5950.5,5944,5957,150.0942345,79.54918671,205.3295746
302,5973,5966,5980,145.1946915,70.5295105,202.1050568
303,5995.5,5989,6002,139.2435406,75.75584412,185.3532257
304,6018,6011,6025,139.9669856,66.61524963,190.6617737
305,6034.5,6028,6041,135.85186,74.76963043,189.463089
306,6051,6044,6058,137.6775075,61.78636169,182.8957062
307,6073.5,6067,6080,139.3516426,69.39370728,184.2856903
308,6096,6089,6103,139.7644262,74.86579895,182.3636322
309,6112.5,6106,6119,143.6887376,88.37860107,192.3326874
310,6129,6122,6136,141.2719813,85.44460297,183.6406555
311,6145.5,6139,6152,141.8715995,53.49002838,201.0936737
312,6167.5,6161,6174,140.5138969,67.74557495,206.3885193
313,6190,6183,6197,135.8468315,46.04175186,192.9830475
314,6206.5,6200,6213,136.4613925,87.69947815,203.5268555
315,6229,6222,6236,145.3376063,93.54337311,191.9398499
316,6245.5,6239,6252,153.0514112,115.5527954,186.3631592
317,6268,6261,6275,148.2483093,115.9243927,172.9906769
318,6290.5,6284,6297,148.3489865,101.6771622,192.2701416
319,6313,6306,6320,146.3815536,87.92409515,199.4084015
320,6329.5,6323,6336,147.566803,62.95461273,219.8896332
321,6352,6345,6359,148.948733,103.7885284,208.1160278
322,6368.5,6362,6375,158.3736954,96.83703613,212.1257019
323,6391,6384,6398,154.9979747,103.7332001,217.9726715
324,6407.5,6401,6414,146.8118962,93.88850403,210.8446655
325,6423.5,6417,6430,150.0027875,101.0312729,203.4196167
326,6446,6439,6453,163.5500432,113.5135345,202.1293945
327,6468.5,6462,6475,161.9110914,129.3089294,195.3029175
328,6491,6484,6498,162.9885885,140.3636322,181.4281769
329,6513.5,6507,6520,158.1747453,126.0270615,195.6742859
330,6536,6529,6543,156.764682,137.2569733,188.0012054
331,6552.5,6546,6559,163.9982327,122.6075134,206.2322083
332,6575,6568,6582,158.5058314,80.28665161,218.041687
333,6597.5,6591,6604,166.8710512,80.20185852,218.7927246
334,6620,6613,6627,153.2722387,98.23510742,187.2463531
335,6642.5,6636,6649,160.0558472,62.42653656,235.5634155
336,6665,6658,6672,158.2693782,77.52546692,235.9500885
337,6687.5,6681,6694,162.6913011,78.40232849,234.9055786
338,6703.5,6697,6710,165.1127232,131.5166321,213.6497498
339,6726,6719,6733,165.5616292,133.9486694,207.7160339
340,6748.5,6742,6755,173.4068702,126.8150177,206.2034912
341,6771,6764,6778,169.1281901,121.624176,222.8242645
342,6793.5,6787,6800,162.6583693,109.2162781,236.8568115
343,6810,6803,6817,168.8079671,95.68949127,237.7629242
344,6832.5,6826,6839,156.9255834,97.97584534,213.3755646
345,6849,6842,6856,165.1452642,89.3949585,237.5653534
346,6871.5,6865,6878,175.957137,148.3923798,210.0901642
347,6894,6887,6901,164.0272542,132.3789215,185.2378845
348,6916.5,6910,6923,161.6064949,126.8891373,195.285675
349,6933,6926,6940,164.8725891,121.4328537,202.8807068
350,6955.5,6949,6962,164.6091892,127.3953629,202.9084473
351,6977.5,6971,6984,164.4187393,123.1625061,188.2396545
352,6994,6987,7001,163.1988831,132.7447815,196.0788269
353,7010.5,7004,7017,163.4605288,144.3022919,178.6092987
354,7027,7020,7034,169.3923045,141.0657196,197.183136
355,7049.5,7043,7056,165.2900456,125.4512024,206.4734497
356,7072,7065,7079,164.8555333,97.67494202,235.5241089
357,7094.5,7088,7101,162.6261357,74.04698944,249.9850159
358,7117,7110,7124,159.1119568,87.82872009,226.0541687
359,7133.5,7127,7140,165.071252,77.28733826,225.2689514
360,7156,7149,7163,166.7747121,73.65808105,223.9026794
361,7172.5,7166,7179,167.1849709,82.04918671,239.6694183
362,7188.5,7182,7195,171.7722272,119.9951401,217.1835938
363,7205,7198,7212,171.962204,122.3605881,229.2439575
364,7227.5,7221,7234,163.2067021,86.68968964,227.4307861
365,7250,7243,7257,169.4821187,145.4374695,194.1698456
366,7266.5,7260,7273,170.0280195,143.9612427,199.6123352
367,7289,7282,7296,168.4850733,108.8179626,224.3353882
368,7311.5,7305,7318,172.9566383,95.33430481,222.9879303
369,7334,7327,7341,168.2944565,90.48319244,236.3626251
370,7356.5,7350,7363,161.0855165,58.63357925,244.727356
371,7373,7366,7380,168.0981791,101.5632782,217.7624969
372,7395.5,7389,7402,166.2758288,113.8135452,226.6863403
373,7412,7405,7419,167.828919,111.2529221,212.2782135
374,7434.5,7428,7441,172.8901433,143.9932709,205.5949402
375,7450.5,7444,7457,180.5470298,156.3113098,202.8836517
376,7467,7460,7474,172.5255076,115.9345703,217.6696777
377,7483.5,7477,7490,166.5750544,58.25777054,238.1428375
378,7506,7499,7513,171.614298,80.83522797,249.5717926
379,7528.5,7522,7535,177.0181454,111.8811874,249.6859131
380,7551,7544,7558,173.4005564,124.9004517,208.5487061
381,7567.5,7561,7574,180.0831876,137.2250824,214.1589355
382,7590,7583,7597,179.9448242,129.94841,221.9191742
383,7606.5,7600,7613,182.685488,163.9314423,212.5326538
384,7629,7622,7636,193.0952952,170.6974182,214.0470276
385,7651.5,7645,7658,181.4002696,165.759964,200.6400299
386,7668,7667,7669,202.8711243,196.7334595,214.8786011
387,51.5,45,58,182.7683302,139.1288452,219.8809814
388,73.5,67,80,184.7012918,137.0808868,219.6065826
389,96.5,90,103,184.5396287,124.2790756,229.5241547
390,118.5,112,125,186.5686411,104.6060028,244.2095642
391,141,134,148,190.6741689,129.0590057,258.5410156
392,163.5,157,170,181.4626547,107.9205246,244.3651581
393,186,179,193,183.8892721,128.9674225,233.1376953
394,208.5,202,215,194.8229228,166.5833588,213.5278015
395,231,224,238,190.0631256,167.4570618,217.9651947
396,253.5,247,260,189.0186266,147.5485382,218.4371948
397,276,269,283,186.7241364,162.110321,207.2058258
398,298.5,292,305,186.9743205,155.5461578,228.8521881
399,321,314,328,186.7809357,154.0814056,220.0860443
400,343.5,337,350,192.0545861,146.6505585,220.3643646
401,365.5,359,372,198.0795092,138.8719177,249.5646057
402,388.5,382,395,191.3546121,111.5670776,251.5278931
403,410.5,404,417,188.7048111,138.9867401,244.3479004
404,433,426,440,194.5105143,128.3446503,251.864151
405,455.5,449,462,179.547421,81.95044708,273.2001953
406,478,471,485,188.9471578,108.6592636,251.5794373
407,500.5,494,507,187.788687,96.19706726,261.512207
408,523,516,530,187.4036392,112.9038696,237.18013
409,545.5,539,552,182.7562463,153.3993073,215.9259644
410,568,561,575,191.402243,132.3444214,249.5849457
411,590.5,584,597,199.6974215,151.326416,235.2595825
412,612.5,606,619,198.584198,171.568512,228.4990692
413,635.5,629,642,198.3372868,170.7814026,223.5456543
414,657.5,651,664,198.6457596,159.1110535,237.1648865
415,680.5,674,687,197.704337,147.9756775,240.8495331
416,702.5,696,709,192.9679053,173.3586426,227.6950378
417,725,718,732,198.2819417,170.2020416,217.1255493
418,747.5,741,754,200.4399872,170.8911133,228.1825714
419,770,763,777,202.5971903,166.2033997,242.6018829
420,792.5,786,799,197.6383209,148.9280396,259.6074219
421,815,808,822,204.6318024,166.1427307,257.4765625
422,837.5,831,844,198.937924,163.8162231,227.7454224
423,860,853,867,203.2912028,151.7207642,254.4020996
424,882.5,876,889,208.5525654,143.7135468,265.0585022
425,904.5,898,911,203.1552614,137.8536835,302.6831055
426,927.5,921,934,204.3449009,141.6435547,253.7922668
427,949.5,943,956,203.2534627,169.1490936,239.0695801
428,972,965,979,204.0449127,132.1081085,268.6029968
429,994.5,988,1001,217.7035484,115.9168625,288.4712219
430,1017,1010,1024,208.6175323,150.7540283,264.6022644
431,1039.5,1033,1046,210.0315595,165.0077515,254.4679718
432,1062,1055,1069,203.122231,180.2780762,238.0493927
433,1084.5,1078,1091,201.6504582,126.946228,264.8664856
434,1107,1100,1114,197.274821,144.2073212,239.4705811
435,1129.5,1123,1136,204.5334718,120.1999435,261.1051331
436,1152,1145,1159,206.9738958,122.975853,264.7067871
437,1174.5,1168,1181,210.7188514,143.9230499,292.6255188
438,1196.5,1190,1203,210.1051625,172.0141907,243.4177551
439,1219.5,1213,1226,209.2971464,187.0534668,249.1542664
440,1241.5,1235,1248,202.9998757,148.5552368,247.6564178
441,1264,1257,1271,207.137326,112.0123901,276.9424438
442,1286.5,1280,1293,211.9768764,161.4006653,287.5360718
443,1309,1302,1316,211.8313761,158.2843475,251.5015106
444,1331.5,1325,1338,214.7120361,180.3714294,245.9061737
445,1354,1347,1361,216.0818675,171.8694153,256.8106079
446,1376.5,1370,1383,219.342526,186.8297577,241.7097626
447,1399,1392,1406,211.1705068,173.567215,245.5352936
448,1421.5,1415,1428,226.5671452,163.5095367,276.0853271
449,1444,1437,1451,214.8930979,107.7793121,288.9237061
450,1466.5,1460,1473,208.0800378,136.9103699,286.6667786
451,1488.5,1482,1495,207.9964229,155.1128235,269.7353516
452,1511.5,1505,1518,211.6785202,178.4786072,244.9422302
453,1533.5,1527,1540,216.6907065,159.4021606,270.6525574
454,1556,1549,1563,214.0010498,147.7954102,257.5197449
455,1578.5,1572,1585,222.0955723,173.4083252,262.3307495
456,1601,1594,1608,213.0589478,147.033844,264.3375854
457,1623.5,1617,1630,206.2843334,132.9413147,264.6967163
458,1646,1639,1653,215.8675669,125.1150513,288.941925
459,1668.5,1662,1675,213.3283332,126.5037994,284.8387451
460,1691,1684,1698,214.2236776,135.8389587,270.6029663
461,1713.5,1707,1720,211.0894285,173.3312836,261.5727539
462,1735.5,1729,1742,221.1223134,187.628479,257.6057434
463,1758.5,1752,1765,219.8954261,181.2440948,237.2087402
464,1780.5,1774,1787,229.4835739,201.258667,255.3770142
465,1803.5,1797,1810,232.2328775,201.5670929,264.2619629
466,1825.5,1819,1832,223.6019222,158.1435394,277.7206726
467,1848,1841,1855,226.9228607,172.7397461,278.9666748
468,1870.5,1864,1877,207.0734536,149.5805054,257.5830383
469,1893,1886,1900,222.1662282,156.1847382,289.3094177
470,1915.5,1909,1922,233.6361574,182.8932037,276.6576233
471,1938,1931,1945,225.8230428,191.9383698,239.1965485
472,1960.5,1954,1967,228.8845444,179.2373047,273.8342896
473,1983,1976,1990,224.7029541,158.4593811,273.6446533
474,2005.5,1999,2012,233.1706456,160.9490967,277.13797
475,2027.5,2021,2034,232.9031001,167.5301361,277.9777527
476,2050.5,2044,2057,235.8546066,180.7235413,278.1876526
477,2072.5,2066,2079,228.7767923,171.8991699,292.8580017
478,2095,2088,2102,233.1040985,195.1647034,276.0539246
479,2117.5,2111,2124,228.9283207,202.9978027,258.6796265
480,2140,2133,2147,229.1833639,197.7757263,258.660553
481,2162.5,2156,2169,231.4560689,163.3966675,258.8877258
482,2185,2178,2192,232.0782583,173.6457672,276.9428711
483,2207.5,2201,2214,223.1620505,152.3390503,282.1765747
484,2230,2223,2237,211.6460195,137.8852844,272.9866028
485,2252.5,2246,2259,230.6173161,160.4288788,285.2365417
486,2275,2268,2282,224.2160126,150.2873077,285.6471863
487,2297.5,2291,2304,230.8146558,182.1890106,278.0210266
488,2319.5,2313,2326,224.8115877,184.8820343,252.6913757
489,2342.5,2336,2349,236.1586097,207.7572327,264.2886963
490,2364.5,2358,2371,238.0311181,204.7974243,289.4613037
491,2387,2380,2394,242.7662994,222.842041,274.4100342
492,2409.5,2403,2416,240.558936,209.7289124,266.5519104
493,2432,2425,2439,242.785556,215.7520294,257.8242493
494,2454.5,2448,2461,240.5436663,218.2849426,261.7493591
495,2477,2470,2484,243.7395589,214.2842712,287.3543091
496,2499.5,2493,2506,238.2701165,200.9109497,283.8523254
497,2522,2515,2529,244.207725,201.7048035,283.9648743
498,2544.5,2538,2551,242.8070384,178.643631,282.3968811
499,2567,2560,2574,240.086438,146.2033539,318.6525879
500,2589.5,2583,2596,230.1311406,145.1012573,312.2871399
501,2611.5,2605,2618,228.0563376,143.3512115,290.2911377
502,2634.5,2628,2641,235.3855504,203.0139923,294.72229
503,2656.5,2650,2663,238.7833078,187.3902588,283.1405029
504,2679,2672,2686,245.1482717,209.8508606,278.6644897
505,2701.5,2695,2708,247.6688472,230.5579071,264.1855469
506,2724,2717,2731,246.8959534,210.4909058,272.4639893
507,2746.5,2740,2753,249.3628976,209.2462616,275.0457153
508,2769,2762,2776,249.6889608,222.9194794,264.3824158
509,2791.5,2785,2798,242.239442,216.0187073,276.5839844
510,2814,2807,2821,244.752297,195.0405884,285.3560486
511,2836.5,2830,2843,243.9727663,197.6387024,291.3126526
512,2858.5,2852,2865,240.5762874,191.1511536,304.3899536
513,2881.5,2875,2888,231.3911787,165.3404388,266.2515869
514,2903.5,2897,2910,251.3845542,148.9929962,301.317749
515,2926.5,2920,2933,238.434639,174.0244598,282.2096252
516,2948.5,2942,2955,232.3897542,192.8934937,269.4729309
517,2971,2964,2978,234.7034037,180.8930817,279.2085266
518,2993.5,2987,3000,244.6629562,186.2049255,289.1329346
519,3016,3009,3023,236.242452,140.9074402,309.930542
520,3038.5,3032,3045,236.3480072,150.7532196,292.0700684
521,3061,3054,3068,240.729777,166.6231232,294.8667603
522,3083.5,3077,3090,246.2479706,159.7886505,301.9325256
523,3106,3099,3113,235.7163839,161.7297211,299.5479431
524,3128.5,3122,3135,228.2389668,188.5963135,285.7064514
525,3150.5,3144,3157,231.4423305,169.8336029,284.4584656
526,3173.5,3167,3180,245.9199687,210.5776367,276.2565613
527,3195.5,3189,3202,239.1660091,190.1264954,293.4431458
528,3218,3211,3225,238.8209503,212.9977112,277.6171265
529,3240.5,3234,3247,251.7311739,176.3224182,310.8387756
530,3263,3256,3270,247.9249919,164.8452759,293.8458252
531,3285.5,3279,3292,231.6032617,172.9225464,277.5346985
532,3308,3301,3315,240.4711772,202.1576996,268.0942078
533,3330.5,3324,3337,246.4722181,225.2279816,266.972168
534,3353,3346,3360,251.2000254,201.7116852,311.2085266
535,3375.5,3369,3382,245.2985938,205.9987793,279.7634583
536,3398,3391,3405,247.0507996,225.5892944,273.0975037
537,3420.5,3414,3427,253.3626698,240.166687,277.0986633
538,3442.5,3436,3449,242.3832441,229.8713684,261.2591248
539,3465.5,3459,3472,244.7583934,204.3151703,274.879303
540,3487.5,3481,3494,244.8063845,180.9764252,303.974762
541,3510,3503,3517,233.6872752,162.404129,292.4412842
542,3532.5,3526,3539,249.5333252,146.7504272,296.3085327
543,3555,3548,3562,217.8064148,147.100647,288.3401794
544,3577.5,3571,3584,231.6499492,134.7625275,280.3326111
545,3600,3593,3607,226.5059123,145.874649,292.7923279
546,3622.5,3616,3629,236.3613695,166.7447052,278.9832458
547,3645,3638,3652,238.1879506,200.1379852,275.8493958
548,3667.5,3661,3674,234.3226089,214.8078461,254.2737885
549,3690,3683,3697,246.0381144,226.5817413,264.6216125
550,3712.5,3706,3719,251.2079381,211.3388367,279.9674988
551,3734.5,3728,3741,245.2821339,210.8730011,278.7166443
552,3757.5,3751,3764,245.501103,218.1933289,274.1762085
553,3779.5,3773,3786,248.4115459,222.6777344,286.8993225
554,3802,3795,3809,253.2157308,232.4488831,280.9105835
555,3824.5,3818,3831,254.4585081,221.1445618,279.4647522
556,3847,3840,3854,241.7068654,218.5473938,256.0877686
557,3869.5,3863,3876,248.3151888,228.984787,261.9764099
558,3892,3885,3899,252.1008535,225.1225891,276.4615479
559,3914.5,3908,3921,248.6020105,230.2928314,270.4267578
560,3937,3930,3944,223.8019765,136.8935394,275.7243347
561,3959.5,3953,3966,137.4178581,96.63098907,171.9689178
562,3981.5,3975,3988,154.2642675,99.73445892,218.3038025
563,4004.5,3998,4011,215.4887303,135.0697327,277.5103149
564,4026.5,4020,4033,219.0554537,148.1351929,286.0405273
565,4049.5,4043,4056,207.2746331,133.5479431,290.646759
566,4071.5,4065,4078,214.4981711,155.7906036,275.5830383
567,4094,4087,4101,218.9693278,150.5515442,271.4985046
568,4116.5,4110,4123,225.9627533,170.1593628,281.7709351
569,4139,4132,4146,229.4578542,192.8340607,261.8522644
570,4161.5,4155,4168,231.657996,192.2769165,262.458374
571,4184,4177,4191,232.3031809,193.1452942,277.2442932
572,4206.5,4200,4213,232.8239495,179.9829559,267.9733887
573,4229,4222,4236,233.3931641,192.3068237,262.6940308
574,4251.5,4245,4258,221.4654105,187.4157104,267.8937988
575,4273.5,4267,4280,213.3512072,113.7928314,297.070282
576,4296.5,4290,4303,224.3212531,132.765976,309.2766113
577,4318.5,4312,4325,226.7506354,109.6035309,303.7124329
578,4341,4334,4348,226.3792084,133.7687073,295.8296204
579,4363.5,4357,4370,245.8396399,179.2903137,301.779541
580,4386,4379,4393,233.4375275,177.638855,276.0103455
581,4408.5,4402,4415,157.3396857,71.33782959,248.2579346
582,4431,4424,4438,154.1303187,82.01616669,202.5906677
583,4453.5,4447,4460,197.7273113,153.1423798,233.4439545
584,4476,4469,4483,210.0710795,173.9947357,255.2665863
585,4498.5,4492,4505,226.5565992,191.9348755,254.9797363
586,4521,4514,4528,221.5776611,175.941803,261.2926636
587,4543.5,4537,4550,212.4774769,186.1374207,246.10672
588,4565.5,4559,4572,215.1633802,164.5469055,275.1971741
589,4588.5,4582,4595,226.9216527,189.1651459,268.8911438
590,4610.5,4604,4617,225.8583864,181.4206238,254.6091919
591,4633,4626,4640,140.4142273,102.7507706,172.430542
592,4655.5,4649,4662,154.3501227,97.04909515,218.8196259
593,4678,4671,4685,174.8974798,116.429924,236.5102692
594,4700.5,4694,4707,172.901474,123.5324707,222.6788025
595,4723,4716,4730,175.1748189,112.4241104,225.2358398
596,4745.5,4739,4752,171.7252797,130.9308624,215.7576141
597,4768,4761,4775,203.5730764,142.2552948,239.835083
598,4790.5,4784,4797,220.2010574,199.3335571,256.8348389
599,4813,4806,4820,227.3862101,183.6151123,269.4360352
600,4835.5,4829,4842,199.5883075,118.0350571,263.3790283
601,4857.5,4851,4864,213.1345324,184.8010559,257.7893677
602,4880.5,4874,4887,215.9888676,176.2391663,264.7494812
603,4902.5,4896,4909,230.4802791,183.8038635,269.8260193
604,4925,4918,4932,217.0724141,134.1585999,277.9212952
605,4947.5,4941,4954,141.4259535,83.57090759,199.9815979
606,4970,4963,4977,180.4967651,142.8840485,216.7377777
607,4992.5,4986,4999,214.6145739,186.3504944,230.4693146
608,5015,5008,5022,215.3801219,178.8282471,246.1489105
609,5037.5,5031,5044,149.3368138,116.2348022,184.3455353
610,5060,5053,5067,172.3361364,110.044548,239.8238831
611,5082.5,5076,5089,201.1635045,137.6593628,256.3014526
612,5104.5,5098,5111,177.4098522,116.3586273,241.1708527
613,5127.5,5121,5134,189.4200908,113.2716064,252.1407166
614,5149.5,5143,5156,193.9390815,140.5651855,237.1596069
615,5172.5,5166,5179,210.1291046,165.9624634,258.0054626
616,5194.5,5188,5201,211.4932262,169.3275146,263.8737488
617,5217,5210,5224,193.5033569,101.7829056,252.3129883
618,5239.5,5233,5246,168.5174283,124.2994003,211.4383087
619,5262,5255,5269,178.3200968,122.6169281,218.410675
620,5284.5,5278,5291,201.5551987,152.8645782,249.5393677
621,5307,5300,5314,188.2620626,154.1968994,243.9997253
622,5329.5,5323,5336,182.0285601,153.3758392,216.511734
623,5352,5345,5359,190.9647675,149.2891846,229.3136292
624,5374.5,5368,5381,187.3738294,130.2493286,250.9332275
625,5396.5,5390,5403,186.9751434,130.0926666,261.0511169
626,5419.5,5413,5426,174.5023466,102.1000824,242.9567871
627,5441.5,5435,5448,191.9743881,153.040802,226.7448578
628,5464,5457,5471,192.8609807,115.9286118,241.6520386
629,5486.5,5480,5493,193.5692869,150.3962708,237.9797821
630,5509,5502,5516,186.9408244,158.900177,213.1727753
631,5531.5,5525,5538,206.632612,172.4612885,225.4862518
632,5554,5547,5561,175.9372401,117.6501999,239.9608002
633,5576.5,5570,5583,198.4560547,146.8557892,242.6575928
634,5599,5592,5606,199.2545064,152.2967987,238.0578308
635,5621.5,5615,5628,178.400262,134.6660614,234.1336365
636,5644,5637,5651,197.621463,167.3859253,235.5628815
637,5666.5,5660,5673,188.2382605,126.559433,253.5891418
638,5688.5,5682,5695,201.6092911,161.8855438,247.1571808
639,5711.5,5705,5718,203.1050742,135.8763123,254.8426361
640,5733.5,5727,5740,188.7344404,139.8153076,227.2175751
641,5756,5749,5763,183.1804972,160.1732178,223.672287
642,5778.5,5772,5785,191.0621207,144.26091,228.7848969
643,5801,5794,5808,190.710554,136.3610992,236.065918
644,5823.5,5817,5830,200.5666624,157.1617584,249.0329132
645,5846,5839,5853,200.3821503,170.1636505,225.6056824
646,5868.5,5862,5875,197.0281023,172.0287018,235.4067078
647,5891,5884,5898,194.7844116,159.5981293,237.5155334
648,5913.5,5907,5920,201.3522055,140.1132965,249.9903564
649,5936,5929,5943,191.8876872,156.0188751,227.6067963
650,5958.5,5952,5965,191.2005681,142.0926666,222.0086212
651,5980.5,5974,5987,195.535783,136.70224,250.9361115
652,6003.5,5997,6010,206.1017423,157.6643677,247.9126587
653,6025.5,6019,6032,205.7011719,135.2555237,262.3390808
654,6048,6041,6055,193.0241038,104.5269165,263.1184387
655,6070.5,6064,6077,182.8949449,113.0184937,266.3338013
656,6093,6086,6100,195.6914439,147.8922272,235.1291656
657,6115.5,6109,6122,196.7125408,143.5690613,244.0114594
658,6138,6131,6145,197.5144674,150.4905701,248.298645
659,6160.5,6154,6167,198.7848642,149.884552,254.0883026
660,6183,6176,6190,198.6320526,142.0833588,229.2258148
661,6205.5,6199,6212,200.716216,179.109314,224.9481506
662,6227.5,6221,6234,202.7615683,155.6682892,235.0966644
663,6250.5,6244,6257,201.5644956,144.3296509,260.1619263
664,6272.5,6266,6279,194.0044261,143.5956573,230.0823822
665,6295.5,6289,6302,195.9084048,147.9473724,250.9353943
666,6317.5,6311,6324,216.049312,146.6534729,262.5114441
667,6340,6333,6347,190.7244344,134.0706787,241.5564728
668,6362.5,6356,6369,202.2770527,170.0753174,223.7047272
669,6385,6378,6392,209.7187093,170.9574127,242.5818634
670,6407.5,6401,6414,200.0521676,172.6651917,242.0144806
671,6430,6423,6437,204.5848277,170.8307343,226.7745056
672,6452.5,6446,6459,209.1853943,181.5501556,228.2726135
673,6475,6468,6482,204.3916138,164.5627441,234.4358978
674,6497.5,6491,6504,211.013201,194.7527008,226.8521881
675,6519.5,6513,6526,213.2512905,198.2835236,236.5926819
676,6542.5,6536,6549,212.8155757,174.2843781,247.0045166
677,6564.5,6558,6571,195.6374446,154.8744049,232.8321838
678,6587,6580,6594,211.0203512,177.3793945,253.4875641
679,6609.5,6603,6616,214.2806778,186.292038,235.3038788
680,6632,6625,6639,224.1531301,194.1970673,245.5575256
681,6654.5,6648,6661,207.7795127,159.960434,257.7183533
682,6677,6670,6684,210.3217255,162.511734,249.3029327
683,6699.5,6693,6706,215.3949541,181.599411,234.2260437
684,6722,6715,6729,201.4301229,165.5878296,239.9169617
685,6744.5,6738,6751,219.6857899,175.5098877,267.8753357
686,6767,6760,6774,218.3160268,169.3379364,283.8498535
687,6789.5,6783,6796,209.9099568,155.7484131,273.7180481
688,6811.5,6805,6818,201.9038337,141.550415,253.5176239
689,6834.5,6828,6841,196.0975511,127.836174,243.5093842
690,6856.5,6850,6863,196.5323988,148.9504395,244.5836334
691,6879,6872,6886,200.2396047,143.4935455,261.7223511
692,6901.5,6895,6908,205.1316485,147.6677399,276.9226074
693,6924,6917,6931,209.2028951,149.1601563,280.3605957
694,6946.5,6940,6953,199.0924421,143.8591003,250.8075714
695,6969,6962,6976,202.163445,168.6564636,228.713089
696,6991.5,6985,6998,212.8575854,164.6380005,244.5641785
697,7014,7007,7021,220.7437439,182.7885437,254.7010498
698,7036.5,7030,7043,210.1701562,188.5193939,253.6499023
699,7059,7052,7066,215.5430613,184.3187408,255.0646973
700,7081.5,7075,7088,212.484557,166.896286,245.2163849
701,7103.5,7097,7110,211.5587289,178.6239166,248.567276
702,7126.5,7120,7133,204.6170142,164.1605225,240.5300751
703,7148.5,7142,7155,221.4640121,187.2038422,259.1868286
704,7171,7164,7178,209.2447408,172.8081665,252.8860016
705,7193.5,7187,7200,215.4198194,168.6364746,236.9031982
706,7216,7209,7223,210.5315643,188.7834473,241.7418213
707,7238.5,7232,7245,219.6202414,174.0716248,261.4533081
708,7261,7254,7268,213.1170868,172.718811,252.3611298
709,7283.5,7277,7290,213.4681331,165.2259521,254.4093933
710,7306,7299,7313,220.0416748,172.4714508,263.3983154
711,7328.5,7322,7335,222.6949932,171.049408,276.1470032
712,7350.5,7344,7357,213.7291783,176.3097992,258.0093079
713,7373.5,7367,7380,223.9186946,174.2247009,268.9412842
714,7395.5,7389,7402,226.4318499,155.8984985,271.2416992
715,7418.5,7412,7425,222.7049157,186.2796936,257.2724915
716,7440.5,7434,7447,224.3682905,180.4046326,256.3426514
717,7463,7456,7470,215.5078908,197.7257385,243.4171295
718,7485.5,7479,7492,230.9363643,184.8140259,292.1767273
719,7508,7501,7515,217.140803,143.1582642,279.2462158
720,7530.5,7524,7537,218.0294745,151.3270416,294.768158
721,7553,7546,7560,216.4793152,146.8264771,274.3907776
722,7575.5,7569,7582,221.7491488,173.3782806,267.7712097
723,7598,7591,7605,226.4330882,193.3148041,265.9831848
724,7620.5,7614,7627,218.6037587,171.318924,262.2136536
725,7642.5,7636,7649,228.1598903,172.867157,278.3041077
726,7665.5,7659,7672,233.7150726,165.5723267,281.2964172
727,7687.5,7681,7694,220.6681955,183.2680969,254.479126
728,7710,7703,7717,231.7914693,191.6539612,269.4140625
729,7732.5,7726,7739,217.4831608,184.6849365,248.1082306
730,7755,7748,7762,219.5325317,187.3939209,250.7026825
731,7777.5,7771,7784,231.8437206,199.7931976,256.4333801
732,7800,7793,7807,228.8800761,197.8428192,251.2845764
733,7822.5,7816,7829,236.4200603,202.2577057,262.614624
734,7845,7838,7852,228.373996,173.2859344,270.3978271
735,7867.5,7861,7874,230.4288025,202.5730896,256.4010925
736,7890,7883,7897,218.7537343,182.932312,253.42836
737,7912.5,7906,7919,222.781129,192.6038513,260.1887207
738,7934.5,7928,7941,223.6095036,197.5789642,241.4129181
739,7957.5,7951,7964,218.7146181,179.3076172,279.0785217
740,7979.5,7973,7986,231.2004177,198.2169495,259.7070007
741,8002,7995,8009,223.7052032,157.4641418,273.8569031
742,8024.5,8018,8031,228.6048355,175.5752716,266.5441895
743,8047,8040,8054,233.4528951,177.5436096,267.8096619
744,8069.5,8063,8076,233.0863408,192.0829926,256.2821045
745,8092,8085,8099,232.6098409,209.9489899,251.6629181
746,8114.5,8108,8121,237.4215546,192.5608673,290.927124
747,8137,8130,8144,227.5919474,188.7128906,262.8975525
748,8159.5,8153,8166,236.0548684,192.4509277,274.6383972
749,8182,8175,8189,233.7175069,221.1732635,261.4524536
750,6.5,0,13,238.2995998,205.0737305,279.4750366
751,28.5,22,35,222.3643537,172.1083832,272.5587158
752,45,38,52,234.4172516,192.0202026,282.7453308
753,61.5,55,68,238.1891785,202.4414825,269.2998657
754,78,71,85,235.4890625,164.6320953,292.3762207
755,94.5,88,101,225.8457761,139.719635,294.4876099
756,111,104,118,205.2467692,126.5409546,281.9076538
757,127.5,121,134,217.3291037,134.3552856,276.4226074
758,144,137,151,215.0713267,166.806076,258.9743652
759,160.5,154,167,222.6081717,159.1843262,267.1464233
760,177,170,184,225.1133469,126.9966354,308.8560791
761,199.5,193,206,215.3501979,153.0841827,286.5153503
762,215.5,209,222,216.0763288,158.7871704,264.5958252
763,232,225,239,214.97606,147.173584,291.3787842
764,248.5,242,255,208.5610155,153.6189423,267.4784546
765,265,258,272,223.741158,169.6292114,252.6282654
766,281.5,275,288,232.1927436,203.8973999,248.286499
767,298,291,305,231.9779165,202.8749542,262.7101746
768,314.5,308,321,241.0195051,221.077179,265.579895
769,331,324,338,238.9381826,207.5664978,282.0153198
770,347.5,341,354,231.0873587,174.009613,263.2202454
771,370,363,377,228.5654154,190.8079681,260.0625305
772,386.5,380,393,244.3269283,193.7438354,283.219696
773,403,396,410,235.5157125,198.2166138,267.3301086
774,419.5,413,426,242.6258251,203.9712372,270.5133972
775,435.5,429,442,238.5896781,212.0578156,265.1285095
776,452,445,459,228.2340434,172.3296509,280.6104126
777,468.5,462,475,240.8395527,175.4650879,285.6095581
778,485,478,492,229.7817535,185.582428,277.6700439
779,501.5,495,508,238.2188503,210.9516144,279.0988464
780,518,511,525,240.4674835,218.72966,263.9353638
781,540.5,534,547,249.1213935,236.3896942,268.3223877
782,557,550,564,247.531251,228.6434631,267.9890137
783,573.5,567,580,251.2868304,228.8299255,281.8805542
784,590,583,597,251.7635966,221.2669678,279.0335999
785,606.5,600,613,250.5273209,193.4623413,291.210144
786,623,616,630,247.7795034,208.4593811,276.7564087
787,639.5,633,646,241.6995076,195.0788879,289.9355469
788,655.5,649,662,233.7345527,139.3140259,285.5899963
789,672,665,679,221.5689809,160.0542908,279.137085
790,688.5,682,695,231.3061164,188.074295,283.4322815
791,711,704,718,222.7783712,177.1924896,278.4543762
792,727.5,721,734,235.9440449,200.8134918,269.8234253
793,744,737,751,237.4731171,196.1716461,276.5448608
794,760.5,754,767,240.0603812,189.2525177,267.9018555
795,777,770,784,238.2678609,179.8250122,286.0280151
796,793.5,787,800,241.732145,168.7048492,291.1442261
797,810,803,817,237.9950653,196.1778412,276.5036011
798,826.5,820,833,233.2253342,194.3844757,281.8414001
799,843,836,850,230.915921,164.2141724,299.1665955
800,859.5,853,866,218.9193028,141.4335785,292.3959045
801,881.5,875,888,236.2873088,175.0464783,276.1228333
802,898,891,905,230.9959869,167.1485443,279.4390564
803,914.5,908,921,251.0800901,211.6283264,283.4860229
804,931,924,938,240.3333008,202.1248322,279.6067505
805,947.5,941,954,244.2912946,200.7672119,271.4519348
806,964,957,971,248.8135813,208.0586395,276.6072388
807,980.5,974,987,245.1625769,188.3482513,297.2644653
808,997,990,1004,243.2295492,195.7415924,289.2600708
809,1013.5,1007,1020,237.1865485,171.3766327,294.4864807
810,1030,1023,1037,243.1467763,154.9283447,296.1910095
811,1052.5,1046,1059,234.0201481,181.2207031,291.4702759
812,1068.5,1062,1075,244.8106766,171.9683075,299.7755432
813,1085,1078,1092,243.7836517,199.3123322,274.7858582
814,1101.5,1095,1108,252.9940731,213.40448,277.4198914
815,1118,1111,1125,255.9104309,224.9056702,288.043396
816,1134.5,1128,1141,248.550196,209.6691437,282.5345459
817,1151,1144,1158,255.2281759,224.7106018,282.5087585
818,1167.5,1161,1174,256.6814444,225.1888733,281.3102112
819,1184,1177,1191,253.5917196,216.6252441,293.819397
820,1200.5,1194,1207,248.7881851,218.1825409,281.5617065
821,1223,1216,1230,246.1899211,221.5229187,285.9059753
822,1239.5,1233,1246,239.031238,200.8457642,283.1861267
823,1256,1249,1263,250.4790273,211.6109314,307.6324768
824,1272.5,1266,1279,253.9502629,208.1435089,296.6089783
825,1288.5,1282,1295,246.2475117,206.3675995,286.322937
826,1305,1298,1312,252.8676076,182.4969482,309.993042
827,1321.5,1315,1328,252.9136614,194.9721832,320.517334
828,1338,1331,1345,235.6700348,182.1257477,282.8327332
829,1354.5,1348,1361,225.3288792,188.5814209,266.2623901
830,7,0,14,253.9988505,194.2597809,304.9118958
831,29.5,23,36,246.0888977,175.6723175,306.5150452
832,52,45,59,238.5321604,173.7393951,307.723114
833,74.5,68,81,255.4371458,190.0922394,297.6204834
834,97,90,104,260.9805491,209.1368408,312.3372498
835,119.5,113,126,247.9087492,194.1372681,319.4679565
836,142,135,149,254.2307312,177.1108856,297.9684448
837,164.5,158,171,243.9644525,204.5073853,286.7018433
838,186.5,180,193,248.8497009,220.6182709,276.6698303
839,209,202,216,267.2327911,225.0318909,298.2998657
840,231.5,225,238,259.3300781,228.5513306,289.6384888
841,254,247,261,269.3917084,221.4964447,309.1569214
842,276.5,270,283,265.2360905,223.2126312,309.782196
843,299,292,306,263.5726735,204.9233398,323.2234192
844,321.5,315,328,269.6338882,217.9092712,303.4346008
845,344,337,351,272.8727295,246.9889984,328.7965698
846,366.5,360,373,251.7603139,217.5115662,295.850647
847,389,382,396,265.6877279,225.8586731,301.578125
848,411.5,405,418,279.0264021,230.0485382,318.0322876
849,434,427,441,275.2744965,233.0780334,308.1712646
850,456.5,450,463,259.7575051,217.3475647,313.7430115
851,478.5,472,485,232.1075756,165.7536316,286.2243347
852,501,494,508,260.6684163,212.3945923,293.7625732
853,523.5,517,530,255.6759981,221.7975464,287.1319275
854,546,539,553,259.9908203,200.5301971,321.0907288
855,568.5,562,575,263.5897369,203.3147278,294.2785339
856,591,584,598,263.1599121,210.1388702,310.2263794
857,613.5,607,620,262.3138035,219.573822,313.4994202
858,636,629,643,267.6381012,218.2189789,322.7535706
859,658.5,652,665,278.3409773,226.4351349,316.0325623
860,681,674,688,256.7042185,213.1214447,320.9655151
861,703.5,697,710,254.1659535,181.0162354,305.141449
862,725.5,719,732,271.7721427,233.7398224,310.2501831
863,748,741,755,268.9789724,234.1638489,299.1553345
864,770.5,764,777,273.4179382,245.3319397,296.3677368
865,793,786,800,285.8259379,262.0787048,311.6418457
866,815.5,809,822,274.3051104,227.7209473,317.3866577
867,838,831,845,250.7125356,201.5691833,317.338623
868,860.5,854,867,270.380831,247.3030701,291.7472839
869,883,876,890,268.3716075,235.3328247,312.6444702
870,905.5,899,912,262.8206024,210.188324,306.7487183
871,928,921,935,267.9928192,192.2984009,311.8962097
872,950.5,944,957,269.4121966,215.5782776,313.3876648
873,973,966,980,269.7641632,229.516449,312.1132507
874,995.5,989,1002,268.6311504,229.1574554,322.1742859
875,1017.5,1011,1024,270.4940458,209.5436554,315.8575134
876,1040,1033,1047,260.0097575,170.013916,332.8336182
877,1062.5,1056,1069,260.8714055,174.3422546,311.5552673
878,1085,1078,1092,262.6000753,202.8474274,313.2675476
879,1107.5,1101,1114,251.7037473,211.6997528,299.8911133
880,1130,1123,1137,263.4725596,199.4368134,310.508728
881,1152.5,1146,1159,253.4803412,209.590332,305.6495667
882,1175,1168,1182,253.2358958,173.9502411,314.4027405
883,1197.5,1191,1204,272.8711842,238.9720917,302.4391479
884,1220,1213,1227,264.1885122,231.3791351,296.5725403
885,1242.5,1236,1249,278.3081251,260.5174255,292.4312439
886,1265,1258,1272,280.0046,262.4841003,313.6766968
887,1287.5,1281,1294,278.6069227,256.6911926,294.4197083
888,1309.5,1303,1316,278.8355669,229.1869507,323.6787415
889,1332,1325,1339,281.164386,194.3495483,334.2424927
890,1354.5,1348,1361,263.3823013,175.7687225,333.5761414
891,1377,1370,1384,264.0129089,189.421936,318.0739441
892,1399.5,1393,1406,278.8668638,219.8029938,320.1772766
893,1422,1415,1429,266.2933492,216.985321,317.1139526
894,1444.5,1438,1451,262.1210611,221.9128571,288.9519348
895,1467,1460,1474,267.1426687,249.6780396,280.8335571
896,1489.5,1483,1496,264.9425169,234.6121216,302.4357605
897,1512,1505,1519,276.3233714,213.1882935,317.9986572
898,1534.5,1528,1541,267.9958692,196.3592682,329.62323
899,1557,1550,1564,261.485081,202.8210754,326.7614136
900,1579.5,1573,1586,252.7448992,197.6842804,291.1651917
901,1601.5,1595,1608,270.6444593,204.8749542,330.6646729
902,1624,1617,1631,266.7909119,210.8918457,324.7496643
903,1646.5,1640,1653,277.9908774,263.5050049,300.7167969
904,1669,1662,1676,280.3220276,262.5311279,301.7990723
905,1691.5,1685,1698,285.2842909,258.7961426,304.8578796
906,1714,1707,1721,281.061559,247.6235962,318.6677246
907,1736.5,1730,1743,259.1828984,192.9606476,329.3762207
908,1759,1752,1766,266.656897,238.7447052,288.5661621
909,1781.5,1775,1788,277.6189804,242.0422974,301.729248
910,1804,1797,1811,275.1036306,232.4382935,320.7082214
911,1826.5,1820,1833,275.1695677,210.523468,339.8500977
912,1848.5,1842,1855,269.9621811,168.3343811,344.8881226
913,1871,1864,1878,266.005367,152.9104767,344.0796204
914,1893.5,1887,1900,273.7804478,187.5154572,339.0668945
915,1916,1909,1923,257.462677,214.2702637,301.2181396
916,1938.5,1932,1945,265.2686059,242.2711792,297.109436
917,1961,1954,1968,271.158547,245.7403412,301.3068542
918,1983.5,1977,1990,270.6162131,225.6493683,300.5897827
919,2006,1999,2013,272.4355062,255.6329041,289.3785706
920,2028.5,2022,2035,273.3923765,233.780426,309.4544067
921,2051,2044,2058,275.7014954,247.2774506,314.7912598
922,2073.5,2067,2080,268.3577587,236.7935791,304.0723877
923,2096,2089,2103,268.4938588,226.4485626,317.3294373
924,2118.5,2112,2125,280.0955516,253.0980377,305.5897522
925,2140.5,2134,2147,277.205889,257.8268738,314.0643005
926,2163,2156,2170,277.6232361,253.524231,303.7136841
927,2185.5,2179,2192,276.0974295,256.3604736,292.6287537
928,2208,2201,2215,272.8859314,217.1046143,320.5907898
929,2230.5,2224,2237,274.9447479,222.5995178,328.0754395
930,2253,2246,2260,286.6958354,192.3670349,335.8161621
931,2275.5,2269,2282,260.6900057,142.9171295,338.6663513
932,2298,2291,2305,260.9561137,156.4104919,342.1427002
933,2320.5,2314,2327,254.9146064,180.8191223,320.7987671
934,2343,2336,2350,259.931898,206.5704498,306.0570984
935,2365.5,2359,2372,278.9753985,240.6118622,312.8399658
936,2388,2381,2395,267.5710358,229.5602264,312.8164368
937,2410.5,2404,2417,275.2538583,242.1535034,294.7286682
938,2432.5,2426,2439,280.3243168,264.2167969,298.1146545
939,2455,2448,2462,280.0790843,253.9355316,300.4390259
940,2477.5,2471,2484,278.5113318,237.943512,311.2553711
941,2500,2493,2507,278.4749573,222.6725769,323.5625916
942,2522.5,2516,2529,286.6458424,235.8703461,324.0940247
943,2545,2538,2552,280.2969747,240.8953857,324.0163269
944,2567.5,2561,2574,285.510849,253.2650909,328.8573914
945,2590,2583,2597,284.9897898,242.4536285,325.2288513
946,2612.5,2606,2619,276.3078613,222.0950623,334.464386
947,2635,2628,2642,270.170461,189.8612518,335.90271
948,2657.5,2651,2664,291.7793601,193.522522,358.2504272
949,2680,2673,2687,260.1858561,175.4049225,322.6219788
950,2702.5,2696,2709,271.3528301,182.1640472,339.9607239
951,2724.5,2718,2731,253.0851702,207.5594788,301.6116333
952,2747,2740,2754,272.6160583,229.6637421,309.8105774
953,2769.5,2763,2776,280.3494775,223.5884857,310.3070984
954,2792,2785,2799,285.7200745,268.7543945,306.7885132
955,2814.5,2808,2821,282.9997439,239.3253937,313.7733154
956,2837,2830,2844,292.3637166,249.679184,328.4926758
957,2859.5,2853,2866,279.1296496,226.8895264,338.7245483
958,2882,2875,2889,272.8825673,208.821167,327.9183655
959,2904.5,2898,2911,286.2540937,269.125946,302.4241943
960,2927,2920,2934,283.5330668,248.7466431,308.5591431
961,2949.5,2943,2956,290.6426294,244.345047,334.6683044
962,2971.5,2965,2978,289.8092728,254.5232697,339.5463257
963,2994,2987,3001,288.3206838,235.4073181,328.5691528
964,3016.5,3010,3023,294.2974581,189.8967438,343.0323792
965,3039,3032,3046,283.1371562,201.1440735,341.4238892
966,3061.5,3055,3068,256.439561,203.6045532,323.4642334
967,3084,3077,3091,274.7203074,240.2296448,328.6937561
968,3106.5,3100,3113,290.8182722,265.8311157,309.6960449
969,3129,3122,3136,286.5860962,253.8277283,318.5666809
970,3151.5,3145,3158,286.5372391,246.9899139,328.0461426
971,3174,3167,3181,288.8706838,235.4480438,318.5244446
972,3196.5,3190,3203,286.6946945,250.2532654,333.2655945
973,3219,3212,3226,298.2695109,246.8717041,333.534729
974,3241.5,3235,3248,293.4909526,234.0227356,350.9047241
975,3263.5,3257,3270,276.4885123,213.7505035,341.1789551
976,3286,3279,3293,298.8070506,233.9894409,365.9830933
977,3308.5,3302,3315,284.3211812,237.7983398,329.1699219
978,3331,3324,3338,299.2859701,272.5593567,312.4585876
979,3353.5,3347,3360,305.0845293,288.6137695,318.6925049
980,3376,3369,3383,305.3423828,283.8171387,340.8855591
981,3398.5,3392,3405,305.1777213,268.756134,343.0761719
982,3421,3414,3428,294.2487549,254.0184937,331.676239
983,3443.5,3437,3450,299.7147467,252.097641,330.8561401
984,3466,3459,3473,304.4950907,235.7631531,361.8162231
985,3488.5,3482,3495,278.360793,231.169632,322.0106506
986,3511,3504,3518,283.3950979,239.5600281,327.9892578
987,3533.5,3527,3540,295.0523616,228.7571259,345.6727905
988,3555.5,3549,3562,298.0259781,252.6446075,330.6267395
989,3578,3571,3585,289.2409363,246.2034607,325.2229004
990,3600.5,3594,3607,294.1200071,215.4729767,355.1551514
991,3623,3616,3630,291.7325043,194.4498901,365.9199524
992,3645.5,3639,3652,274.5477022,190.1445313,355.7002563
993,3668,3661,3675,297.3391103,223.7909698,353.5263977
994,3690.5,3684,3697,296.6783284,209.0408783,365.2151184
995,3713,3706,3720,286.0439321,216.5128479,342.7608948
996,3735.5,3729,3742,304.3422862,238.9956207,334.3725586
997,3758,3751,3765,288.5848826,250.4785309,319.6555481
998,3780.5,3774,3787,302.5321176,278.1231384,337.0874939
999,3803,3796,3810,303.8486064,281.4078064,321.786499
1000,3825.5,3819,3832,307.2597329,281.5622864,344.3615417
