SI-SNR,DNSMOS,MOS Squim,eSTOI,PESQ,PESQ Torch,STOI pred,PESQ pred,SI-SDR pred
Mean scores
13.9153144159942,0.0,3.860970986699595,0.0,0.0,0.0,nan,nan,nan
Standard errors of the means
0.15153426455526267,0.0,0.023146422040840865,0.0,0.0,0.0,nan,nan,nan
All Scores
22.2263126373291,0,4.424373149871826,0,0,0,0,0,0
19.61365509033203,0,4.203472137451172,0,0,0,0,0,0
19.6931095123291,0,4.397715091705322,0,0,0,0,0,0
11.81804084777832,0,4.219361305236816,0,0,0,0,0,0
21.240365982055664,0,3.44533371925354,0,0,0,0,0,0
16.5513973236084,0,4.475565433502197,0,0,0,0,0,0
16.324756622314453,0,4.444023132324219,0,0,0,0,0,0
6.467097282409668,0,2.644895076751709,0,0,0,0,0,0
16.772891998291016,0,4.426723003387451,0,0,0,0,0,0
15.32723331451416,0,4.045877456665039,0,0,0,0,0,0
13.908723831176758,0,4.456795692443848,0,0,0,0,0,0
12.329750061035156,0,3.5037522315979004,0,0,0,0,0,0
20.623170852661133,0,4.432950973510742,0,0,0,0,0,0
19.799972534179688,0,3.6836042404174805,0,0,0,0,0,0
19.61579704284668,0,4.455149173736572,0,0,0,0,0,0
8.840847969055176,0,4.498662948608398,0,0,0,0,0,0
18.162399291992188,0,4.588831424713135,0,0,0,0,0,0
20.18937873840332,0,4.549196243286133,0,0,0,0,0,0
15.762286186218262,0,2.765287160873413,0,0,0,0,0,0
12.27873420715332,0,3.753190040588379,0,0,0,0,0,0
18.994138717651367,0,3.8935508728027344,0,0,0,0,0,0
17.629783630371094,0,3.4969964027404785,0,0,0,0,0,0
17.73028564453125,0,4.459893226623535,0,0,0,0,0,0
12.191472053527832,0,4.49989652633667,0,0,0,0,0,0
20.646135330200195,0,3.2366957664489746,0,0,0,0,0,0
18.762859344482422,0,4.429240703582764,0,0,0,0,0,0
15.455095291137695,0,4.4927659034729,0,0,0,0,0,0
5.570957660675049,0,4.52128267288208,0,0,0,0,0,0
19.081951141357422,0,3.642131805419922,0,0,0,0,0,0
14.603630065917969,0,2.865164279937744,0,0,0,0,0,0
14.689308166503906,0,3.712272882461548,0,0,0,0,0,0
8.868488311767578,0,3.245603561401367,0,0,0,0,0,0
17.697772979736328,0,4.4424872398376465,0,0,0,0,0,0
18.830453872680664,0,4.270205974578857,0,0,0,0,0,0
15.815953254699707,0,4.272274017333984,0,0,0,0,0,0
15.635986328125,0,4.243851184844971,0,0,0,0,0,0
19.78853416442871,0,3.6327896118164062,0,0,0,0,0,0
22.50330924987793,0,3.7769546508789062,0,0,0,0,0,0
13.6090669631958,0,4.364398956298828,0,0,0,0,0,0
3.08290958404541,0,2.327923536300659,0,0,0,0,0,0
18.957805633544922,0,4.49273157119751,0,0,0,0,0,0
17.026611328125,0,3.0279178619384766,0,0,0,0,0,0
15.01677417755127,0,3.365433692932129,0,0,0,0,0,0
11.157173156738281,0,4.228140354156494,0,0,0,0,0,0
21.838159561157227,0,4.233088493347168,0,0,0,0,0,0
15.551097869873047,0,4.452254295349121,0,0,0,0,0,0
12.408581733703613,0,2.201115846633911,0,0,0,0,0,0
5.709318161010742,0,4.086885929107666,0,0,0,0,0,0
20.055036544799805,0,4.024328708648682,0,0,0,0,0,0
16.24056053161621,0,3.992293357849121,0,0,0,0,0,0
15.251765251159668,0,3.9911694526672363,0,0,0,0,0,0
6.6530280113220215,0,2.90197491645813,0,0,0,0,0,0
19.94514274597168,0,4.4631171226501465,0,0,0,0,0,0
17.64459800720215,0,4.441505432128906,0,0,0,0,0,0
17.853618621826172,0,3.794177770614624,0,0,0,0,0,0
12.577241897583008,0,4.493804931640625,0,0,0,0,0,0
17.029014587402344,0,3.0654983520507812,0,0,0,0,0,0
19.868389129638672,0,3.6721272468566895,0,0,0,0,0,0
14.779083251953125,0,4.1532673835754395,0,0,0,0,0,0
11.776254653930664,0,3.4416675567626953,0,0,0,0,0,0
16.942399978637695,0,4.2150373458862305,0,0,0,0,0,0
20.431102752685547,0,4.346235752105713,0,0,0,0,0,0
16.94468116760254,0,3.521653652191162,0,0,0,0,0,0
13.420143127441406,0,2.9517762660980225,0,0,0,0,0,0
21.711421966552734,0,4.465131759643555,0,0,0,0,0,0
17.244672775268555,0,4.397065162658691,0,0,0,0,0,0
15.173730850219727,0,3.3136961460113525,0,0,0,0,0,0
7.367802143096924,0,3.8556008338928223,0,0,0,0,0,0
19.167076110839844,0,3.933154821395874,0,0,0,0,0,0
20.020742416381836,0,4.467601776123047,0,0,0,0,0,0
13.607510566711426,0,3.6112771034240723,0,0,0,0,0,0
7.698482513427734,0,4.15506649017334,0,0,0,0,0,0
19.564760208129883,0,3.168689727783203,0,0,0,0,0,0
18.903528213500977,0,4.100829124450684,0,0,0,0,0,0
17.049434661865234,0,4.480286598205566,0,0,0,0,0,0
13.399337768554688,0,3.5129518508911133,0,0,0,0,0,0
20.361717224121094,0,3.9958741664886475,0,0,0,0,0,0
15.552427291870117,0,4.423120975494385,0,0,0,0,0,0
10.95004940032959,0,3.91231632232666,0,0,0,0,0,0
6.429255485534668,0,2.817035436630249,0,0,0,0,0,0
21.273452758789062,0,4.387200355529785,0,0,0,0,0,0
16.563013076782227,0,3.699171781539917,0,0,0,0,0,0
17.540058135986328,0,4.491940021514893,0,0,0,0,0,0
11.324440002441406,0,2.979801654815674,0,0,0,0,0,0
18.514230728149414,0,3.125936508178711,0,0,0,0,0,0
16.602466583251953,0,3.666140079498291,0,0,0,0,0,0
11.721199035644531,0,4.452131271362305,0,0,0,0,0,0
7.221724510192871,0,2.923452854156494,0,0,0,0,0,0
16.64630889892578,0,3.530608654022217,0,0,0,0,0,0
16.573200225830078,0,3.804729461669922,0,0,0,0,0,0
10.990272521972656,0,3.1785101890563965,0,0,0,0,0,0
8.768806457519531,0,3.0517635345458984,0,0,0,0,0,0
20.302703857421875,0,4.006073951721191,0,0,0,0,0,0
21.07253646850586,0,4.4281840324401855,0,0,0,0,0,0
19.073528289794922,0,3.860349655151367,0,0,0,0,0,0
11.650771141052246,0,3.9652130603790283,0,0,0,0,0,0
20.11937713623047,0,4.42296028137207,0,0,0,0,0,0
18.07770538330078,0,4.361718654632568,0,0,0,0,0,0
10.935161590576172,0,3.221928119659424,0,0,0,0,0,0
7.3224334716796875,0,2.1002731323242188,0,0,0,0,0,0
19.394577026367188,0,3.073049545288086,0,0,0,0,0,0
18.487335205078125,0,3.096757411956787,0,0,0,0,0,0
19.819931030273438,0,3.781463384628296,0,0,0,0,0,0
11.6473388671875,0,4.120603561401367,0,0,0,0,0,0
18.675365447998047,0,4.458192825317383,0,0,0,0,0,0
14.707364082336426,0,2.603914260864258,0,0,0,0,0,0
12.849684715270996,0,3.2552075386047363,0,0,0,0,0,0
6.231973171234131,0,4.1461029052734375,0,0,0,0,0,0
19.005510330200195,0,2.7776849269866943,0,0,0,0,0,0
15.6605224609375,0,4.464444637298584,0,0,0,0,0,0
16.788127899169922,0,4.554185390472412,0,0,0,0,0,0
9.035451889038086,0,2.8069212436676025,0,0,0,0,0,0
20.09547233581543,0,3.678194999694824,0,0,0,0,0,0
18.127992630004883,0,3.4229483604431152,0,0,0,0,0,0
16.650239944458008,0,4.264274597167969,0,0,0,0,0,0
4.453180313110352,0,4.259949684143066,0,0,0,0,0,0
22.009780883789062,0,4.4339599609375,0,0,0,0,0,0
17.881000518798828,0,3.7301766872406006,0,0,0,0,0,0
14.858041763305664,0,4.040999889373779,0,0,0,0,0,0
10.234659194946289,0,3.7934722900390625,0,0,0,0,0,0
21.178071975708008,0,4.40089225769043,0,0,0,0,0,0
15.173397064208984,0,4.463710784912109,0,0,0,0,0,0
17.52804183959961,0,4.325179576873779,0,0,0,0,0,0
14.333492279052734,0,4.190250873565674,0,0,0,0,0,0
19.802688598632812,0,4.397666931152344,0,0,0,0,0,0
15.389071464538574,0,2.479677677154541,0,0,0,0,0,0
13.705068588256836,0,4.122479438781738,0,0,0,0,0,0
6.963115215301514,0,2.871694326400757,0,0,0,0,0,0
18.93221092224121,0,3.373661518096924,0,0,0,0,0,0
16.721790313720703,0,4.393849849700928,0,0,0,0,0,0
13.534773826599121,0,4.3129730224609375,0,0,0,0,0,0
10.727191925048828,0,2.241286039352417,0,0,0,0,0,0
21.36825180053711,0,4.40062141418457,0,0,0,0,0,0
19.621545791625977,0,4.382843017578125,0,0,0,0,0,0
15.845146179199219,0,2.5523226261138916,0,0,0,0,0,0
13.811851501464844,0,3.6307883262634277,0,0,0,0,0,0
20.999765396118164,0,4.506036758422852,0,0,0,0,0,0
17.933032989501953,0,4.2963175773620605,0,0,0,0,0,0
13.949414253234863,0,3.0200300216674805,0,0,0,0,0,0
11.176002502441406,0,4.420316219329834,0,0,0,0,0,0
21.549928665161133,0,4.103560447692871,0,0,0,0,0,0
18.49828338623047,0,4.491710662841797,0,0,0,0,0,0
20.082387924194336,0,4.179904460906982,0,0,0,0,0,0
14.074136734008789,0,4.021618843078613,0,0,0,0,0,0
18.696208953857422,0,4.0836944580078125,0,0,0,0,0,0
16.058950424194336,0,4.304906368255615,0,0,0,0,0,0
11.413986206054688,0,4.4354166984558105,0,0,0,0,0,0
3.2510929107666016,0,2.925830364227295,0,0,0,0,0,0
18.686744689941406,0,4.138078212738037,0,0,0,0,0,0
16.16107177734375,0,3.6318631172180176,0,0,0,0,0,0
15.255217552185059,0,3.931415557861328,0,0,0,0,0,0
5.640809535980225,0,4.44935417175293,0,0,0,0,0,0
21.271766662597656,0,4.507060527801514,0,0,0,0,0,0
22.669597625732422,0,4.390372276306152,0,0,0,0,0,0
19.70931625366211,0,3.191610336303711,0,0,0,0,0,0
12.474106788635254,0,4.403713226318359,0,0,0,0,0,0
18.04119300842285,0,3.867449998855591,0,0,0,0,0,0
17.458282470703125,0,4.254068851470947,0,0,0,0,0,0
14.297554016113281,0,3.2140185832977295,0,0,0,0,0,0
7.056754112243652,0,3.152928113937378,0,0,0,0,0,0
19.52176284790039,0,3.6132936477661133,0,0,0,0,0,0
20.349098205566406,0,3.5395965576171875,0,0,0,0,0,0
18.32416534423828,0,4.321362495422363,0,0,0,0,0,0
10.582756042480469,0,3.3513076305389404,0,0,0,0,0,0
21.197219848632812,0,4.220992565155029,0,0,0,0,0,0
14.006851196289062,0,3.241736888885498,0,0,0,0,0,0
11.646675109863281,0,2.4671826362609863,0,0,0,0,0,0
4.800150394439697,0,3.427701473236084,0,0,0,0,0,0
20.597637176513672,0,4.474721908569336,0,0,0,0,0,0
17.187335968017578,0,4.321490287780762,0,0,0,0,0,0
13.662174224853516,0,4.221735000610352,0,0,0,0,0,0
7.416627883911133,0,3.193100929260254,0,0,0,0,0,0
20.611927032470703,0,4.482998371124268,0,0,0,0,0,0
16.882951736450195,0,3.496274471282959,0,0,0,0,0,0
19.87704086303711,0,4.438331604003906,0,0,0,0,0,0
8.708015441894531,0,4.179471492767334,0,0,0,0,0,0
18.990419387817383,0,4.206375598907471,0,0,0,0,0,0
18.150909423828125,0,2.51875901222229,0,0,0,0,0,0
12.975685119628906,0,4.455121994018555,0,0,0,0,0,0
10.33582592010498,0,2.048043966293335,0,0,0,0,0,0
19.98963165283203,0,4.140503883361816,0,0,0,0,0,0
20.04861831665039,0,4.453858852386475,0,0,0,0,0,0
17.621875762939453,0,4.548072814941406,0,0,0,0,0,0
11.238176345825195,0,4.3978118896484375,0,0,0,0,0,0
18.940340042114258,0,4.066136360168457,0,0,0,0,0,0
18.636220932006836,0,4.421895980834961,0,0,0,0,0,0
14.089585304260254,0,3.574669361114502,0,0,0,0,0,0
10.035379409790039,0,4.313007831573486,0,0,0,0,0,0
18.778493881225586,0,2.56394100189209,0,0,0,0,0,0
15.293691635131836,0,4.363494396209717,0,0,0,0,0,0
16.672687530517578,0,4.308470726013184,0,0,0,0,0,0
6.564001560211182,0,3.999305486679077,0,0,0,0,0,0
19.140522003173828,0,4.4396514892578125,0,0,0,0,0,0
18.992549896240234,0,4.099765777587891,0,0,0,0,0,0
18.50092315673828,0,4.424415111541748,0,0,0,0,0,0
7.800955295562744,0,4.439447402954102,0,0,0,0,0,0
20.3066349029541,0,4.362180709838867,0,0,0,0,0,0
16.33456039428711,0,4.447463512420654,0,0,0,0,0,0
14.350958824157715,0,4.021245956420898,0,0,0,0,0,0
11.151798248291016,0,4.296226501464844,0,0,0,0,0,0
21.439273834228516,0,4.367232322692871,0,0,0,0,0,0
17.622854232788086,0,4.442806720733643,0,0,0,0,0,0
22.06188201904297,0,4.456531524658203,0,0,0,0,0,0
11.686546325683594,0,4.328340530395508,0,0,0,0,0,0
19.09558868408203,0,4.011938571929932,0,0,0,0,0,0
18.971324920654297,0,4.255969047546387,0,0,0,0,0,0
14.470832824707031,0,4.456315517425537,0,0,0,0,0,0
11.123610496520996,0,3.7806520462036133,0,0,0,0,0,0
17.169635772705078,0,4.4452619552612305,0,0,0,0,0,0
15.134552955627441,0,4.092424392700195,0,0,0,0,0,0
12.109785079956055,0,4.138370037078857,0,0,0,0,0,0
9.90211296081543,0,3.9710068702697754,0,0,0,0,0,0
19.79505729675293,0,4.458453178405762,0,0,0,0,0,0
18.352279663085938,0,4.453412055969238,0,0,0,0,0,0
18.420839309692383,0,3.5765128135681152,0,0,0,0,0,0
2.0043604373931885,0,3.6333889961242676,0,0,0,0,0,0
19.623796463012695,0,2.8365375995635986,0,0,0,0,0,0
18.52234649658203,0,4.3094258308410645,0,0,0,0,0,0
12.70177936553955,0,2.1161749362945557,0,0,0,0,0,0
7.422074794769287,0,4.198065280914307,0,0,0,0,0,0
21.540607452392578,0,4.447911262512207,0,0,0,0,0,0
20.968467712402344,0,4.37967586517334,0,0,0,0,0,0
21.457927703857422,0,3.9310221672058105,0,0,0,0,0,0
13.435667991638184,0,4.583869457244873,0,0,0,0,0,0
17.90924644470215,0,4.3234100341796875,0,0,0,0,0,0
18.926372528076172,0,3.9289627075195312,0,0,0,0,0,0
11.730512619018555,0,4.445492744445801,0,0,0,0,0,0
4.519202709197998,0,4.4342942237854,0,0,0,0,0,0
19.865543365478516,0,4.296055316925049,0,0,0,0,0,0
15.523910522460938,0,4.493288993835449,0,0,0,0,0,0
18.71005630493164,0,4.350628852844238,0,0,0,0,0,0
12.03010082244873,0,4.47020959854126,0,0,0,0,0,0
22.409561157226562,0,4.322623252868652,0,0,0,0,0,0
15.616847038269043,0,3.8360257148742676,0,0,0,0,0,0
18.77569580078125,0,4.033010959625244,0,0,0,0,0,0
14.027031898498535,0,2.6323494911193848,0,0,0,0,0,0
17.086713790893555,0,4.419575214385986,0,0,0,0,0,0
17.710330963134766,0,4.351740837097168,0,0,0,0,0,0
12.531804084777832,0,2.745730400085449,0,0,0,0,0,0
11.96204662322998,0,3.3355369567871094,0,0,0,0,0,0
19.509628295898438,0,4.0332136154174805,0,0,0,0,0,0
19.838760375976562,0,4.436432361602783,0,0,0,0,0,0
17.946678161621094,0,4.259843349456787,0,0,0,0,0,0
13.836219787597656,0,4.253824234008789,0,0,0,0,0,0
22.195209503173828,0,4.3290114402771,0,0,0,0,0,0
12.889262199401855,0,2.8351662158966064,0,0,0,0,0,0
11.13827896118164,0,3.284950017929077,0,0,0,0,0,0
9.269281387329102,0,3.8815622329711914,0,0,0,0,0,0
16.691585540771484,0,4.285987377166748,0,0,0,0,0,0
16.597545623779297,0,4.092961311340332,0,0,0,0,0,0
15.895395278930664,0,4.375205993652344,0,0,0,0,0,0
6.941074371337891,0,2.6082067489624023,0,0,0,0,0,0
19.882844924926758,0,4.375124931335449,0,0,0,0,0,0
14.604761123657227,0,4.3508172035217285,0,0,0,0,0,0
16.549528121948242,0,3.572763442993164,0,0,0,0,0,0
16.300315856933594,0,3.8159127235412598,0,0,0,0,0,0
21.37979507446289,0,4.179834365844727,0,0,0,0,0,0
16.292221069335938,0,4.373844623565674,0,0,0,0,0,0
13.49364185333252,0,3.6677818298339844,0,0,0,0,0,0
10.227500915527344,0,2.2342543601989746,0,0,0,0,0,0
16.76848793029785,0,4.500386714935303,0,0,0,0,0,0
16.321176528930664,0,4.405266761779785,0,0,0,0,0,0
19.286285400390625,0,4.3744964599609375,0,0,0,0,0,0
10.233158111572266,0,3.494232416152954,0,0,0,0,0,0
17.96535301208496,0,4.454892158508301,0,0,0,0,0,0
14.808586120605469,0,4.432186126708984,0,0,0,0,0,0
16.912839889526367,0,3.372617721557617,0,0,0,0,0,0
8.053513526916504,0,2.2900099754333496,0,0,0,0,0,0
17.997087478637695,0,4.331777572631836,0,0,0,0,0,0
18.42178726196289,0,4.415849685668945,0,0,0,0,0,0
13.95460319519043,0,3.937361240386963,0,0,0,0,0,0
9.096724510192871,0,3.646311044692993,0,0,0,0,0,0
23.717937469482422,0,4.43643856048584,0,0,0,0,0,0
20.65568733215332,0,3.595578193664551,0,0,0,0,0,0
21.63517951965332,0,3.0589540004730225,0,0,0,0,0,0
16.617963790893555,0,4.428674697875977,0,0,0,0,0,0
19.618011474609375,0,3.9312429428100586,0,0,0,0,0,0
16.539709091186523,0,4.574750900268555,0,0,0,0,0,0
14.874082565307617,0,4.618946075439453,0,0,0,0,0,0
6.768770694732666,0,3.1896257400512695,0,0,0,0,0,0
19.062599182128906,0,4.495007038116455,0,0,0,0,0,0
20.145036697387695,0,4.384126663208008,0,0,0,0,0,0
15.622560501098633,0,4.451462745666504,0,0,0,0,0,0
9.32473087310791,0,2.8719029426574707,0,0,0,0,0,0
19.4792537689209,0,4.451418876647949,0,0,0,0,0,0
19.633129119873047,0,4.299628257751465,0,0,0,0,0,0
9.765632629394531,0,4.3196210861206055,0,0,0,0,0,0
6.579904556274414,0,4.149248123168945,0,0,0,0,0,0
21.042911529541016,0,4.455684661865234,0,0,0,0,0,0
16.51171875,0,4.346632957458496,0,0,0,0,0,0
12.81635856628418,0,4.012488842010498,0,0,0,0,0,0
8.203804016113281,0,2.776146173477173,0,0,0,0,0,0
21.867570877075195,0,4.53346061706543,0,0,0,0,0,0
18.48105812072754,0,2.702448844909668,0,0,0,0,0,0
18.46434211730957,0,4.388244152069092,0,0,0,0,0,0
11.063310623168945,0,4.165968894958496,0,0,0,0,0,0
20.47861099243164,0,2.6171364784240723,0,0,0,0,0,0
18.259584426879883,0,4.643706798553467,0,0,0,0,0,0
17.704004287719727,0,4.260188579559326,0,0,0,0,0,0
10.49312686920166,0,2.568436622619629,0,0,0,0,0,0
22.331064224243164,0,3.588909387588501,0,0,0,0,0,0
21.282371520996094,0,4.238717555999756,0,0,0,0,0,0
18.412811279296875,0,4.416200637817383,0,0,0,0,0,0
9.387619018554688,0,4.158971786499023,0,0,0,0,0,0
21.787879943847656,0,4.137633323669434,0,0,0,0,0,0
17.07605743408203,0,3.321326732635498,0,0,0,0,0,0
12.315572738647461,0,3.120140790939331,0,0,0,0,0,0
8.229146957397461,0,3.0643630027770996,0,0,0,0,0,0
20.6889705657959,0,4.451310634613037,0,0,0,0,0,0
15.028141975402832,0,4.302330493927002,0,0,0,0,0,0
14.974026679992676,0,4.084159851074219,0,0,0,0,0,0
8.100592613220215,0,3.3334460258483887,0,0,0,0,0,0
22.33522605895996,0,4.299304962158203,0,0,0,0,0,0
20.068084716796875,0,4.460902690887451,0,0,0,0,0,0
10.71524715423584,0,4.201300621032715,0,0,0,0,0,0
13.282523155212402,0,3.336406946182251,0,0,0,0,0,0
20.78502655029297,0,2.6963911056518555,0,0,0,0,0,0
15.136380195617676,0,4.40271520614624,0,0,0,0,0,0
15.012271881103516,0,4.262989521026611,0,0,0,0,0,0
8.795087814331055,0,2.608985185623169,0,0,0,0,0,0
20.667396545410156,0,4.215705871582031,0,0,0,0,0,0
16.522918701171875,0,3.904967784881592,0,0,0,0,0,0
16.779455184936523,0,3.43400502204895,0,0,0,0,0,0
5.167616844177246,0,2.2727699279785156,0,0,0,0,0,0
19.298831939697266,0,3.774726629257202,0,0,0,0,0,0
14.395118713378906,0,3.177668571472168,0,0,0,0,0,0
11.106280326843262,0,3.2691650390625,0,0,0,0,0,0
7.454599857330322,0,3.9311275482177734,0,0,0,0,0,0
20.494108200073242,0,2.9803740978240967,0,0,0,0,0,0
15.748321533203125,0,2.725219488143921,0,0,0,0,0,0
11.69363021850586,0,3.9103176593780518,0,0,0,0,0,0
8.694048881530762,0,2.5610921382904053,0,0,0,0,0,0
22.61423110961914,0,3.7450413703918457,0,0,0,0,0,0
19.446027755737305,0,3.815397262573242,0,0,0,0,0,0
18.563762664794922,0,4.493343830108643,0,0,0,0,0,0
13.92368221282959,0,4.005795478820801,0,0,0,0,0,0
18.48815155029297,0,3.1342520713806152,0,0,0,0,0,0
18.345558166503906,0,4.178150653839111,0,0,0,0,0,0
14.153276443481445,0,3.1265201568603516,0,0,0,0,0,0
8.184941291809082,0,3.181239128112793,0,0,0,0,0,0
21.375043869018555,0,4.049510955810547,0,0,0,0,0,0
17.118480682373047,0,4.375037670135498,0,0,0,0,0,0
16.607194900512695,0,3.1063687801361084,0,0,0,0,0,0
14.085657119750977,0,4.363081932067871,0,0,0,0,0,0
18.1258602142334,0,4.446718692779541,0,0,0,0,0,0
19.564699172973633,0,4.195137977600098,0,0,0,0,0,0
14.537315368652344,0,4.0695929527282715,0,0,0,0,0,0
6.10076904296875,0,2.298478126525879,0,0,0,0,0,0
18.8658504486084,0,4.096594333648682,0,0,0,0,0,0
19.114717483520508,0,3.3844962120056152,0,0,0,0,0,0
16.14624786376953,0,4.449072360992432,0,0,0,0,0,0
10.268136024475098,0,2.559020519256592,0,0,0,0,0,0
20.198877334594727,0,4.24470329284668,0,0,0,0,0,0
22.77808952331543,0,4.383144378662109,0,0,0,0,0,0
17.45902442932129,0,4.265885353088379,0,0,0,0,0,0
15.776108741760254,0,4.563883304595947,0,0,0,0,0,0
22.42509651184082,0,3.8056652545928955,0,0,0,0,0,0
17.392393112182617,0,4.12774658203125,0,0,0,0,0,0
17.725955963134766,0,3.5112667083740234,0,0,0,0,0,0
10.314458847045898,0,2.6453089714050293,0,0,0,0,0,0
20.561506271362305,0,3.6361565589904785,0,0,0,0,0,0
13.452836990356445,0,4.506667137145996,0,0,0,0,0,0
17.377466201782227,0,4.552833080291748,0,0,0,0,0,0
9.195080757141113,0,4.128091812133789,0,0,0,0,0,0
18.043319702148438,0,4.263422966003418,0,0,0,0,0,0
16.275985717773438,0,4.155224800109863,0,0,0,0,0,0
17.221111297607422,0,4.435479640960693,0,0,0,0,0,0
5.5281572341918945,0,3.0883536338806152,0,0,0,0,0,0
14.00195026397705,0,4.319236755371094,0,0,0,0,0,0
16.779285430908203,0,4.461414337158203,0,0,0,0,0,0
12.948746681213379,0,4.304895401000977,0,0,0,0,0,0
9.800166130065918,0,2.567103862762451,0,0,0,0,0,0
20.511064529418945,0,3.361560821533203,0,0,0,0,0,0
19.83296775817871,0,4.316095352172852,0,0,0,0,0,0
17.867910385131836,0,4.401465892791748,0,0,0,0,0,0
16.761781692504883,0,4.625242233276367,0,0,0,0,0,0
18.677719116210938,0,4.006237506866455,0,0,0,0,0,0
19.76007843017578,0,3.5475072860717773,0,0,0,0,0,0
18.266386032104492,0,4.448121547698975,0,0,0,0,0,0
7.577864646911621,0,2.1213693618774414,0,0,0,0,0,0
17.820711135864258,0,4.470259189605713,0,0,0,0,0,0
13.995628356933594,0,3.6728110313415527,0,0,0,0,0,0
16.817607879638672,0,4.430359840393066,0,0,0,0,0,0
20.299264907836914,0,4.448909282684326,0,0,0,0,0,0
15.783027648925781,0,4.403073787689209,0,0,0,0,0,0
6.749006271362305,0,3.2992982864379883,0,0,0,0,0,0
10.839215278625488,0,3.0583903789520264,0,0,0,0,0,0
17.12301254272461,0,3.824131488800049,0,0,0,0,0,0
22.579174041748047,0,2.8798234462738037,0,0,0,0,0,0
17.122482299804688,0,2.7452399730682373,0,0,0,0,0,0
16.07368278503418,0,4.175083160400391,0,0,0,0,0,0
3.135716676712036,0,4.275290489196777,0,0,0,0,0,0
8.57397747039795,0,4.264884948730469,0,0,0,0,0,0
13.82402515411377,0,4.628445625305176,0,0,0,0,0,0
12.641624450683594,0,4.457140922546387,0,0,0,0,0,0
13.401518821716309,0,2.7846169471740723,0,0,0,0,0,0
14.616804122924805,0,4.348842144012451,0,0,0,0,0,0
6.785763740539551,0,2.9318783283233643,0,0,0,0,0,0
7.152990818023682,0,2.0898478031158447,0,0,0,0,0,0
6.058930397033691,0,4.6116790771484375,0,0,0,0,0,0
9.021656036376953,0,3.0705761909484863,0,0,0,0,0,0
14.936639785766602,0,2.4617159366607666,0,0,0,0,0,0
7.313628673553467,0,4.4382171630859375,0,0,0,0,0,0
8.804046630859375,0,3.2362499237060547,0,0,0,0,0,0
7.140411376953125,0,2.4217662811279297,0,0,0,0,0,0
8.628257751464844,0,4.311533451080322,0,0,0,0,0,0
9.32804012298584,0,3.7154433727264404,0,0,0,0,0,0
9.359265327453613,0,4.358542442321777,0,0,0,0,0,0
10.842443466186523,0,4.080016136169434,0,0,0,0,0,0
8.956634521484375,0,4.3507795333862305,0,0,0,0,0,0
11.7584228515625,0,2.825505018234253,0,0,0,0,0,0
7.685394763946533,0,4.120118618011475,0,0,0,0,0,0
11.81099796295166,0,3.0107271671295166,0,0,0,0,0,0
6.715153694152832,0,4.384637832641602,0,0,0,0,0,0
9.327679634094238,0,4.312746524810791,0,0,0,0,0,0
13.189774513244629,0,4.426089286804199,0,0,0,0,0,0
10.422201156616211,0,4.572089672088623,0,0,0,0,0,0
9.351347923278809,0,4.467112064361572,0,0,0,0,0,0
14.481632232666016,0,3.2778663635253906,0,0,0,0,0,0
9.876069068908691,0,4.389455795288086,0,0,0,0,0,0
10.784646034240723,0,3.7628774642944336,0,0,0,0,0,0
16.064163208007812,0,3.8384058475494385,0,0,0,0,0,0
5.944151401519775,0,4.0999884605407715,0,0,0,0,0,0
10.252013206481934,0,4.433917045593262,0,0,0,0,0,0
10.782522201538086,0,2.9126405715942383,0,0,0,0,0,0
14.289608001708984,0,4.414666652679443,0,0,0,0,0,0
18.438995361328125,0,4.485252857208252,0,0,0,0,0,0
14.955318450927734,0,4.326322555541992,0,0,0,0,0,0
14.313582420349121,0,4.480145454406738,0,0,0,0,0,0
13.546524047851562,0,3.2106709480285645,0,0,0,0,0,0
11.575794219970703,0,4.032724380493164,0,0,0,0,0,0
10.903200149536133,0,4.098830223083496,0,0,0,0,0,0
3.9433810710906982,0,3.2200021743774414,0,0,0,0,0,0
15.615995407104492,0,4.469120025634766,0,0,0,0,0,0
16.60101890563965,0,3.811136245727539,0,0,0,0,0,0
15.018016815185547,0,3.9095826148986816,0,0,0,0,0,0
9.936198234558105,0,3.9680824279785156,0,0,0,0,0,0
11.552495002746582,0,4.288856029510498,0,0,0,0,0,0
14.992671012878418,0,4.311341285705566,0,0,0,0,0,0
10.702411651611328,0,2.6409404277801514,0,0,0,0,0,0
5.360108375549316,0,4.287764549255371,0,0,0,0,0,0
12.153349876403809,0,3.6476399898529053,0,0,0,0,0,0
13.883806228637695,0,3.9704396724700928,0,0,0,0,0,0
9.923894882202148,0,3.632629871368408,0,0,0,0,0,0
8.733572959899902,0,4.439670562744141,0,0,0,0,0,0
15.881978034973145,0,4.309570789337158,0,0,0,0,0,0
18.063703536987305,0,4.280965328216553,0,0,0,0,0,0
14.793625831604004,0,4.434016227722168,0,0,0,0,0,0
13.355295181274414,0,4.567990303039551,0,0,0,0,0,0
8.874395370483398,0,4.269505977630615,0,0,0,0,0,0
14.880441665649414,0,4.284653663635254,0,0,0,0,0,0
13.088563919067383,0,4.243523120880127,0,0,0,0,0,0
10.61520767211914,0,3.430577278137207,0,0,0,0,0,0
14.468728065490723,0,3.553440809249878,0,0,0,0,0,0
18.88766860961914,0,4.643861293792725,0,0,0,0,0,0
11.434186935424805,0,4.249791622161865,0,0,0,0,0,0
12.594461441040039,0,4.394723892211914,0,0,0,0,0,0
16.950305938720703,0,3.5132579803466797,0,0,0,0,0,0
16.868408203125,0,4.263894081115723,0,0,0,0,0,0
9.634245872497559,0,2.9758028984069824,0,0,0,0,0,0
4.3277058601379395,0,2.6005749702453613,0,0,0,0,0,0
13.748398780822754,0,4.220816612243652,0,0,0,0,0,0
13.594574928283691,0,4.441166877746582,0,0,0,0,0,0
11.962665557861328,0,3.116755485534668,0,0,0,0,0,0
8.947498321533203,0,3.3706583976745605,0,0,0,0,0,0
19.996315002441406,0,4.554810047149658,0,0,0,0,0,0
17.858707427978516,0,4.452790260314941,0,0,0,0,0,0
16.76774787902832,0,4.3669114112854,0,0,0,0,0,0
12.061537742614746,0,4.235132217407227,0,0,0,0,0,0
12.11465072631836,0,4.455731391906738,0,0,0,0,0,0
11.037864685058594,0,4.077627182006836,0,0,0,0,0,0
12.553616523742676,0,4.169621467590332,0,0,0,0,0,0
7.310009479522705,0,2.372380018234253,0,0,0,0,0,0
17.153419494628906,0,4.243850231170654,0,0,0,0,0,0
8.658881187438965,0,2.201653242111206,0,0,0,0,0,0
11.987709045410156,0,4.387910842895508,0,0,0,0,0,0
12.505271911621094,0,4.301699161529541,0,0,0,0,0,0
13.362123489379883,0,3.2601566314697266,0,0,0,0,0,0
11.544868469238281,0,4.444703102111816,0,0,0,0,0,0
12.616409301757812,0,3.9440653324127197,0,0,0,0,0,0
4.666364669799805,0,4.372808933258057,0,0,0,0,0,0
17.159923553466797,0,4.375168800354004,0,0,0,0,0,0
14.563283920288086,0,4.4466400146484375,0,0,0,0,0,0
13.574137687683105,0,3.4166555404663086,0,0,0,0,0,0
9.743441581726074,0,4.51241397857666,0,0,0,0,0,0
7.951328277587891,0,3.763425827026367,0,0,0,0,0,0
15.468574523925781,0,4.289548873901367,0,0,0,0,0,0
14.170175552368164,0,4.43779182434082,0,0,0,0,0,0
13.81940746307373,0,4.5979108810424805,0,0,0,0,0,0
12.437968254089355,0,4.054487228393555,0,0,0,0,0,0
16.358366012573242,0,4.0293498039245605,0,0,0,0,0,0
9.130027770996094,0,3.4036507606506348,0,0,0,0,0,0
10.926946640014648,0,2.010380506515503,0,0,0,0,0,0
15.553736686706543,0,4.0478515625,0,0,0,0,0,0
9.762350082397461,0,4.453552722930908,0,0,0,0,0,0
10.016203880310059,0,4.369996070861816,0,0,0,0,0,0
11.094783782958984,0,3.5620312690734863,0,0,0,0,0,0
15.80417537689209,0,4.07669734954834,0,0,0,0,0,0
12.96324634552002,0,4.103829860687256,0,0,0,0,0,0
10.609898567199707,0,4.284516334533691,0,0,0,0,0,0
5.848058700561523,0,3.0561835765838623,0,0,0,0,0,0
11.857815742492676,0,4.431204795837402,0,0,0,0,0,0
13.297562599182129,0,4.451462268829346,0,0,0,0,0,0
13.682920455932617,0,2.4188661575317383,0,0,0,0,0,0
8.286140441894531,0,4.580742359161377,0,0,0,0,0,0
14.411660194396973,0,4.379919052124023,0,0,0,0,0,0
10.970888137817383,0,4.414186477661133,0,0,0,0,0,0
16.374542236328125,0,4.389776229858398,0,0,0,0,0,0
11.359867095947266,0,3.8747966289520264,0,0,0,0,0,0
15.514242172241211,0,4.447329998016357,0,0,0,0,0,0
14.011401176452637,0,3.860219955444336,0,0,0,0,0,0
14.703033447265625,0,3.3411121368408203,0,0,0,0,0,0
8.465080261230469,0,3.515873432159424,0,0,0,0,0,0
12.21081829071045,0,4.324458122253418,0,0,0,0,0,0
16.041641235351562,0,4.3145575523376465,0,0,0,0,0,0
15.856199264526367,0,3.933570384979248,0,0,0,0,0,0
13.296806335449219,0,4.517157077789307,0,0,0,0,0,0
10.507356643676758,0,4.450570106506348,0,0,0,0,0,0
14.20194149017334,0,3.5282135009765625,0,0,0,0,0,0
9.760869979858398,0,2.1854965686798096,0,0,0,0,0,0
4.274412631988525,0,2.4610302448272705,0,0,0,0,0,0
18.007047653198242,0,4.171539783477783,0,0,0,0,0,0
9.500502586364746,0,3.653791666030884,0,0,0,0,0,0
11.76998519897461,0,2.868906021118164,0,0,0,0,0,0
4.723878383636475,0,3.2682533264160156,0,0,0,0,0,0
11.42417049407959,0,4.482806205749512,0,0,0,0,0,0
14.419604301452637,0,3.5576438903808594,0,0,0,0,0,0
17.62194061279297,0,4.451879501342773,0,0,0,0,0,0
12.821259498596191,0,2.745983839035034,0,0,0,0,0,0
15.405031204223633,0,3.4426615238189697,0,0,0,0,0,0
14.762077331542969,0,4.3519110679626465,0,0,0,0,0,0
14.563641548156738,0,3.601459503173828,0,0,0,0,0,0
9.262767791748047,0,2.545750141143799,0,0,0,0,0,0
11.185386657714844,0,4.29254674911499,0,0,0,0,0,0
15.563684463500977,0,4.305132865905762,0,0,0,0,0,0
15.031766891479492,0,4.426431179046631,0,0,0,0,0,0
9.441221237182617,0,4.144844055175781,0,0,0,0,0,0
14.315580368041992,0,4.375001430511475,0,0,0,0,0,0
14.948468208312988,0,3.0603113174438477,0,0,0,0,0,0
9.479911804199219,0,2.8523340225219727,0,0,0,0,0,0
5.797307014465332,0,3.534092426300049,0,0,0,0,0,0
16.397043228149414,0,3.0758657455444336,0,0,0,0,0,0
14.606499671936035,0,4.387429237365723,0,0,0,0,0,0
9.85982894897461,0,4.434316158294678,0,0,0,0,0,0
9.220052719116211,0,3.132690191268921,0,0,0,0,0,0
11.064403533935547,0,3.9557089805603027,0,0,0,0,0,0
13.84716510772705,0,4.298340320587158,0,0,0,0,0,0
16.034832000732422,0,4.544744491577148,0,0,0,0,0,0
9.323057174682617,0,3.979435920715332,0,0,0,0,0,0
13.970050811767578,0,3.776256561279297,0,0,0,0,0,0
14.059819221496582,0,4.514505386352539,0,0,0,0,0,0
12.273040771484375,0,3.0537145137786865,0,0,0,0,0,0
11.865560531616211,0,2.9134488105773926,0,0,0,0,0,0
5.939919948577881,0,3.926198959350586,0,0,0,0,0,0
16.86829376220703,0,4.340185165405273,0,0,0,0,0,0
13.161733627319336,0,4.1163859367370605,0,0,0,0,0,0
11.916156768798828,0,3.371978998184204,0,0,0,0,0,0
14.659899711608887,0,2.969634532928467,0,0,0,0,0,0
10.746407508850098,0,2.191405773162842,0,0,0,0,0,0
12.9902925491333,0,3.6120707988739014,0,0,0,0,0,0
7.333988189697266,0,2.6051483154296875,0,0,0,0,0,0
13.411746978759766,0,4.303555965423584,0,0,0,0,0,0
8.949396133422852,0,4.468449592590332,0,0,0,0,0,0
13.889569282531738,0,4.479849338531494,0,0,0,0,0,0
9.487792015075684,0,2.2535080909729004,0,0,0,0,0,0
16.734960556030273,0,4.3609724044799805,0,0,0,0,0,0
10.336009979248047,0,2.4907426834106445,0,0,0,0,0,0
11.009730339050293,0,3.781306743621826,0,0,0,0,0,0
13.94903564453125,0,2.5575454235076904,0,0,0,0,0,0
15.85971450805664,0,3.8208765983581543,0,0,0,0,0,0
16.720008850097656,0,3.58450984954834,0,0,0,0,0,0
15.654596328735352,0,4.274484157562256,0,0,0,0,0,0
10.134934425354004,0,4.07006311416626,0,0,0,0,0,0
10.916494369506836,0,4.277210712432861,0,0,0,0,0,0
15.540475845336914,0,4.445587635040283,0,0,0,0,0,0
14.575016021728516,0,4.235775470733643,0,0,0,0,0,0
13.358378410339355,0,4.466867446899414,0,0,0,0,0,0
11.300600051879883,0,2.0147881507873535,0,0,0,0,0,0
12.97043228149414,0,4.196508407592773,0,0,0,0,0,0
9.568662643432617,0,2.4256138801574707,0,0,0,0,0,0
8.920553207397461,0,2.5972795486450195,0,0,0,0,0,0
16.300718307495117,0,4.02508544921875,0,0,0,0,0,0
13.668586730957031,0,3.6898012161254883,0,0,0,0,0,0
10.195104598999023,0,3.4608676433563232,0,0,0,0,0,0
8.96716594696045,0,2.139928102493286,0,0,0,0,0,0
9.676396369934082,0,3.508774518966675,0,0,0,0,0,0
17.435283660888672,0,3.5651695728302,0,0,0,0,0,0
10.949902534484863,0,4.360592842102051,0,0,0,0,0,0
-7.387988567352295,0,3.2978901863098145,0,0,0,0,0,0
13.33224868774414,0,3.7295656204223633,0,0,0,0,0,0
12.808673858642578,0,4.067988872528076,0,0,0,0,0,0
14.862565994262695,0,2.9022679328918457,0,0,0,0,0,0
9.977997779846191,0,4.452350616455078,0,0,0,0,0,0
18.001672744750977,0,4.362269401550293,0,0,0,0,0,0
17.73215103149414,0,4.408878326416016,0,0,0,0,0,0
10.199321746826172,0,4.473857402801514,0,0,0,0,0,0
12.284207344055176,0,2.837085485458374,0,0,0,0,0,0
14.210028648376465,0,4.497605323791504,0,0,0,0,0,0
15.104368209838867,0,2.577509641647339,0,0,0,0,0,0
13.032588005065918,0,3.8642611503601074,0,0,0,0,0,0
4.607369899749756,0,4.405421733856201,0,0,0,0,0,0
8.101186752319336,0,3.8014698028564453,0,0,0,0,0,0
13.205465316772461,0,4.462362289428711,0,0,0,0,0,0
11.117830276489258,0,3.2036540508270264,0,0,0,0,0,0
11.228473663330078,0,3.2113354206085205,0,0,0,0,0,0
8.303094863891602,0,3.926617383956909,0,0,0,0,0,0
8.23312759399414,0,4.185509204864502,0,0,0,0,0,0
14.198308944702148,0,3.666525363922119,0,0,0,0,0,0
13.38813304901123,0,4.238454341888428,0,0,0,0,0,0
16.975967407226562,0,4.584374904632568,0,0,0,0,0,0
14.681097030639648,0,4.45557165145874,0,0,0,0,0,0
13.112349510192871,0,3.832491874694824,0,0,0,0,0,0
9.790127754211426,0,3.0371975898742676,0,0,0,0,0,0
12.9284086227417,0,4.43820858001709,0,0,0,0,0,0
12.842626571655273,0,4.436595439910889,0,0,0,0,0,0
15.509925842285156,0,4.351613998413086,0,0,0,0,0,0
10.781401634216309,0,3.061567783355713,0,0,0,0,0,0
14.9937105178833,0,3.2194600105285645,0,0,0,0,0,0
10.583582878112793,0,4.186428070068359,0,0,0,0,0,0
7.604574203491211,0,2.5006160736083984,0,0,0,0,0,0
5.797003746032715,0,3.24306058883667,0,0,0,0,0,0
14.977714538574219,0,3.772907257080078,0,0,0,0,0,0
16.918941497802734,0,4.422485828399658,0,0,0,0,0,0
9.382509231567383,0,3.318833827972412,0,0,0,0,0,0
8.565722465515137,0,3.626819372177124,0,0,0,0,0,0
14.614611625671387,0,2.9475584030151367,0,0,0,0,0,0
14.559250831604004,0,3.193671226501465,0,0,0,0,0,0
14.839158058166504,0,3.1569297313690186,0,0,0,0,0,0
10.775636672973633,0,4.344038963317871,0,0,0,0,0,0
14.28861141204834,0,4.296087741851807,0,0,0,0,0,0
15.440817832946777,0,4.121297836303711,0,0,0,0,0,0
9.483704566955566,0,2.2514500617980957,0,0,0,0,0,0
7.208075523376465,0,3.279402256011963,0,0,0,0,0,0
16.424100875854492,0,4.398138046264648,0,0,0,0,0,0
13.85835075378418,0,4.427870273590088,0,0,0,0,0,0
12.924962997436523,0,4.067890644073486,0,0,0,0,0,0
11.514297485351562,0,3.88057541847229,0,0,0,0,0,0
9.962574005126953,0,4.393177509307861,0,0,0,0,0,0
15.118432998657227,0,4.444250583648682,0,0,0,0,0,0
12.49236011505127,0,2.8216652870178223,0,0,0,0,0,0
9.598435401916504,0,3.3789799213409424,0,0,0,0,0,0
16.474557876586914,0,4.118204593658447,0,0,0,0,0,0
12.354158401489258,0,3.7451040744781494,0,0,0,0,0,0
9.783269882202148,0,2.7107746601104736,0,0,0,0,0,0
10.786837577819824,0,2.7164535522460938,0,0,0,0,0,0
11.279741287231445,0,4.090085029602051,0,0,0,0,0,0
13.619932174682617,0,4.627196311950684,0,0,0,0,0,0
11.462507247924805,0,4.443117141723633,0,0,0,0,0,0
10.930892944335938,0,2.165214776992798,0,0,0,0,0,0
11.893068313598633,0,3.3951070308685303,0,0,0,0,0,0
12.011099815368652,0,2.080897808074951,0,0,0,0,0,0
12.302343368530273,0,2.232504367828369,0,0,0,0,0,0
7.454578399658203,0,2.043361186981201,0,0,0,0,0,0
20.97677230834961,0,3.6705713272094727,0,0,0,0,0,0
14.66627311706543,0,4.315010070800781,0,0,0,0,0,0
12.023563385009766,0,4.449769973754883,0,0,0,0,0,0
12.764257431030273,0,3.870788097381592,0,0,0,0,0,0
12.069453239440918,0,4.162256240844727,0,0,0,0,0,0
16.025869369506836,0,4.364356994628906,0,0,0,0,0,0
10.673820495605469,0,3.930459976196289,0,0,0,0,0,0
4.317662239074707,0,2.205719232559204,0,0,0,0,0,0
18.011432647705078,0,3.906360149383545,0,0,0,0,0,0
14.496750831604004,0,4.177149295806885,0,0,0,0,0,0
13.059015274047852,0,4.263631820678711,0,0,0,0,0,0
9.34158992767334,0,2.474090099334717,0,0,0,0,0,0
19.549144744873047,0,3.9678497314453125,0,0,0,0,0,0
12.616941452026367,0,4.3382391929626465,0,0,0,0,0,0
15.513230323791504,0,4.443957328796387,0,0,0,0,0,0
7.280585289001465,0,4.328011512756348,0,0,0,0,0,0
14.611576080322266,0,4.471508502960205,0,0,0,0,0,0
16.726985931396484,0,4.402988433837891,0,0,0,0,0,0
14.674592971801758,0,2.864309787750244,0,0,0,0,0,0
8.176907539367676,0,2.6380369663238525,0,0,0,0,0,0
10.145685195922852,0,4.411306381225586,0,0,0,0,0,0
18.521072387695312,0,4.474405765533447,0,0,0,0,0,0
11.707859992980957,0,4.235886096954346,0,0,0,0,0,0
11.679586410522461,0,4.351724624633789,0,0,0,0,0,0
15.931588172912598,0,3.1748085021972656,0,0,0,0,0,0
10.781397819519043,0,4.4077558517456055,0,0,0,0,0,0
9.88055419921875,0,2.0751075744628906,0,0,0,0,0,0
6.13167667388916,0,4.404842376708984,0,0,0,0,0,0
10.564716339111328,0,4.44262170791626,0,0,0,0,0,0
14.913850784301758,0,4.204499244689941,0,0,0,0,0,0
10.911182403564453,0,4.244808197021484,0,0,0,0,0,0
8.504707336425781,0,3.0283665657043457,0,0,0,0,0,0
13.12547779083252,0,4.4219536781311035,0,0,0,0,0,0
12.50387954711914,0,4.435710906982422,0,0,0,0,0,0
12.629730224609375,0,4.471436500549316,0,0,0,0,0,0
12.619839668273926,0,4.4141716957092285,0,0,0,0,0,0
17.192453384399414,0,4.421550750732422,0,0,0,0,0,0
11.555390357971191,0,4.288753032684326,0,0,0,0,0,0
12.391528129577637,0,4.273081302642822,0,0,0,0,0,0
9.89915943145752,0,3.175874710083008,0,0,0,0,0,0
15.325818061828613,0,4.208603858947754,0,0,0,0,0,0
18.05472755432129,0,4.451229572296143,0,0,0,0,0,0
12.77091121673584,0,4.397922992706299,0,0,0,0,0,0
14.76502513885498,0,4.371519565582275,0,0,0,0,0,0
11.051587104797363,0,4.2794294357299805,0,0,0,0,0,0
14.224424362182617,0,4.188937187194824,0,0,0,0,0,0
10.410909652709961,0,4.247891426086426,0,0,0,0,0,0
8.571599960327148,0,2.223775625228882,0,0,0,0,0,0
14.828719139099121,0,4.468477725982666,0,0,0,0,0,0
13.453067779541016,0,3.9895052909851074,0,0,0,0,0,0
9.170232772827148,0,4.377480506896973,0,0,0,0,0,0
7.565595626831055,0,4.196023941040039,0,0,0,0,0,0
14.952906608581543,0,4.496969223022461,0,0,0,0,0,0
18.489120483398438,0,4.484784126281738,0,0,0,0,0,0
14.25763988494873,0,4.403219699859619,0,0,0,0,0,0
7.150934219360352,0,4.144158363342285,0,0,0,0,0,0
13.088994026184082,0,4.356125354766846,0,0,0,0,0,0
15.36651611328125,0,3.9987294673919678,0,0,0,0,0,0
15.520126342773438,0,4.409394264221191,0,0,0,0,0,0
12.59160041809082,0,2.6001570224761963,0,0,0,0,0,0
7.813746452331543,0,4.497354507446289,0,0,0,0,0,0
17.327152252197266,0,4.339236259460449,0,0,0,0,0,0
16.033214569091797,0,3.132667064666748,0,0,0,0,0,0
13.923643112182617,0,4.601693630218506,0,0,0,0,0,0
18.756540298461914,0,4.447663307189941,0,0,0,0,0,0
13.925561904907227,0,4.1442952156066895,0,0,0,0,0,0
13.802419662475586,0,2.710998773574829,0,0,0,0,0,0
4.86091423034668,0,2.3178038597106934,0,0,0,0,0,0
13.65445613861084,0,3.0141587257385254,0,0,0,0,0,0
9.33446979522705,0,3.563899040222168,0,0,0,0,0,0
12.165270805358887,0,3.7592358589172363,0,0,0,0,0,0
9.81596565246582,0,3.7841453552246094,0,0,0,0,0,0
8.85293197631836,0,3.302384376525879,0,0,0,0,0,0
15.493432998657227,0,4.355823993682861,0,0,0,0,0,0
10.18160343170166,0,4.609916687011719,0,0,0,0,0,0
11.784905433654785,0,4.158407211303711,0,0,0,0,0,0
17.91914939880371,0,4.4037981033325195,0,0,0,0,0,0
11.166818618774414,0,4.262322902679443,0,0,0,0,0,0
10.191010475158691,0,3.8772597312927246,0,0,0,0,0,0
12.412715911865234,0,3.9981651306152344,0,0,0,0,0,0
12.823921203613281,0,4.353423595428467,0,0,0,0,0,0
15.381217002868652,0,3.2657878398895264,0,0,0,0,0,0
12.016209602355957,0,4.385796546936035,0,0,0,0,0,0
11.926727294921875,0,3.8726768493652344,0,0,0,0,0,0
14.081487655639648,0,3.456538677215576,0,0,0,0,0,0
10.556212425231934,0,4.004805088043213,0,0,0,0,0,0
8.867076873779297,0,2.582174777984619,0,0,0,0,0,0
4.678133487701416,0,3.6050186157226562,0,0,0,0,0,0
14.1398344039917,0,4.073668003082275,0,0,0,0,0,0
14.520825386047363,0,4.503795146942139,0,0,0,0,0,0
12.209600448608398,0,4.360378265380859,0,0,0,0,0,0
7.037972927093506,0,2.8667025566101074,0,0,0,0,0,0
16.667064666748047,0,4.449410438537598,0,0,0,0,0,0
14.915675163269043,0,4.431534767150879,0,0,0,0,0,0
12.503360748291016,0,4.317192554473877,0,0,0,0,0,0
12.322153091430664,0,4.363184452056885,0,0,0,0,0,0
6.164865493774414,0,4.154972553253174,0,0,0,0,0,0
17.813596725463867,0,4.3703694343566895,0,0,0,0,0,0
14.38347339630127,0,4.140720844268799,0,0,0,0,0,0
11.60895824432373,0,3.04795503616333,0,0,0,0,0,0
13.868024826049805,0,3.8679349422454834,0,0,0,0,0,0
16.76628875732422,0,4.0322794914245605,0,0,0,0,0,0
8.005722045898438,0,4.45574426651001,0,0,0,0,0,0
9.0447998046875,0,3.392089366912842,0,0,0,0,0,0
17.13566780090332,0,3.6810107231140137,0,0,0,0,0,0
12.28046989440918,0,4.039482593536377,0,0,0,0,0,0
10.598959922790527,0,2.3690876960754395,0,0,0,0,0,0
4.602293491363525,0,3.6152429580688477,0,0,0,0,0,0
14.022832870483398,0,3.5150632858276367,0,0,0,0,0,0
15.406098365783691,0,4.1286139488220215,0,0,0,0,0,0
13.428107261657715,0,4.2876482009887695,0,0,0,0,0,0
7.136937141418457,0,2.603994607925415,0,0,0,0,0,0
12.936723709106445,0,4.444298267364502,0,0,0,0,0,0
8.092016220092773,0,3.9627277851104736,0,0,0,0,0,0
15.237103462219238,0,2.667198657989502,0,0,0,0,0,0
13.137432098388672,0,4.405949115753174,0,0,0,0,0,0
13.581110000610352,0,3.538031578063965,0,0,0,0,0,0
9.799812316894531,0,4.256047248840332,0,0,0,0,0,0
12.941312789916992,0,4.241459846496582,0,0,0,0,0,0
10.556269645690918,0,3.254992961883545,0,0,0,0,0,0
7.77773904800415,0,4.4126482009887695,0,0,0,0,0,0
14.4374418258667,0,4.4249677658081055,0,0,0,0,0,0
17.82101058959961,0,4.456271171569824,0,0,0,0,0,0
9.886198997497559,0,4.413254737854004,0,0,0,0,0,0
17.739316940307617,0,4.6485490798950195,0,0,0,0,0,0
10.778517723083496,0,4.2304368019104,0,0,0,0,0,0
12.104840278625488,0,3.3240630626678467,0,0,0,0,0,0
11.925962448120117,0,4.449009418487549,0,0,0,0,0,0
14.042769432067871,0,4.42761754989624,0,0,0,0,0,0
12.563743591308594,0,4.089258193969727,0,0,0,0,0,0
7.127434730529785,0,3.963632583618164,0,0,0,0,0,0
6.934483528137207,0,2.5385091304779053,0,0,0,0,0,0
16.779199600219727,0,4.092292785644531,0,0,0,0,0,0
15.821067810058594,0,4.1082329750061035,0,0,0,0,0,0
16.283445358276367,0,2.6440796852111816,0,0,0,0,0,0
15.891465187072754,0,4.301516056060791,0,0,0,0,0,0
14.032736778259277,0,3.455958843231201,0,0,0,0,0,0
16.66446304321289,0,4.261537551879883,0,0,0,0,0,0
13.234498977661133,0,2.4117321968078613,0,0,0,0,0,0
11.797277450561523,0,3.2777836322784424,0,0,0,0,0,0
17.781620025634766,0,4.435551643371582,0,0,0,0,0,0
15.597652435302734,0,4.461858749389648,0,0,0,0,0,0
11.782665252685547,0,3.475306749343872,0,0,0,0,0,0
13.502971649169922,0,3.5563859939575195,0,0,0,0,0,0
13.60750675201416,0,3.674729585647583,0,0,0,0,0,0
17.274593353271484,0,3.5103039741516113,0,0,0,0,0,0
16.71150779724121,0,4.642885684967041,0,0,0,0,0,0
5.702010154724121,0,2.299144983291626,0,0,0,0,0,0
15.70181655883789,0,4.4544878005981445,0,0,0,0,0,0
13.516843795776367,0,3.6195785999298096,0,0,0,0,0,0
11.748830795288086,0,4.46599817276001,0,0,0,0,0,0
10.503742218017578,0,4.222412586212158,0,0,0,0,0,0
9.795546531677246,0,4.378324031829834,0,0,0,0,0,0
18.03955841064453,0,3.1328630447387695,0,0,0,0,0,0
13.275945663452148,0,4.433980941772461,0,0,0,0,0,0
11.830799102783203,0,3.2848432064056396,0,0,0,0,0,0
18.671222686767578,0,4.4607834815979,0,0,0,0,0,0
16.93157958984375,0,4.434753894805908,0,0,0,0,0,0
10.38275146484375,0,2.555680513381958,0,0,0,0,0,0
10.288335800170898,0,4.452692031860352,0,0,0,0,0,0
11.688170433044434,0,3.572314977645874,0,0,0,0,0,0
14.482015609741211,0,4.316193103790283,0,0,0,0,0,0
8.987180709838867,0,4.183062553405762,0,0,0,0,0,0
5.193352222442627,0,2.906400680541992,0,0,0,0,0,0
12.804508209228516,0,4.207304000854492,0,0,0,0,0,0
13.194601058959961,0,3.900892734527588,0,0,0,0,0,0
6.688048362731934,0,3.1412670612335205,0,0,0,0,0,0
12.92447280883789,0,4.21854305267334,0,0,0,0,0,0
16.951562881469727,0,4.262796878814697,0,0,0,0,0,0
18.04135513305664,0,4.300634384155273,0,0,0,0,0,0
8.378754615783691,0,3.715982437133789,0,0,0,0,0,0
