epoch,12/04 12:57:12 Standard Model (continued384) - _step,12/04 12:57:12 Standard Model (continued384) - _step__MIN,12/04 12:57:12 Standard Model (continued384) - _step__MAX,12/04 12:57:12 Standard Model (continued384) - D_Real,12/04 12:57:12 Standard Model (continued384) - D_Real__MIN,12/04 12:57:12 Standard Model (continued384) - D_Real__MAX
0,6.5,0,13,-72.885142,-107.0155792,2.820195436
1,28.5,22,35,-61.57722092,-87.3999176,-27.03147507
2,51,44,58,-45.85767008,-85.15712738,-17.14904022
3,67.5,61,74,-31.727483,-69.34594727,9.388272285
4,90,83,97,-33.47308698,-76.82777405,12.64235306
5,112.5,106,119,-32.91695697,-62.72553635,19.55893707
6,135,128,142,-37.80053177,-73.08598328,20.31948471
7,151.5,145,158,-39.37468433,-98.03291321,29.21258926
8,168,161,175,-51.17356504,-107.148407,4.85898447
9,190.5,184,197,-39.18706063,-77.25792694,-8.205817223
10,207,200,214,-47.39579315,-104.8564301,47.02133179
11,223.5,217,230,-54.33741914,-113.0477982,19.19236374
12,245.5,239,252,-48.6778136,-94.7313385,2.687674522
13,268,261,275,-52.8430371,-120.2754898,34.73345184
14,290.5,284,297,-56.65165614,-134.4118958,-1.503450274
15,313,306,320,-53.19424292,-107.9423981,18.66786194
16,329.5,323,336,-61.15012874,-111.6265259,6.936750889
17,352,345,359,-59.1070385,-115.0119553,13.1124239
18,368.5,362,375,-52.93268585,-150.7820435,18.25262642
19,391,384,398,-53.31488025,-101.7689667,7.394192696
20,413.5,407,420,-63.21465697,-147.4679871,-9.073513031
21,430,423,437,-66.48336194,-147.6311951,37.8132515
22,452.5,446,459,-65.73909862,-120.2794189,14.57541752
23,475,468,482,-64.97641239,-151.0098114,36.4349556
24,491.5,485,498,-40.2162712,-113.7062454,37.15110016
25,507.5,501,514,-44.18069124,-105.9615631,17.08561897
26,524,517,531,-44.71604837,-89.5008316,6.68805027
27,546.5,540,553,-44.6411696,-101.3794556,4.038729191
28,563,556,570,-43.61544456,-118.9921417,44.19264603
29,579.5,573,586,-57.32415989,-150.7844238,42.79702759
30,596,589,603,-47.4863033,-125.4927521,50.74317932
31,612.5,606,619,-50.65391816,-103.2928162,27.1017952
32,635,628,642,-41.11919861,-88.11504364,8.371824265
33,651.5,645,658,-46.64159788,-94.80723572,25.52908325
34,674,667,681,-48.32094034,-107.6512299,25.85877609
35,696.5,690,703,-44.20654668,-110.7087555,56.16763687
36,719,712,726,-51.58529243,-135.161087,21.17040634
37,741.5,735,748,-37.71949009,-88.07543182,18.99681854
38,757.5,751,764,-48.67349946,-84.0322876,0.889545083
39,780,773,787,-41.91259492,-86.1379776,43.98471832
40,802.5,796,809,-42.76110213,-100.3630219,20.7963829
41,819,812,826,-42.97105427,-116.6700058,32.44430542
42,841.5,835,848,-59.51487964,-125.5633774,26.52001572
43,864,857,871,-42.49530195,-98.50387573,16.80666351
44,886.5,880,893,-69.24775818,-167.6319427,63.14411163
45,909,902,916,-50.41537541,-121.1177826,28.13645935
46,931.5,925,938,-51.31455154,-129.5877228,31.44349289
47,948,941,955,-62.99570057,-118.2683411,41.51069641
48,970.5,964,977,-46.47150115,-134.5610046,67.76092529
49,993,986,1000,-51.94107148,-118.3230133,41.38805389
50,1015.5,1009,1022,-51.95348208,-154.5053101,54.39002991
51,1031.5,1025,1038,-49.75049455,-92.05198669,35.48767853
52,1054,1047,1061,-35.83265262,-101.3797302,35.75325394
53,1076.5,1070,1083,-40.65570886,-123.3494339,63.6622963
54,1099,1092,1106,-41.3001845,-130.6764984,84.39537811
55,1115.5,1109,1122,-35.18493734,-136.3186646,71.42089844
56,1138,1131,1145,-56.12065353,-136.5810852,40.56144333
57,1154.5,1148,1161,-44.27019436,-119.1522675,46.78410339
58,1171,1164,1178,-29.65072476,-92.9593811,51.08755493
59,1193.5,1187,1200,-56.75476463,-131.8806152,58.78325653
60,1210,1203,1217,-45.25072727,-116.0533295,19.28694153
61,1232.5,1226,1239,-47.38996273,-104.0171051,6.370425701
62,1254.5,1248,1261,-53.46559198,-113.4535065,37.97688293
63,1271,1264,1278,-46.1690066,-110.25354,30.99853897
64,1293.5,1287,1300,-57.72013728,-113.7491302,-0.933892131
65,1316,1309,1323,-57.02160288,-91.7355957,-15.01849747
66,1338.5,1332,1345,-53.75661602,-109.6855316,5.220743656
67,1355,1348,1362,-40.95591448,-105.3708954,45.39847565
68,1377.5,1371,1384,-49.6253296,-127.9544067,14.63243675
69,1400,1393,1407,-52.10033154,-128.9619904,19.62774658
70,1416.5,1410,1423,-54.36085871,-110.6486969,13.67108154
71,1433,1426,1440,-54.93418121,-140.2884827,54.62889862
72,1455.5,1449,1462,-56.39527665,-129.335022,24.15210342
73,1472,1465,1479,-52.47536462,-115.0948257,10.49768639
74,1494.5,1488,1501,-67.06188308,-137.5465698,26.01439285
75,1516.5,1510,1523,-51.65099757,-138.9823914,25.15645981
76,1539,1532,1546,-64.93129187,-128.4609833,5.573905468
77,1555.5,1549,1562,-58.6814267,-132.4810944,13.61070251
78,1578,1571,1585,-60.26790989,-119.1684723,35.41182327
79,1594.5,1588,1601,-61.26183457,-116.8145142,0.881091356
80,1617,1610,1624,-59.21622245,-123.8378143,29.40254593
81,1639.5,1633,1646,-67.60265344,-135.5267334,14.07187748
82,1662,1655,1669,-59.99845448,-151.3045197,40.61036682
83,1684.5,1678,1691,-73.26978459,-168.2324219,17.69034576
84,1707,1700,1714,-59.49245828,-107.9450989,-5.246977806
85,1723.5,1717,1730,-62.64588118,-107.8612137,-5.241044044
86,1740,1733,1747,-65.88811781,-118.0043488,-3.166852236
87,1756.5,1750,1763,-63.89959764,-157.1668701,11.57899284
88,1778.5,1772,1785,-63.29338734,-130.9627228,11.49986267
89,1801,1794,1808,-68.66330166,-145.5492554,13.16079044
90,1817.5,1811,1824,-76.61969655,-142.3910828,-11.43453884
91,1840,1833,1847,-62.63811305,-106.5682755,4.926449299
92,1856.5,1850,1863,-81.07995176,-161.2704163,10.78028679
93,1873,1866,1880,-76.4829302,-152.7845459,0.890072584
94,1895.5,1889,1902,-67.84681351,-129.4560852,3.8904109
95,1918,1911,1925,-73.94067523,-143.9908905,-10.86969376
96,1940.5,1934,1947,-74.54746004,-132.3560944,-0.095997214
97,1963,1956,1970,-68.25196488,-134.4089661,13.50500298
98,1985.5,1979,1992,-65.79254743,-145.0667725,9.470191956
99,2008,2001,2015,-74.77895648,-125.3497849,-8.508069992
100,2024.5,2018,2031,-71.81564222,-100.3036041,-25.77499771
101,2046.5,2040,2053,-81.75903497,-129.0483398,-9.223592758
102,2063,2056,2070,-72.66511167,-157.7578735,-18.74304771
103,2085.5,2079,2092,-64.73246319,-147.3745117,4.034152985
104,2108,2101,2115,-80.81371565,-150.8990936,10.83804035
105,2124.5,2118,2131,-73.13339891,-139.078598,-2.151009083
106,2141,2134,2148,-79.02914658,-137.8897705,-0.922100067
107,2163.5,2157,2170,-71.45069851,-132.1499939,-11.12051868
108,2186,2179,2193,-79.37935333,-161.5240784,10.56581879
109,2208.5,2202,2215,-65.50275244,-128.7373199,-29.9949894
110,2231,2224,2238,-82.18432706,-138.4984131,-11.29397392
111,2253.5,2247,2260,-78.85518592,-144.7220764,-36.93192673
112,2269.5,2263,2276,-73.32300973,-148.6945801,7.246094227
113,2292,2285,2299,-89.85673205,-155.2526093,23.44299316
114,2314.5,2308,2321,-68.45101268,-147.6570587,-7.553647041
115,2337,2330,2344,-83.6083058,-155.742218,-14.6543951
116,2353.5,2347,2360,-77.24708418,-154.8053589,-0.710003972
117,2376,2369,2383,-87.57039591,-144.8338165,-51.86519623
118,2398.5,2392,2405,-85.58610313,-138.4441528,5.517214298
119,2415,2408,2422,-86.29377569,-134.9134064,-34.6120491
120,2437.5,2431,2444,-77.48190328,-171.7625732,-0.148333549
121,2460,2453,2467,-90.5934199,-153.342804,-13.68289757
122,2476.5,2470,2483,-79.47319351,-158.5514984,-6.961119652
123,2499,2492,2506,-101.3251506,-174.3137817,12.7950325
124,2521.5,2515,2528,-80.79387334,-171.4042053,10.44235706
125,2543.5,2537,2550,-85.33259215,-199.6899109,15.01941395
126,2566,2559,2573,-101.9738568,-210.162323,5.692491055
127,2582.5,2576,2589,-95.30397769,-157.1792908,-13.26013947
128,2599,2592,2606,-106.6488431,-179.5050659,-6.55921936
129,2621.5,2615,2628,-86.99906511,-167.1107178,2.134151697
130,2638,2631,2645,-87.4297376,-159.4767303,-25.84714508
131,2660.5,2654,2667,-98.88809667,-149.3254089,-52.29350662
132,2677,2670,2684,-99.892711,-151.8352966,-20.85619164
133,2699.5,2693,2706,-92.07567705,-165.3507385,-42.44685364
134,2722,2715,2729,-81.09041392,-141.0611572,-0.608982086
135,2738.5,2732,2745,-89.32372584,-168.3148499,-28.91012955
136,2761,2754,2768,-90.39679616,-139.9127197,-24.38926315
137,2777.5,2771,2784,-83.18790822,-155.5082397,0.365473092
138,2799.5,2793,2806,-89.70464107,-145.5046082,-34.69480896
139,2816,2809,2823,-82.74459941,-139.2723389,-15.61008835
140,2838.5,2832,2845,-87.49231461,-147.5973816,14.874897
141,2855,2848,2862,-103.4084646,-199.3266907,-21.76658249
142,2877.5,2871,2884,-98.48485075,-141.6547852,-46.36473465
143,2894,2887,2901,-94.78352458,-138.5773926,-44.51594162
144,2916.5,2910,2923,-97.13675363,-135.6506653,-50.75292206
145,2939,2932,2946,-102.0540955,-144.0667419,-72.40003967
146,2961.5,2955,2968,-94.40978595,-153.5126343,-33.19976425
147,2984,2977,2991,-102.6190781,-160.5288391,-24.65678787
148,3000.5,2994,3007,-92.53714207,-145.0956268,-35.4936409
149,3023,3016,3030,-94.42362264,-166.7831421,-21.85068512
150,3045.5,3039,3052,-99.47483117,-145.1347351,-35.56900024
151,3061.5,3055,3068,-100.6179472,-141.4125671,-50.10865021
152,3078,3071,3085,-92.0390269,-151.9112701,-19.19031525
153,3094.5,3088,3101,-95.8290254,-172.0027771,-21.93280602
154,3111,3104,3118,-104.7113134,-145.1432495,-41.40361023
155,3127.5,3121,3134,-101.4305616,-170.5585632,-41.28844452
156,3150,3143,3157,-101.3471186,-153.2860413,-54.29288483
157,3166.5,3160,3173,-93.96268845,-151.6952209,-34.47502899
158,3183,3176,3190,-100.1183347,-172.0240936,-38.42742157
159,3199.5,3193,3206,-87.96499934,-135.1876068,-47.3993721
160,3222,3215,3229,-89.26896998,-140.4212036,-38.24656677
161,3244.5,3238,3251,-83.74206924,-109.7004852,-47.86951065
162,3260.5,3254,3267,-86.72252015,-161.1698914,-16.20430183
163,3283,3276,3290,-96.81323999,-149.0988007,-5.415019035
164,3299.5,3293,3306,-97.01193769,-177.863739,-8.754232407
165,3322,3315,3329,-89.62654273,-173.7457733,-7.595168114
166,3344.5,3338,3351,-95.66581781,-138.8250427,-43.83851624
167,3367,3360,3374,-101.6434268,-141.7324524,-52.9937439
168,3383.5,3377,3390,-110.637094,-174.762146,-48.5790062
169,3400,3393,3407,-88.85635745,-163.0752563,-26.00798035
170,3422.5,3416,3429,-99.82237761,-156.736618,-43.91152954
171,3439,3432,3446,-93.54304581,-163.0655823,-36.8468895
172,3461.5,3455,3468,-102.0177555,-153.0264282,-58.57191086
173,3478,3471,3485,-106.8795685,-131.4138184,-88.22616577
174,3494.5,3488,3501,-99.10142572,-132.3377686,-45.48265839
175,3510.5,3504,3517,-96.86192213,-150.2832184,-46.14342499
176,3533,3526,3540,-108.6892649,-160.9196167,-68.25642395
177,3549.5,3543,3556,-96.02399009,-135.863678,-71.73884583
178,3566,3559,3573,-101.8159116,-142.7502289,-54.65071869
179,3588.5,3582,3595,-88.15017836,-108.4729309,-60.48069382
180,3611,3604,3618,-106.8506666,-171.9177246,-53.27780151
181,3627.5,3621,3634,-90.89874758,-150.3874512,-42.69238281
182,3650,3643,3657,-101.8658437,-130.4845581,-66.22261047
183,3672.5,3666,3679,-114.6153739,-193.4596863,-73.15071106
184,3695,3688,3702,-103.9188159,-132.1720886,-57.02329636
185,3711.5,3705,3718,-108.5127351,-157.1438293,-45.44385529
186,3734,3727,3741,-100.7590042,-168.5593262,-31.06553268
187,3756.5,3750,3763,-107.6812281,-135.3331909,-80.18206787
188,3772.5,3766,3779,-99.45737621,-137.4634247,-58.02424622
189,3795,3788,3802,-100.7859839,-161.3572388,-22.96350288
190,3817.5,3811,3824,-94.33443056,-163.6421509,-23.99949455
191,3840,3833,3847,-109.402164,-167.9694214,-16.83582687
192,3856.5,3850,3863,-98.42671181,-166.8133392,-0.653153181
193,3873,3866,3880,-99.30862147,-140.4624634,-38.27000427
194,3895.5,3889,3902,-109.0050117,-158.6494904,-55.2557869
195,3912,3905,3919,-100.5676834,-131.6972656,-64.62733459
196,3928.5,3922,3935,-92.32514027,-134.3244476,-67.30678558
197,3945,3938,3952,-91.6615003,-126.8800964,-37.69380188
198,3961.5,3955,3968,-94.30494036,-178.0131531,-26.70737457
199,3978,3971,3985,-102.8503155,-178.087204,-12.84765053
200,4000.5,3994,4007,-92.39478329,-138.3313599,-50.47455978
201,4022.5,4016,4029,-96.48001862,-135.3622284,-70.09615326
202,4045,4038,4052,-102.0166316,-139.4836731,-51.79764557
203,4061.5,4055,4068,-100.4056238,-129.3178101,-80.63371277
204,4078,4071,4085,-99.11962891,-144.8912048,-48.51809692
205,4100.5,4094,4107,-99.030159,-150.1567688,-48.79073334
206,4123,4116,4130,-103.5105232,-161.3670959,-45.12261963
207,4145.5,4139,4152,-107.7221353,-160.825119,-38.14583206
208,4162,4155,4169,-99.84194717,-159.9628143,-40.41233063
209,4184.5,4178,4191,-106.0883933,-183.5158691,-30.05584335
210,4201,4194,4208,-111.0449844,-168.92099,-57.91329193
211,4217.5,4211,4224,-103.2068057,-189.9499359,0.224933863
212,4233.5,4227,4240,-103.6065562,-183.2465363,-10.67131424
213,4256,4249,4263,-113.103744,-138.5560303,-69.80615997
214,4272.5,4266,4279,-105.6355139,-139.0696106,-80.68427277
215,4289,4282,4296,-113.5095139,-170.221817,-58.06450653
216,4305.5,4299,4312,-106.9995166,-142.2759399,-63.06762695
217,4322,4315,4329,-104.7713755,-180.087738,-45.25566101
218,4338.5,4332,4345,-104.0932857,-147.4138947,-45.27825546
219,4361,4354,4368,-93.62066689,-168.4398651,0.56509006
220,4383.5,4377,4390,-95.28052957,-144.0938416,-34.77754211
221,4400,4393,4407,-92.79463755,-127.3926849,-76.72793579
222,4416.5,4410,4423,-101.267607,-137.0675201,-53.05747223
223,4439,4432,4446,-100.4302973,-164.9575195,-39.05171967
224,4455.5,4449,4462,-94.08097294,-151.0784454,-40.92593765
225,4471.5,4465,4478,-94.44586304,-164.0911255,-29.39401817
226,4488,4481,4495,-91.28327287,-142.480896,-11.03555012
227,4510.5,4504,4517,-104.6621908,-168.5519409,-0.042957306
228,4533,4526,4540,-88.61157138,-159.66922,-31.01032448
229,4549.5,4543,4556,-103.8799673,-140.6731415,-43.02256775
230,4572,4565,4579,-102.7144808,-136.6669312,-57.35790634
231,4588.5,4582,4595,-101.900475,-156.2575378,-14.12027645
232,4605,4598,4612,-103.6565004,-167.8512268,-14.97057915
233,4627.5,4621,4634,-101.659586,-163.3700409,-32.67303848
234,4650,4643,4657,-96.82196388,-162.0580139,-17.93850899
235,4666.5,4660,4673,-97.6710137,-159.489624,-52.11627579
236,4683,4676,4690,-90.42168427,-142.9735107,-40.52249146
237,4705.5,4699,4712,-90.11442484,-135.1373444,-48.00310135
238,4727.5,4721,4734,-104.9972136,-138.6925964,-87.31134033
239,4744,4737,4751,-110.3138751,-148.7858276,-40.32556534
240,4760.5,4754,4767,-105.6968918,-166.737793,-46.27153778
241,4783,4776,4790,-104.9884377,-174.6159973,-30.10392761
242,4805.5,4799,4812,-105.2033705,-182.469162,-43.61655426
243,4822,4815,4829,-104.4826136,-132.0496216,-48.97556305
244,4844.5,4838,4851,-104.042696,-163.354187,-27.78113556
245,4867,4860,4874,-105.2331561,-152.460022,-53.71146011
246,4883.5,4877,4890,-107.4111203,-146.9122925,-56.64644623
247,4906,4899,4913,-98.17477722,-161.5520325,-45.90419006
248,4922.5,4916,4929,-110.0833985,-151.6963501,-51.24712372
249,4945,4938,4952,-99.10938829,-172.8434753,-15.82631779
250,4961.5,4955,4968,-112.9511092,-185.4596863,-28.68049622
251,4977.5,4971,4984,-110.6536615,-163.701416,-44.08329773
252,5000,4993,5007,-108.9876947,-223.1035767,-3.481306076
253,5016.5,5010,5023,-107.7256606,-151.8021393,-37.34628296
254,5033,5026,5040,-114.2949081,-147.2650146,-73.5594101
255,5049.5,5043,5056,-114.380303,-142.2138977,-69.64611816
256,5072,5065,5079,-122.8131592,-165.8684692,-77.2741394
257,5094.5,5088,5101,-115.0938394,-152.54245,-81.529953
258,5111,5104,5118,-115.5195918,-139.5098877,-88.50333405
259,5127.5,5121,5134,-116.5160239,-140.594635,-88.39875793
260,5150,5143,5157,-117.8428813,-158.4208069,-66.7333374
261,5172.5,5166,5179,-121.1421798,-151.5385284,-93.54841614
262,5194.5,5188,5201,-119.4917608,-155.0787354,-88.0814209
263,5211,5204,5218,-105.3655284,-175.0768738,-34.86570358
264,5227.5,5221,5234,-126.5175509,-206.8444977,-41.82444763
265,5250,5243,5257,-115.1104151,-150.7346191,-76.14002991
266,5266.5,5260,5273,-124.2023642,-168.6518555,-83.37595367
267,5283,5276,5290,-123.1907931,-173.746582,-57.57005692
268,5305.5,5299,5312,-124.1516636,-180.33992,-72.09768677
269,5322,5315,5329,-126.5255597,-170.8660278,-53.72745132
270,5338.5,5332,5345,-123.8068461,-170.9544067,-69.20280457
271,5361,5354,5368,-118.9457967,-163.4463348,-70.94709778
272,5383.5,5377,5390,-102.4621353,-151.9321594,-66.61979675
273,5406,5399,5413,-92.85618477,-153.0393677,-25.16221619
274,5428.5,5422,5435,-105.7260899,-171.5350342,-22.84171295
275,5444.5,5438,5451,-112.0918808,-156.2119446,-59.06111908
276,5467,5460,5474,-118.3481712,-176.8082581,-48.81910324
277,5483.5,5477,5490,-109.910838,-158.4342041,-38.98432922
278,5506,5499,5513,-117.6232783,-196.0447693,-34.11908722
279,5522.5,5516,5529,-108.1000271,-179.7388,-23.64942932
280,5539,5532,5546,-115.8336077,-192.5487976,-27.8241806
281,5555.5,5549,5562,-112.6364487,-168.6719971,-43.96483231
282,5578,5571,5585,-117.0661209,-174.3769989,-65.43888855
283,5594.5,5588,5601,-124.3494775,-155.4052124,-96.71592712
284,5617,5610,5624,-123.1894145,-164.8429565,-91.08535767
285,5639.5,5633,5646,-120.1956989,-186.821991,-79.31062317
286,5662,5655,5669,-127.7340383,-168.0872192,-75.01335144
287,5678.5,5672,5685,-119.1442462,-196.7957153,-26.61864471
288,5694.5,5688,5701,-124.7420093,-207.2840271,-32.39689636
289,5717,5710,5724,-116.4846207,-181.4053802,-51.16738892
290,5739.5,5733,5746,-123.6987637,-171.5240173,-65.35222626
291,5762,5755,5769,-120.1904678,-139.4011993,-99.0958252
292,5784.5,5778,5791,-113.8085741,-137.4681702,-62.63352966
293,5807,5800,5814,-116.8208555,-174.353363,-32.28048706
294,5823.5,5817,5830,-118.6071181,-209.5679321,-54.17382431
295,5846,5839,5853,-125.4997264,-185.1458893,-58.62381744
296,5862.5,5856,5869,-129.2272432,-181.9360657,-98.67376709
297,5879,5872,5886,-122.2692759,-160.3135986,-84.07435608
298,5895.5,5889,5902,-131.4137551,-190.5558014,-67.7996521
299,5912,5905,5919,-123.6761506,-193.6384125,-1.539903641
300,5934.5,5928,5941,-124.8627289,-188.2003326,-56.48169327
301,5950.5,5944,5957,-131.279395,-182.0088959,-64.49003601
302,5973,5966,5980,-128.6076981,-186.6860352,-51.69000626
303,5995.5,5989,6002,-122.7530899,-171.8602295,-56.37852478
304,6018,6011,6025,-122.4091036,-174.6280365,-49.2891655
305,6034.5,6028,6041,-117.6860744,-175.1907959,-61.25806427
306,6051,6044,6058,-119.8343455,-165.8736267,-46.31345367
307,6073.5,6067,6080,-120.3341222,-162.9941101,-50.375
308,6096,6089,6103,-122.9231913,-162.3878021,-60.6492691
309,6112.5,6106,6119,-126.0821964,-173.651535,-69.25224304
310,6129,6122,6136,-125.0939011,-171.3024292,-73.90412903
311,6145.5,6139,6152,-123.5067267,-178.4172974,-38.41334152
312,6167.5,6161,6174,-122.8816926,-186.3973541,-48.30553436
313,6190,6183,6197,-116.862573,-168.1407928,-31.31175232
314,6206.5,6200,6213,-117.4355496,-184.6265106,-68.80143738
315,6229,6222,6236,-126.6679866,-170.0360718,-75.5308075
316,6245.5,6239,6252,-135.6490675,-172.8881531,-94.6100235
317,6268,6261,6275,-131.8043142,-164.8069153,-98.89910889
318,6290.5,6284,6297,-130.2137702,-173.5677795,-81.09426117
319,6313,6306,6320,-130.2698949,-180.5027924,-67.25154114
320,6329.5,6323,6336,-127.4761513,-192.1743774,-46.4146347
321,6352,6345,6359,-131.7015584,-186.3110962,-89.22274017
322,6368.5,6362,6375,-140.5659201,-187.3283997,-72.9254303
323,6391,6384,6398,-136.0646108,-199.3595581,-78.17208862
324,6407.5,6401,6414,-128.640074,-194.2323151,-76.26569366
325,6423.5,6417,6430,-130.9413142,-178.4739075,-81.87969208
326,6446,6439,6453,-146.1925761,-182.217926,-95.04650879
327,6468.5,6462,6475,-145.1511759,-170.4372253,-112.3692017
328,6491,6484,6498,-144.5559474,-162.0990906,-118.0306168
329,6513.5,6507,6520,-140.5180097,-175.9217987,-110.6109161
330,6536,6529,6543,-141.1712077,-178.1231689,-122.5112991
331,6552.5,6546,6559,-149.0377137,-189.6864319,-104.2949524
332,6575,6568,6582,-138.8910243,-194.6999512,-68.87576294
333,6597.5,6591,6604,-148.305533,-204.7421875,-55.97044754
334,6620,6613,6627,-138.0749318,-170.5644836,-81.75030518
335,6642.5,6636,6649,-143.4818982,-211.8138733,-43.44462585
336,6665,6658,6672,-139.5148717,-213.276001,-51.7979126
337,6687.5,6681,6694,-143.8812891,-210.0008545,-59.26555252
338,6703.5,6697,6710,-145.7059026,-190.628479,-109.2185669
339,6726,6719,6733,-149.5901647,-188.8146973,-116.1393738
340,6748.5,6742,6755,-157.1384163,-186.1477966,-113.884407
341,6771,6764,6778,-151.259171,-197.5416107,-108.9616241
342,6793.5,6787,6800,-143.4427343,-216.8351746,-93.6688385
343,6810,6803,6817,-152.4886536,-218.3484497,-75.76335144
344,6832.5,6826,6839,-139.9795777,-198.5306702,-82.09811401
345,6849,6842,6856,-146.6960561,-217.5613403,-72.4172821
346,6871.5,6865,6878,-158.5118713,-187.1526794,-134.9210205
347,6894,6887,6901,-147.4636892,-168.5858765,-117.9717712
348,6916.5,6910,6923,-144.7234884,-173.3951416,-109.7435074
349,6933,6926,6940,-148.7452215,-190.0196838,-101.5950928
350,6955.5,6949,6962,-148.1909812,-182.7586975,-116.1363678
351,6977.5,6971,6984,-146.1618587,-173.8985901,-104.4121552
352,6994,6987,7001,-146.2359736,-171.1643677,-118.1300354
353,7010.5,7004,7017,-147.1350577,-164.7775726,-128.2309875
354,7027,7020,7034,-151.6675822,-185.1519165,-123.1542053
355,7049.5,7043,7056,-149.7530207,-187.4880371,-110.3020859
356,7072,7065,7079,-147.5165431,-209.6264648,-80.10453796
357,7094.5,7088,7101,-145.1033968,-230.7795715,-57.97041321
358,7117,7110,7124,-142.3013835,-204.7431488,-73.02250671
359,7133.5,7127,7140,-147.0282977,-209.1074829,-61.87347031
360,7156,7149,7163,-150.429893,-213.2813721,-56.9499588
361,7172.5,7166,7179,-148.4036674,-214.8421021,-68.27983856
362,7188.5,7182,7195,-154.6893817,-205.3243408,-105.002594
363,7205,7198,7212,-154.2482234,-213.054718,-101.8165894
364,7227.5,7221,7234,-146.4114026,-216.9963989,-68.69152832
365,7250,7243,7257,-153.1755839,-178.5050964,-128.9370117
366,7266.5,7260,7273,-152.5952377,-178.7438049,-129.280365
367,7289,7282,7296,-150.8698629,-210.1965485,-89.35267639
368,7311.5,7305,7318,-155.4699723,-210.7254944,-75.22612
369,7334,7327,7341,-152.4619802,-215.6907349,-71.55593872
370,7356.5,7350,7363,-143.7933055,-224.0913696,-43.19041443
371,7373,7366,7380,-150.7814987,-200.0515442,-84.22083282
372,7395.5,7389,7402,-147.0388696,-204.410141,-89.71046448
373,7412,7405,7419,-150.9566518,-194.3363495,-98.94316101
374,7434.5,7428,7441,-155.8463494,-183.860321,-129.1399536
375,7450.5,7444,7457,-162.6829758,-183.3809052,-144.6209412
376,7467,7460,7474,-153.7563995,-193.9264221,-91.31726074
377,7483.5,7477,7490,-149.3783166,-218.6000366,-45.4058609
378,7506,7499,7513,-155.5831457,-230.7874756,-65.16983032
379,7528.5,7522,7535,-159.7844898,-220.3782501,-93.86056519
380,7551,7544,7558,-155.2018682,-188.8735046,-104.2130508
381,7567.5,7561,7574,-163.4590263,-194.528717,-121.646553
382,7590,7583,7597,-163.2111547,-208.2316742,-113.2794952
383,7606.5,7600,7613,-164.5567267,-194.8822784,-146.4989471
384,7629,7622,7636,-175.3143046,-197.0486755,-153.2588806
385,7651.5,7645,7658,-163.2190377,-185.147583,-145.4641724
386,7668,7667,7669,-186.1656647,-195.4671631,-180.0968628
387,51.5,45,58,-164.0819898,-199.7171326,-117.1245956
388,73.5,67,80,-167.8648409,-200.1450195,-120.0364532
389,96,89,103,-168.5618006,-208.8659058,-110.0019684
390,118.5,112,125,-169.023243,-224.4980011,-83.18920135
391,141,134,148,-171.8156738,-233.525177,-105.0924377
392,163.5,157,170,-162.8097027,-222.3295593,-94.72058105
393,186,179,193,-168.0882619,-213.8038635,-112.5612869
394,208.5,202,215,-173.5725545,-194.7456818,-149.8292542
395,231,224,238,-173.6410868,-193.0937042,-140.7095032
396,253.5,247,260,-174.5174702,-204.57724,-136.2207031
397,276,269,283,-169.1661825,-187.7316284,-140.8694458
398,298.5,292,305,-169.4802464,-203.6540222,-137.1515503
399,321,314,328,-169.1031728,-198.1941528,-145.163208
400,343.5,337,350,-177.386964,-202.2284241,-141.075592
401,365.5,359,372,-182.0499131,-231.2447205,-126.093895
402,388,381,395,-172.1577881,-244.0505676,-98.20030212
403,410.5,404,417,-168.8608093,-220.171402,-119.5853577
404,433,426,440,-175.6077189,-233.473053,-105.5427551
405,455.5,449,462,-162.6934787,-247.734024,-48.35269165
406,478,471,485,-173.3333125,-237.0786438,-85.37957001
407,500.5,494,507,-169.2040531,-253.4786072,-78.15945435
408,523,516,530,-170.6709707,-221.0362854,-99.97523499
409,545.5,539,552,-168.819749,-196.0123596,-140.9710693
410,568,561,575,-175.5004745,-221.723877,-117.3897171
411,590.5,584,597,-182.6334555,-217.0393982,-133.8800659
412,612.5,606,619,-181.2660435,-200.5122681,-155.376358
413,635,628,642,-180.8868164,-212.1387787,-154.8801422
414,657.5,651,664,-181.8045938,-218.9728394,-152.9416504
415,680,673,687,-182.5331401,-224.3223114,-134.0313568
416,702.5,696,709,-179.2992085,-204.7319183,-151.916626
417,725,718,732,-182.6711151,-199.4641418,-159.0345001
418,747.5,741,754,-184.549154,-213.7946014,-154.184433
419,770,763,777,-183.4385763,-227.8713989,-146.8286438
420,792.5,786,799,-179.2383423,-225.8046265,-129.3532104
421,815,808,822,-185.8688395,-226.2999878,-146.1595459
422,837.5,831,844,-181.2641046,-212.1734924,-140.5402679
423,860,853,867,-185.0262512,-225.2502136,-128.0999756
424,882.5,876,889,-192.0856056,-248.8283386,-126.1894989
425,904.5,898,911,-186.748158,-264.6512451,-114.7140198
426,927,920,934,-187.1799327,-240.2750854,-120.2995758
427,949.5,943,956,-187.320815,-222.8145294,-149.6928101
428,972,965,979,-190.2813029,-258.0372314,-120.9674072
429,994.5,988,1001,-200.3980702,-260.5642395,-104.2484589
430,1017,1010,1024,-190.4526103,-247.8302765,-127.5730743
431,1039.5,1033,1046,-193.0432903,-236.5657654,-160.3926086
432,1062,1055,1069,-185.441865,-222.7210083,-153.4918671
433,1084.5,1078,1091,-187.8758349,-242.8368683,-107.3430786
434,1107,1100,1114,-182.2490489,-227.3365173,-133.4977722
435,1129.5,1123,1136,-187.947179,-249.260376,-99.16183472
436,1152,1145,1159,-193.3521118,-255.5308685,-105.930191
437,1174.5,1168,1181,-193.5845975,-281.1096191,-122.7022934
438,1196.5,1190,1203,-191.2155751,-221.2512512,-155.4728088
439,1219,1212,1226,-192.0051554,-227.962326,-166.1161499
440,1241.5,1235,1248,-187.1882564,-231.3854218,-134.8143616
441,1264,1257,1271,-189.8931636,-247.2135773,-111.3726044
442,1286.5,1280,1293,-194.0655877,-261.0639954,-149.4022369
443,1309,1302,1316,-194.5441772,-230.1796112,-147.6794281
444,1331.5,1325,1338,-199.592707,-222.7015228,-162.2689209
445,1354,1347,1361,-203.5006958,-243.033844,-161.5978241
446,1376.5,1370,1383,-202.6549377,-237.5936737,-167.465271
447,1399,1392,1406,-194.333019,-227.3716583,-154.3507996
448,1421.5,1415,1428,-208.1092028,-260.3546753,-134.6613007
449,1444,1437,1451,-196.5442912,-270.0866699,-97.14888763
450,1466.5,1460,1473,-188.6490914,-268.7000732,-114.8323212
451,1488.5,1482,1495,-189.0223923,-245.3582611,-137.5274963
452,1511,1504,1518,-193.6656169,-234.0075684,-153.4881592
453,1533.5,1527,1540,-197.5317219,-248.430481,-137.2478943
454,1556,1549,1563,-195.2355764,-246.0359192,-128.3250732
455,1578.5,1572,1585,-204.4884676,-241.2867432,-154.697998
456,1601,1594,1608,-196.3827586,-252.8071899,-127.9441376
457,1623.5,1617,1630,-187.0303879,-240.4988861,-126.6100006
458,1646,1639,1653,-200.9612544,-274.6802979,-98.62593842
459,1668.5,1662,1675,-196.3609483,-273.0532837,-111.5343094
460,1691,1684,1698,-198.5183634,-251.422226,-136.915741
461,1713.5,1707,1720,-192.2239761,-242.0758667,-158.694809
462,1735.5,1729,1742,-205.7603683,-246.0962982,-167.546463
463,1758,1751,1765,-201.4472432,-222.9728394,-156.6314545
464,1780.5,1774,1787,-213.7638168,-239.190918,-188.1352844
465,1803,1796,1810,-214.814504,-242.9200134,-191.0896912
466,1825.5,1819,1832,-209.0705937,-248.8121948,-150.0784607
467,1848,1841,1855,-209.1137431,-264.8123169,-155.7702942
468,1870.5,1864,1877,-192.7784457,-255.2012177,-132.5193481
469,1893,1886,1900,-207.8313833,-280.2485352,-137.4805603
470,1915.5,1909,1922,-216.0217187,-259.0644531,-165.7090149
471,1938,1931,1945,-209.2835815,-226.4911804,-176.8704071
472,1960.5,1954,1967,-212.5973467,-258.3084106,-160.9201965
473,1983,1976,1990,-209.5180339,-259.7235107,-138.3340149
474,2005.5,1999,2012,-216.3887373,-263.4143066,-150.8141479
475,2027.5,2021,2034,-213.7067838,-256.9485474,-134.688446
476,2050,2043,2057,-217.6449687,-260.3992615,-161.1109161
477,2072.5,2066,2079,-211.57101,-273.4927063,-149.1973267
478,2095,2088,2102,-218.4887767,-262.3551025,-175.4646912
479,2117.5,2111,2124,-215.4822856,-244.5906982,-195.6914215
480,2140,2133,2147,-213.7196665,-240.224884,-186.4397278
481,2162.5,2156,2169,-213.9887793,-243.8471222,-156.4981995
482,2185,2178,2192,-218.1468424,-260.9680176,-175.7408142
483,2207.5,2201,2214,-209.6030524,-271.5971069,-140.3241577
484,2230,2223,2237,-195.5145416,-258.3059082,-113.9557343
485,2252.5,2246,2259,-210.8109185,-263.7836304,-138.7176971
486,2275,2268,2282,-208.1598806,-268.315918,-139.4002075
487,2297.5,2291,2304,-212.6580811,-252.5269165,-163.6768494
488,2319.5,2313,2326,-208.741333,-235.2678528,-175.2316589
489,2342,2335,2349,-217.726061,-239.9019318,-193.7470093
490,2364.5,2358,2371,-219.3880016,-270.7306519,-178.3307495
491,2387,2380,2394,-226.598173,-261.9192505,-202.9389648
492,2409.5,2403,2416,-223.3756474,-249.459198,-193.152771
493,2432,2425,2439,-226.9975525,-240.8323669,-199.776123
494,2454.5,2448,2461,-224.4583381,-253.0082397,-197.7321472
495,2477,2470,2484,-226.8861552,-267.8670654,-201.4445648
496,2499.5,2493,2506,-222.5509992,-267.1059875,-180.3694458
497,2522,2515,2529,-225.9338511,-256.4244995,-185.0390472
498,2544.5,2538,2551,-226.3325163,-262.567627,-161.0742798
499,2567,2560,2574,-222.7795471,-292.7026062,-142.1551056
500,2589.5,2583,2596,-210.4356689,-289.4592285,-114.9412537
501,2611.5,2605,2618,-212.6042906,-267.5356445,-128.733429
502,2634,2627,2641,-218.8088674,-272.0714722,-184.7353973
503,2656.5,2650,2663,-220.6792701,-267.5371704,-173.0539551
504,2679,2672,2686,-228.437914,-260.9985962,-202.6322021
505,2701.5,2695,2708,-230.591604,-250.1569519,-214.2131805
506,2724,2717,2731,-230.095518,-253.9363708,-192.5460815
507,2746.5,2740,2753,-234.5081853,-264.9046631,-187.9628601
508,2769,2762,2776,-231.1441172,-245.4965515,-209.608017
509,2791.5,2785,2798,-226.1141412,-253.8126984,-186.8933716
510,2814,2807,2821,-229.6525808,-277.0274353,-177.1484528
511,2836.5,2830,2843,-227.8972015,-274.2243652,-178.1278839
512,2858.5,2852,2865,-225.3514426,-291.0386963,-170.9537048
513,2881,2874,2888,-220.1332703,-267.3724365,-158.7752686
514,2903.5,2897,2910,-232.2127386,-282.7716064,-127.9163895
515,2926,2919,2933,-218.4482157,-268.2977295,-150.080246
516,2948.5,2942,2955,-217.0005678,-254.1555176,-161.4241943
517,2971,2964,2978,-215.7139537,-266.5490723,-161.62854
518,2993.5,2987,3000,-227.5877042,-263.0342407,-168.1530151
519,3016,3009,3023,-220.1104197,-296.9120178,-130.4318695
520,3038.5,3032,3045,-221.0306451,-282.6295776,-144.5484314
521,3061,3054,3068,-225.2052216,-281.2658997,-159.3621063
522,3083.5,3077,3090,-229.8979002,-285.0403442,-137.218811
523,3106,3099,3113,-223.1227356,-290.3738708,-148.225174
524,3128.5,3122,3135,-214.1753311,-268.789917,-176.0154419
525,3150.5,3144,3157,-216.1730663,-258.1332092,-160.9255676
526,3173,3166,3180,-230.780129,-263.586731,-196.8908997
527,3195.5,3189,3202,-220.8382241,-263.0202637,-165.6461792
528,3218,3211,3225,-222.0856761,-258.8358154,-182.5408936
529,3240.5,3234,3247,-235.0572695,-297.2819214,-145.6658325
530,3263,3256,3270,-230.3710938,-273.5469666,-155.4745026
531,3285.5,3279,3292,-216.2647858,-261.2398376,-150.2475891
532,3308,3301,3315,-223.1831818,-246.5548401,-180.6752167
533,3330.5,3324,3337,-231.2058694,-249.0063171,-210.9242859
534,3353,3346,3360,-234.8518646,-289.8724976,-180.9709167
535,3375.5,3369,3382,-228.9598977,-264.0361328,-183.9801331
536,3398,3391,3405,-233.0899048,-255.595871,-209.5856171
537,3420.5,3414,3427,-237.042111,-261.8714294,-218.8475342
538,3442.5,3436,3449,-228.0992061,-242.5789032,-212.0825806
539,3465,3458,3472,-229.264977,-260.4544983,-198.7299347
540,3487.5,3481,3494,-227.9956796,-284.2865601,-166.7014465
541,3510,3503,3517,-213.8706696,-273.6401672,-145.8921661
542,3532.5,3526,3539,-227.2270115,-278.5245056,-135.0560913
543,3555,3548,3562,-200.4869634,-272.4368286,-125.6259842
544,3577.5,3571,3584,-217.0806623,-265.792572,-122.7956238
545,3600,3593,3607,-205.4530874,-267.1207581,-118.1910858
546,3622.5,3616,3629,-220.3500039,-268.3378906,-151.3816681
547,3645,3638,3652,-224.5139333,-258.0264893,-194.9594727
548,3667.5,3661,3674,-218.4910812,-239.7969971,-196.5386658
549,3690,3683,3697,-229.7851023,-247.5438995,-215.6689758
550,3712.5,3706,3719,-235.9508612,-261.1587524,-201.6085968
551,3734.5,3728,3741,-227.9264635,-261.9111328,-199.5340576
552,3757,3750,3764,-230.9214244,-265.5448608,-205.4057617
553,3779.5,3773,3786,-231.9636786,-265.2612,-198.7773895
554,3802,3795,3809,-237.4552368,-264.1543579,-218.9246826
555,3824.5,3818,3831,-235.8595428,-263.4346924,-205.6284637
556,3847,3840,3854,-222.4860636,-240.2238159,-200.2971191
557,3869.5,3863,3876,-231.9505866,-254.0504456,-213.9646912
558,3892,3885,3899,-238.198052,-261.3400269,-205.2760925
559,3914.5,3908,3921,-232.8918326,-250.3363953,-219.1798553
560,3937,3930,3944,-207.0254527,-256.0213623,-120.8959045
561,3959.5,3953,3966,-120.5088403,-157.5708466,-79.12484741
562,3981.5,3975,3988,-138.4117121,-204.1612396,-82.56687927
563,4004,3997,4011,-193.9940979,-256.5988159,-102.2015457
564,4026.5,4020,4033,-200.3656049,-261.5424194,-130.1474304
565,4049,4042,4056,-194.7579834,-261.5867004,-118.1056213
566,4071.5,4065,4078,-199.749515,-253.8234253,-134.6584473
567,4094,4087,4101,-201.1037486,-259.7736206,-131.768219
568,4116.5,4110,4123,-212.5737599,-264.5428772,-158.497879
569,4139,4132,4146,-213.9529266,-247.9018555,-175.9724426
570,4161.5,4155,4168,-214.1591437,-247.1665497,-159.7763672
571,4184,4177,4191,-216.2670095,-259.1836243,-170.814682
572,4206.5,4200,4213,-217.1659927,-245.3307953,-166.0870361
573,4229,4222,4236,-216.0384705,-243.139801,-174.3362427
574,4251.5,4245,4258,-206.9261627,-254.2462158,-169.8625946
575,4273.5,4267,4280,-198.3799646,-272.0847778,-103.2256622
576,4296,4289,4303,-212.9238546,-284.0733032,-131.2089233
577,4318.5,4312,4325,-207.2895181,-283.9092102,-92.31213379
578,4341,4334,4348,-208.5734426,-283.8492126,-101.7883682
579,4363.5,4357,4370,-232.0928661,-293.5255432,-169.5388184
580,4386,4379,4393,-214.8361237,-261.3922119,-163.3298798
581,4408.5,4402,4415,-139.1623552,-231.6004944,-60.67815399
582,4431,4424,4438,-137.2918533,-179.709671,-76.55897522
583,4453.5,4447,4460,-184.1098077,-216.9304657,-133.574646
584,4476,4469,4483,-196.3832204,-250.6170654,-161.9534607
585,4498.5,4492,4505,-210.7153004,-242.2954865,-174.6401672
586,4521,4514,4528,-206.9745544,-248.8208466,-154.1132813
587,4543.5,4537,4550,-197.3715788,-239.3219757,-165.228714
588,4565.5,4559,4572,-197.1741202,-261.2384338,-155.8525696
589,4588,4581,4595,-210.2560649,-250.5955353,-169.0583801
590,4610.5,4604,4617,-211.5948813,-241.5115814,-158.1213684
591,4633,4626,4640,-125.3052643,-153.9447327,-84.21031189
592,4655.5,4649,4662,-137.1360125,-199.6893311,-84.29292297
593,4678,4671,4685,-159.1915827,-214.6938782,-100.8331146
594,4700.5,4694,4707,-160.0582858,-217.245575,-101.9802246
595,4723,4716,4730,-159.637468,-216.9775085,-98.17948914
596,4745.5,4739,4752,-154.0146675,-202.4249573,-113.5223541
597,4768,4761,4775,-188.1916219,-227.4776306,-123.1979065
598,4790.5,4784,4797,-204.034983,-224.4923706,-188.1439209
599,4813,4806,4820,-209.6090017,-245.8779449,-165.8759308
600,4835.5,4829,4842,-183.6821235,-242.1812744,-118.4845047
601,4857.5,4851,4864,-197.1660625,-237.9866028,-162.8546143
602,4880,4873,4887,-205.4674856,-254.4790497,-161.3455505
603,4902.5,4896,4909,-212.7731988,-251.4815979,-169.9776764
604,4925,4918,4932,-201.6821574,-262.7426758,-131.5058136
605,4947.5,4941,4954,-126.9303376,-177.809433,-85.2676239
606,4970,4963,4977,-164.9933919,-194.6219025,-125.2143707
607,4992.5,4986,4999,-200.0416423,-218.8086243,-168.5381317
608,5015,5008,5022,-200.3280874,-241.2785492,-171.2940369
609,5037.5,5031,5044,-135.3096564,-160.733551,-105.1146393
610,5060,5053,5067,-155.8844777,-224.0411224,-86.83911133
611,5082.5,5076,5089,-184.1046971,-238.5544128,-114.6119843
612,5104.5,5098,5111,-159.2569782,-225.8259888,-93.37104797
613,5127,5120,5134,-173.192512,-239.7700195,-103.2179794
614,5149.5,5143,5156,-176.1715709,-222.3769073,-103.3253632
615,5172,5165,5179,-194.4978861,-237.731308,-137.4217224
616,5194.5,5188,5201,-196.2931159,-244.8956909,-149.5080261
617,5217,5210,5224,-177.0442703,-234.6924438,-92.05979919
618,5239.5,5233,5246,-151.5382238,-189.6829834,-102.033432
619,5262,5255,5269,-163.8181005,-198.8545227,-108.3417664
620,5284.5,5278,5291,-183.5448772,-231.8522644,-127.8567963
621,5307,5300,5314,-169.6949432,-218.6061707,-136.8910217
622,5329.5,5323,5336,-166.1086546,-200.2915955,-140.1075897
623,5352,5345,5359,-175.181662,-210.0928192,-134.6770935
624,5374.5,5368,5381,-172.593598,-237.883728,-112.1893158
625,5396.5,5390,5403,-170.3157926,-237.2179871,-104.5268555
626,5419,5412,5426,-159.0461767,-221.7494812,-80.91635132
627,5441.5,5435,5448,-176.0760585,-202.2963867,-147.110199
628,5464,5457,5471,-175.038238,-215.3190765,-100.7184753
629,5486.5,5480,5493,-178.231175,-213.0758972,-126.734436
630,5509,5502,5516,-172.114267,-201.5278625,-147.5673523
631,5531.5,5525,5538,-191.8767657,-212.5649414,-150.8579712
632,5554,5547,5561,-161.2983968,-227.4469299,-95.88653564
633,5576.5,5570,5583,-183.3323528,-224.9505615,-136.3302002
634,5599,5592,5606,-182.8436462,-222.3451843,-135.784317
635,5621.5,5615,5628,-164.2145942,-209.4660187,-109.5430145
636,5644,5637,5651,-181.6990031,-215.983078,-150.5273132
637,5666.5,5660,5673,-173.5418085,-225.3387909,-109.7221146
638,5688.5,5682,5695,-186.5477186,-222.1791229,-136.2371826
639,5711,5704,5718,-183.8891632,-236.2232361,-117.4978714
640,5733.5,5727,5740,-172.0884617,-212.0550232,-116.2857361
641,5756,5749,5763,-168.5621958,-208.4931335,-144.934433
642,5778.5,5772,5785,-175.340368,-210.5758057,-129.3388367
643,5801,5794,5808,-175.4538513,-225.9663086,-126.4276428
644,5823.5,5817,5830,-183.2997589,-236.6347656,-136.5354004
645,5846,5839,5853,-183.9213501,-208.1837311,-158.2721863
646,5868.5,5862,5875,-179.8577543,-204.5509949,-160.0266113
647,5891,5884,5898,-180.0723745,-220.2407074,-147.2073669
648,5913.5,5907,5920,-187.3286961,-229.7693481,-140.9341125
649,5936,5929,5943,-179.758136,-214.0967102,-149.3666534
650,5958.5,5952,5965,-177.7594953,-210.6433716,-129.055542
651,5980.5,5974,5987,-179.0821778,-228.2939148,-125.6982956
652,6003,5996,6010,-187.2355367,-224.8061371,-137.3401489
653,6025.5,6019,6032,-192.0445889,-244.1485596,-126.6223221
654,6048,6041,6055,-177.670135,-250.6795807,-94.66207123
655,6070.5,6064,6077,-166.6754603,-247.1125336,-100.9556122
656,6093,6086,6100,-179.465508,-227.6937256,-128.3796844
657,6115.5,6109,6122,-181.29702,-232.0854492,-129.8477173
658,6138,6131,6145,-179.1925313,-220.3556824,-121.3508759
659,6160.5,6154,6167,-183.7425188,-235.2957153,-138.9031677
660,6183,6176,6190,-184.348171,-217.8482819,-127.9477386
661,6205.5,6199,6212,-183.9515664,-205.9979858,-163.181839
662,6227.5,6221,6234,-187.3267463,-226.0446167,-150.1813812
663,6250,6243,6257,-185.4865641,-234.0263367,-132.0759583
664,6272.5,6266,6279,-176.8500295,-220.8084717,-125.3250961
665,6295,6288,6302,-181.811795,-238.0530548,-133.3504944
666,6317.5,6311,6324,-200.1795306,-242.5609283,-145.1278076
667,6340,6333,6347,-176.2202845,-223.3366089,-120.8041153
668,6362.5,6356,6369,-186.4421703,-201.555069,-166.0878906
669,6385,6378,6392,-194.5020345,-226.9708405,-156.994751
670,6407.5,6401,6414,-184.6511416,-208.9781799,-158.9236145
671,6430,6423,6437,-188.1113322,-212.8190918,-162.5978394
672,6452.5,6446,6459,-195.7564087,-212.4503784,-167.8546448
673,6475,6468,6482,-187.9445485,-218.5467377,-148.5812378
674,6497.5,6491,6504,-195.1986978,-215.4225464,-173.6590881
675,6519.5,6513,6526,-197.1392691,-219.0919189,-185.4277802
676,6542,6535,6549,-195.140685,-239.8401184,-156.1608734
677,6564.5,6558,6571,-180.8163169,-217.4381256,-138.9692535
678,6587,6580,6594,-193.8581909,-230.0283508,-163.0915527
679,6609.5,6603,6616,-198.175742,-222.3466492,-172.039032
680,6632,6625,6639,-206.4414815,-231.7606964,-169.6544037
681,6654.5,6648,6661,-191.5066485,-240.1029816,-153.30159
682,6677,6670,6684,-195.2089437,-228.1238098,-147.830368
683,6699.5,6693,6706,-196.9509909,-217.0087891,-150.7479858
684,6722,6715,6729,-184.2892782,-226.592041,-151.79422
685,6744.5,6738,6751,-204.0080457,-246.4696503,-162.9638062
686,6767,6760,6774,-199.2623922,-263.5278931,-150.6282043
687,6789.5,6783,6796,-194.8243888,-257.428772,-128.4327087
688,6811.5,6805,6818,-184.7883808,-235.1581116,-120.5409698
689,6834,6827,6841,-177.8921682,-226.4637604,-101.3882141
690,6856.5,6850,6863,-180.7884783,-232.8161011,-136.4451904
691,6879,6872,6886,-187.886613,-247.5640717,-140.4909058
692,6901.5,6895,6908,-186.5070888,-254.2781067,-128.9669495
693,6924,6917,6931,-191.162765,-252.6116791,-118.180336
694,6946.5,6940,6953,-183.1711873,-238.2003479,-130.8347168
695,6969,6962,6976,-185.7941121,-212.7487183,-158.9846191
696,6991.5,6985,6998,-198.0272293,-228.0228271,-148.5793457
697,7014,7007,7021,-205.2414622,-237.513504,-163.2362976
698,7036.5,7030,7043,-193.2246552,-230.823349,-163.8272705
699,7059,7052,7066,-200.3791819,-244.6678467,-166.6116638
700,7081.5,7075,7088,-198.0336663,-224.761322,-156.2575684
701,7103.5,7097,7110,-193.9620056,-228.7063751,-163.4350739
702,7126,7119,7133,-194.0839172,-227.1728821,-159.4111328
703,7148.5,7142,7155,-204.6154851,-242.2814026,-163.4908752
704,7171,7164,7178,-193.8084025,-235.3860168,-153.7411041
705,7193.5,7187,7200,-198.7273265,-221.0273438,-150.5467834
706,7216,7209,7223,-196.3977315,-226.2919312,-174.3657074
707,7238.5,7232,7245,-206.7288513,-248.0224304,-167.9156647
708,7261,7254,7268,-196.4202169,-238.2933044,-160.884552
709,7283.5,7277,7290,-195.8583712,-241.4342651,-146.7030334
710,7306,7299,7313,-205.039094,-245.9514771,-156.7605743
711,7328.5,7322,7335,-206.0884258,-255.4126434,-155.6116943
712,7350.5,7344,7357,-198.2066116,-244.5164185,-161.9069214
713,7373,7366,7380,-207.0529083,-252.0006409,-169.9603577
714,7395.5,7389,7402,-211.6986378,-259.652771,-142.536438
715,7418,7411,7425,-207.9847697,-241.467926,-164.827301
716,7440.5,7434,7447,-206.2175631,-235.4149933,-170.4753113
717,7463,7456,7470,-200.7829244,-231.2396088,-182.3475647
718,7485.5,7479,7492,-216.529492,-270.2598877,-175.8849945
719,7508,7501,7515,-199.4671865,-264.8036499,-134.9546051
720,7530.5,7524,7537,-201.7288284,-269.4071655,-134.2773438
721,7553,7546,7560,-199.2160497,-258.9153748,-126.1417465
722,7575.5,7569,7582,-206.072998,-247.802124,-156.7099762
723,7598,7591,7605,-211.0025472,-246.0512543,-177.0092468
724,7620.5,7614,7627,-201.6905681,-248.0237122,-151.2513428
725,7642.5,7636,7649,-214.2664206,-257.0297852,-167.8171387
726,7665,7658,7672,-213.0113454,-257.3294067,-158.6395874
727,7687.5,7681,7694,-203.7084558,-235.8063965,-172.5159454
728,7710,7703,7717,-217.4753459,-251.1784363,-167.6625366
729,7732.5,7726,7739,-201.5553534,-229.6900024,-169.5319824
730,7755,7748,7762,-203.8634939,-236.6348877,-159.2215118
731,7777.5,7771,7784,-216.0781479,-236.1763763,-180.4872589
732,7800,7793,7807,-213.7109996,-235.6761169,-182.463623
733,7822.5,7816,7829,-221.2226682,-246.338028,-178.5809021
734,7845,7838,7852,-213.198351,-255.582428,-164.2299194
735,7867.5,7861,7874,-215.7428785,-239.5051422,-196.8058929
736,7890,7883,7897,-204.568158,-236.5123901,-170.9720154
737,7912.5,7906,7919,-207.0752618,-242.6147003,-167.8230286
738,7934.5,7928,7941,-210.3137883,-224.7935181,-179.9681091
739,7957,7950,7964,-203.859963,-250.7562866,-164.4661865
740,7979.5,7973,7986,-212.3642698,-240.4205627,-178.3041382
741,8002,7995,8009,-207.4604991,-259.9544067,-147.7634583
742,8024.5,8018,8031,-212.9768971,-253.322998,-152.1074066
743,8047,8040,8054,-220.1940338,-257.3505859,-159.2676544
744,8069.5,8063,8076,-217.1667317,-241.3299255,-179.7088013
745,8092,8085,8099,-217.4124196,-240.7313232,-194.0347595
746,8114.5,8108,8121,-221.6358032,-274.0102844,-178.3549042
747,8137,8130,8144,-214.0348704,-251.008194,-180.2285156
748,8159.5,8153,8166,-219.7063675,-250.0591431,-169.4179382
749,8182,8175,8189,-217.4617126,-235.575119,-205.1270599
750,6.5,0,13,-223.1099145,-261.7666321,-194.1413269
751,28.5,22,35,-207.7621307,-253.0111694,-155.8151245
752,45,38,52,-219.3602386,-257.3207397,-179.0031128
753,61.5,55,68,-221.8852267,-254.6979675,-183.664856
754,78,71,85,-220.0507355,-275.9492798,-151.7719116
755,94.5,88,101,-209.3173234,-279.2588501,-121.9169388
756,111,104,118,-188.5274841,-255.5902557,-110.8426819
757,127.5,121,134,-202.5362451,-259.6141357,-114.9090576
758,144,137,151,-198.8514486,-248.2689209,-146.689209
759,160.5,154,167,-206.8211234,-250.9753418,-144.1598358
760,177,170,184,-207.9944112,-283.8745728,-105.2997284
761,199.5,193,206,-200.193985,-265.112793,-139.2275085
762,215.5,209,222,-200.6931937,-249.8833923,-141.1167908
763,232,225,239,-199.94988,-273.1519775,-135.1931458
764,248.5,242,255,-191.6386839,-250.1808472,-135.4849243
765,265,258,272,-207.2435018,-241.0917511,-155.4589539
766,281.5,275,288,-215.2197222,-235.8646698,-192.6781006
767,298,291,305,-216.011791,-245.517334,-189.996582
768,314.5,308,321,-225.6172376,-246.9376068,-205.577179
769,331,324,338,-223.6190379,-259.0803528,-194.2815552
770,347.5,341,354,-215.1216496,-252.7284241,-156.4356232
771,370,363,377,-212.6610789,-236.7081604,-174.3618622
772,386.5,380,393,-228.7250519,-264.8395386,-178.1761475
773,403,396,410,-219.1044047,-243.3664551,-181.6494751
774,419.5,413,426,-227.0972595,-255.4801483,-189.7688293
775,435.5,429,442,-223.039578,-245.9053192,-196.0063171
776,452,445,459,-213.2152924,-265.6846008,-158.6566162
777,468.5,462,475,-224.9651925,-265.8788147,-165.3339233
778,485,478,492,-213.8953623,-264.5639648,-168.0609589
779,501.5,495,508,-222.0101242,-263.6636353,-189.3517761
780,518,511,525,-226.3576609,-246.3149719,-205.6005859
781,540.5,534,547,-233.2098923,-249.6541443,-222.1956329
782,557,550,564,-232.1278219,-255.5550385,-208.7137756
783,573.5,567,580,-235.12717,-259.2192993,-207.0933685
784,590,583,597,-237.0295664,-265.5996704,-201.8320007
785,606.5,600,613,-234.2115457,-277.9427185,-175.8034973
786,623,616,630,-230.694754,-261.2409973,-194.104126
787,639.5,633,646,-227.9609953,-273.9426575,-181.8737335
788,655.5,649,662,-218.4960393,-272.604248,-124.4013672
789,672,665,679,-204.6834981,-262.5710449,-140.3876038
790,688.5,682,695,-216.1552364,-262.9069824,-165.6008911
791,711,704,718,-207.2263631,-262.2684631,-162.5234528
792,727.5,721,734,-221.0665817,-257.4091797,-180.6809235
793,744,737,751,-222.9407227,-262.2989502,-180.9787292
794,760.5,754,767,-226.2957894,-249.9721069,-179.3475037
795,777,770,784,-221.7097402,-266.8226929,-168.8509827
796,793.5,787,800,-226.7989938,-283.2125854,-155.5769653
797,810,803,817,-221.6462382,-257.604126,-182.8900299
798,826.5,820,833,-217.2365962,-265.6728516,-177.5780945
799,843,836,850,-215.7497701,-279.688324,-150.3052826
800,859.5,853,866,-202.6618287,-267.8991089,-127.8356094
801,881.5,875,888,-220.5538962,-263.7722778,-158.2929077
802,898,891,905,-214.6553965,-262.2366943,-151.540863
803,914.5,908,921,-235.4410128,-269.5393066,-198.6752472
804,931,924,938,-225.3864787,-257.940979,-186.928299
805,947.5,941,954,-229.0056708,-257.9744263,-188.4487
806,964,957,971,-232.8847941,-259.3465881,-194.7863159
807,980.5,974,987,-229.3811297,-286.6228638,-174.7037659
808,997,990,1004,-227.0525482,-274.878418,-176.4522247
809,1013.5,1007,1020,-220.9357267,-281.5646362,-150.7102203
810,1030,1023,1037,-226.5383911,-280.2572021,-142.1751709
811,1052.5,1046,1059,-218.4868001,-280.0538025,-163.7161102
812,1068.5,1062,1075,-229.9784568,-282.0241089,-155.0492096
813,1085,1078,1092,-227.5610606,-260.6390991,-178.0867615
814,1101.5,1095,1108,-236.5672379,-265.5560913,-196.134491
815,1118,1111,1125,-241.0279948,-269.8017578,-209.4178925
816,1134.5,1128,1141,-232.3381468,-267.2553711,-192.4036865
817,1151,1144,1158,-240.252356,-266.0339966,-210.7670746
818,1167.5,1161,1174,-241.7236426,-266.9591675,-203.2711792
819,1184,1177,1191,-237.5851705,-278.3414307,-201.8285522
820,1200.5,1194,1207,-233.7020438,-268.7416382,-204.832962
821,1223,1216,1230,-229.0148783,-266.9594116,-206.9508972
822,1239.5,1233,1246,-223.2071479,-267.4671021,-183.3783875
823,1256,1249,1263,-234.9980784,-285.2861938,-203.646286
824,1272.5,1266,1279,-239.6581432,-281.4974365,-193.6885986
825,1288.5,1282,1295,-231.2068067,-270.8540344,-190.3182068
826,1305,1298,1312,-236.8982432,-288.255127,-171.0544739
827,1321.5,1315,1328,-235.2468621,-293.5836487,-177.9172363
828,1338,1331,1345,-220.5071411,-267.0080566,-166.0766296
829,1354.5,1348,1361,-210.5395628,-251.7731476,-175.381134
830,7,0,14,-238.5980011,-288.7000122,-179.0466614
831,29.5,23,36,-230.421523,-292.4240723,-163.5144653
832,52,45,59,-223.1110026,-291.4949341,-160.465271
833,74.5,68,81,-238.7963464,-283.3475342,-175.8094482
834,97,90,104,-245.8195974,-287.276947,-191.9860229
835,119.5,113,126,-231.3534491,-298.1617432,-177.0474243
836,142,135,149,-237.6000753,-275.2890015,-162.7644348
837,164.5,158,171,-227.5197078,-268.8127747,-187.604599
838,186.5,180,193,-233.3371146,-259.4239197,-202.3153381
839,209,202,216,-250.5882212,-281.2709045,-206.8852234
840,231.5,225,238,-243.3951296,-273.5137939,-217.5093079
841,254,247,261,-251.8295858,-290.3282471,-204.4842834
842,276.5,270,283,-249.7534365,-286.9635315,-207.642746
843,299,292,306,-249.0080526,-311.1551514,-192.718811
844,321.5,315,328,-255.095762,-293.5807495,-202.8418579
845,344,337,351,-258.0673167,-311.7748413,-235.5050964
846,366.5,360,373,-235.3019311,-279.7165222,-198.7982788
847,389,382,396,-250.1367727,-285.7019348,-212.2829895
848,411.5,405,418,-263.2423423,-291.9576721,-215.0429077
849,434,427,441,-261.0335795,-292.4802246,-222.3235474
850,456.5,450,463,-244.860563,-301.4533081,-201.1325684
851,478.5,472,485,-216.6739033,-269.8428345,-149.0703125
852,501,494,508,-246.378244,-279.0786133,-200.650238
853,523.5,517,530,-241.8372988,-271.4502258,-203.6059875
854,546,539,553,-243.3942963,-299.1874695,-187.2740173
855,568.5,562,575,-248.1718151,-281.0142212,-188.7734985
856,591,584,598,-249.4954285,-296.236969,-194.6701965
857,613.5,607,620,-248.1389607,-296.586853,-203.6408386
858,636,629,643,-251.9108877,-306.3083801,-207.9167938
859,658.5,652,665,-263.0242255,-298.2235718,-212.115097
860,681,674,688,-240.2784637,-301.8449707,-197.9045563
861,703.5,697,710,-236.1352147,-280.5656738,-163.6085815
862,725.5,719,732,-255.6408255,-293.1713867,-219.7434387
863,748,741,755,-254.0989573,-286.0742798,-223.9714966
864,770.5,764,777,-259.0906154,-284.7860718,-229.384552
865,793,786,800,-268.4399526,-293.187439,-243.6263275
866,815.5,809,822,-256.342853,-302.0149536,-205.9103088
867,838,831,845,-235.4445323,-304.5508423,-183.9537048
868,860.5,854,867,-254.3409664,-277.7838745,-228.4618225
869,883,876,890,-254.8176839,-297.7189941,-220.4992981
870,905.5,899,912,-246.9762279,-293.197876,-195.3243866
871,928,921,935,-252.6452535,-291.840271,-176.41008
872,950.5,944,957,-253.6948526,-302.7064209,-193.2843628
873,973,966,980,-255.0518107,-300.8363037,-216.5484772
874,995.5,989,1002,-253.3303288,-301.8748474,-217.1770325
875,1017.5,1011,1024,-257.049966,-305.1504517,-194.7878723
876,1040,1033,1047,-241.9612569,-306.7152405,-152.8513336
877,1062.5,1056,1069,-244.6805932,-290.15625,-162.0555573
878,1085,1078,1092,-246.3717794,-296.428009,-183.4802856
879,1107.5,1101,1114,-236.3260781,-282.7075806,-193.3005371
880,1130,1123,1137,-246.419165,-286.7896118,-184.1714478
881,1152.5,1146,1159,-238.6771698,-285.7736511,-192.3701477
882,1175,1168,1182,-236.7212128,-296.8843384,-158.4664612
883,1197.5,1191,1204,-256.8135125,-285.0183716,-223.3906555
884,1220,1213,1227,-249.9550639,-282.0150146,-216.8990936
885,1242.5,1236,1249,-262.5249013,-277.497406,-245.3321381
886,1265,1258,1272,-264.911083,-298.0747681,-247.8017883
887,1287.5,1281,1294,-264.2383248,-279.9933472,-247.0083008
888,1309.5,1303,1316,-261.8503908,-303.911499,-213.7839355
889,1332,1325,1339,-265.6314178,-315.3115234,-182.8107758
890,1354.5,1348,1361,-249.4989929,-315.2827148,-159.5379333
891,1377,1370,1384,-247.9039388,-305.1219482,-175.8980713
892,1399.5,1393,1406,-265.607339,-307.5498657,-208.9601135
893,1422,1415,1429,-250.9432536,-303.8948669,-205.1884766
894,1444.5,1438,1451,-247.4080963,-273.270874,-211.9424438
895,1467,1460,1474,-252.6303192,-268.4599609,-233.3331604
896,1489.5,1483,1496,-250.2511531,-287.7588501,-219.6992493
897,1512,1505,1519,-260.2983195,-297.062561,-200.6653748
898,1534.5,1528,1541,-252.6707862,-315.2875671,-182.5307312
899,1557,1550,1564,-245.7183929,-304.6564331,-188.7226715
900,1579.5,1573,1586,-236.6808831,-275.126709,-183.4928284
901,1601.5,1595,1608,-255.8545946,-316.7184448,-189.5821533
902,1624,1617,1631,-252.2308614,-306.798584,-192.3582306
903,1646.5,1640,1653,-262.4833047,-278.0408325,-250.0453491
904,1669,1662,1676,-264.080897,-283.9164429,-247.8422089
905,1691.5,1685,1698,-268.8876648,-292.9425659,-243.6426086
906,1714,1707,1721,-266.6888926,-302.1069946,-230.9169922
907,1736.5,1730,1743,-243.6765159,-315.9642334,-180.464386
908,1759,1752,1766,-252.4750641,-276.1180725,-227.0820007
909,1781.5,1775,1788,-261.0643899,-285.0453491,-220.8639221
910,1804,1797,1811,-260.5628001,-306.25177,-219.9257355
911,1826.5,1820,1833,-260.4970016,-320.8244324,-196.7002563
912,1848.5,1842,1855,-253.901583,-331.1625977,-148.6023254
913,1871,1864,1878,-249.5811371,-329.4888916,-132.8580627
914,1893.5,1887,1900,-256.2151391,-314.000824,-171.9869537
915,1916,1909,1923,-242.8990712,-292.4744873,-197.947876
916,1938.5,1932,1945,-248.5423922,-276.828064,-224.562973
917,1961,1954,1968,-257.0851827,-285.2103577,-234.3525696
918,1983.5,1977,1990,-254.237757,-279.0004883,-214.8286591
919,2006,1999,2013,-256.3570994,-273.3804626,-236.0648956
920,2028.5,2022,2035,-258.6537094,-290.4918518,-216.4295959
921,2051,2044,2058,-261.0931386,-299.0789185,-226.736145
922,2073.5,2067,2080,-252.1253204,-288.6170044,-216.6081543
923,2096,2089,2103,-253.3158641,-303.8733826,-211.8118134
924,2118.5,2112,2125,-264.6301804,-292.7641602,-239.5285645
925,2140.5,2134,2147,-262.267819,-298.4971924,-246.0891724
926,2163,2156,2170,-262.4261658,-284.7357788,-241.7308197
927,2185.5,2179,2192,-260.5386789,-279.7529297,-243.8995056
928,2208,2201,2215,-258.0401815,-298.4172363,-200.0494995
929,2230.5,2224,2237,-259.5514635,-311.5605469,-209.7547302
930,2253,2246,2260,-270.3151377,-317.4550781,-175.9258118
931,2275.5,2269,2282,-244.0151073,-318.7447815,-125.9951324
932,2298,2291,2305,-244.8419383,-326.7592773,-139.5883636
933,2320.5,2314,2327,-238.759225,-305.8874512,-158.8644257
934,2343,2336,2350,-242.3423889,-290.9178467,-189.6398773
935,2365.5,2359,2372,-261.5351508,-293.9331055,-220.230072
936,2388,2381,2395,-251.7648051,-291.9116516,-209.4372559
937,2410.5,2404,2417,-260.9737385,-281.3114929,-231.6087799
938,2432.5,2426,2439,-264.2629591,-282.1138306,-249.0197754
939,2455,2448,2462,-265.6986705,-283.721344,-241.2507935
940,2477.5,2471,2484,-264.1805867,-298.2701416,-226.2449646
941,2500,2493,2507,-262.9631429,-305.066803,-207.0447235
942,2522.5,2516,2529,-270.9969286,-306.0487671,-217.780838
943,2545,2538,2552,-265.9165802,-311.2178955,-225.0667877
944,2567.5,2561,2574,-269.1960351,-312.6816406,-235.9395447
945,2590,2583,2597,-269.2988525,-309.8870544,-223.7991333
946,2612.5,2606,2619,-259.7103511,-319.7504578,-204.8183289
947,2635,2628,2642,-255.377064,-318.361084,-176.6108398
948,2657.5,2651,2664,-276.7882374,-337.133728,-179.4830322
949,2680,2673,2687,-244.2433217,-308.2915649,-155.7727203
950,2702.5,2696,2709,-255.79245,-323.7479858,-166.2209473
951,2724.5,2718,2731,-239.0967658,-278.734436,-194.9989166
952,2747,2740,2754,-259.3351959,-295.1105347,-214.4448547
953,2769.5,2763,2776,-265.2773797,-294.0097656,-210.0098419
954,2792,2785,2799,-269.8829244,-293.4685974,-252.169342
955,2814.5,2808,2821,-267.3368258,-296.5603638,-221.8722382
956,2837,2830,2844,-277.9499196,-314.0927124,-234.4703217
957,2859.5,2853,2866,-263.4390553,-320.3598022,-209.036026
958,2882,2875,2889,-257.834493,-313.6867371,-194.5525513
959,2904.5,2898,2911,-271.7117571,-294.1601257,-255.3762512
960,2927,2920,2934,-268.2459585,-293.7747498,-234.9777832
961,2949.5,2943,2956,-275.1692069,-315.8572998,-226.809906
962,2971.5,2965,2978,-275.2995529,-319.2928467,-235.7508698
963,2994,2987,3001,-273.6945557,-321.0456543,-217.015625
964,3016.5,3010,3023,-279.807081,-328.2577515,-173.1461487
965,3039,3032,3046,-267.5121521,-326.1535339,-182.1959381
966,3061.5,3055,3068,-239.7628359,-306.1138916,-188.0249329
967,3084,3077,3091,-259.9836283,-310.0696411,-222.3714294
968,3106.5,3100,3113,-274.7136132,-296.5693359,-247.0754242
969,3129,3122,3136,-270.6918467,-303.8112183,-241.1630554
970,3151.5,3145,3158,-271.5637599,-311.050293,-231.8735352
971,3174,3167,3181,-275.7120117,-302.6349487,-222.7709808
972,3196.5,3190,3203,-271.7524643,-318.6164246,-231.9049683
973,3219,3212,3226,-283.2073751,-320.3134766,-232.3306122
974,3241.5,3235,3248,-275.3910697,-326.0586853,-216.7038879
975,3263.5,3257,3270,-260.4306368,-322.8871155,-199.4537964
976,3286,3279,3293,-283.7703634,-343.9672241,-221.3887939
977,3308.5,3302,3315,-269.5002005,-312.8318481,-222.4423981
978,3331,3324,3338,-284.5522217,-300.0645142,-259.1885376
979,3353.5,3347,3360,-290.9710977,-302.8172302,-273.612793
980,3376,3369,3383,-289.5585124,-326.478363,-266.2998047
981,3398.5,3392,3405,-290.0199269,-323.9464722,-252.2184601
982,3421,3414,3428,-279.4833435,-314.265625,-236.1839447
983,3443.5,3437,3450,-284.6734663,-316.3966064,-241.2093658
984,3466,3459,3473,-287.5254639,-338.23172,-217.4225769
985,3488.5,3482,3495,-262.9075797,-305.1633606,-218.427948
986,3511,3504,3518,-267.8395009,-313.8066101,-219.4217834
987,3533.5,3527,3540,-279.4289758,-324.8834839,-212.1087952
988,3555.5,3549,3562,-282.2383368,-313.3495178,-235.8240051
989,3578,3571,3585,-275.1245463,-314.8395386,-229.6243591
990,3600.5,3594,3607,-278.3528039,-335.5513611,-202.9791565
991,3623,3616,3630,-275.0452271,-336.1298523,-179.200531
992,3645.5,3639,3652,-259.4731598,-338.4518738,-173.4559631
993,3668,3661,3675,-281.9094259,-333.3701172,-210.3880463
994,3690.5,3684,3697,-280.2281363,-343.5761108,-193.9060364
995,3713,3706,3720,-270.9015106,-326.7449341,-201.6877899
996,3735.5,3729,3742,-288.588562,-320.2569885,-225.3097534
997,3758,3751,3765,-273.1225769,-303.5615845,-238.764801
998,3780.5,3774,3787,-287.9690988,-313.6901855,-264.0107422
999,3803,3796,3810,-288.1942322,-307.7035828,-263.4120789
1000,3825.5,3819,3832,-292.1068835,-327.600647,-268.3746338
