epoch,12/04 12:57:12 Standard Model (continued384) - _step,12/04 12:57:12 Standard Model (continued384) - _step__MIN,12/04 12:57:12 Standard Model (continued384) - _step__MAX,12/04 12:57:12 Standard Model (continued384) - G_Fidelity,12/04 12:57:12 Standard Model (continued384) - G_Fidelity__MIN,12/04 12:57:12 Standard Model (continued384) - G_Fidelity__MAX
0,6.5,0,13,13.15870122,10.16629028,19.75334358
1,28.5,22,35,10.80746896,8.162031174,12.24908066
2,51,44,58,10.57034642,7.609426975,12.66472816
3,67.5,61,74,9.989778178,7.753359795,11.88657188
4,90,83,97,9.782984797,8.060293198,12.48762989
5,112.5,106,119,10.13212517,8.708755493,12.55412292
6,135,128,142,9.632917913,7.686282158,10.98198891
7,151.5,145,158,9.68458254,7.560255527,13.48715878
8,168,161,175,9.985752233,7.716369629,12.78104687
9,190.5,184,197,10.51416956,8.453639984,12.40328026
10,207,200,214,10.38406792,7.978572845,12.42184067
11,223.5,217,230,9.852165767,7.671185493,12.48115158
12,245.5,239,252,10.49480319,7.334845066,12.83108521
13,268,261,275,10.09325698,7.130110264,13.43165302
14,290.5,284,297,10.06691381,7.979166985,12.91523743
15,313,306,320,10.4606074,7.783130646,13.77820015
16,329.5,323,336,10.35569014,8.384780884,11.61979866
17,352,345,359,10.15884488,8.319010735,12.37993431
18,368.5,362,375,10.83574343,9.002363205,13.19158363
19,391,384,398,10.638786,7.842173576,13.68589306
20,413.5,407,420,10.129587,6.674966335,13.938941
21,430,423,437,10.31877664,8.710846901,13.12664986
22,452.5,446,459,10.38730792,8.929327965,12.11261177
23,475,468,482,10.81118139,8.17740345,14.58955669
24,491.5,485,498,9.832903658,7.703514099,12.727211
25,507.5,501,514,10.84814664,7.785669327,13.4561882
26,524,517,531,10.10600977,7.716689587,13.59329319
27,546.5,540,553,11.05547885,8.557086945,13.32802391
28,563,556,570,9.74416879,6.918944836,12.94270706
29,579.5,573,586,9.979562487,8.644518852,11.94848633
30,596,589,603,9.640867996,8.144424438,12.32429981
31,612.5,606,619,9.634084225,6.30469799,12.37319183
32,635,628,642,10.29364688,6.986330032,13.0128746
33,651.5,645,658,9.917030879,6.276760101,13.6464386
34,674,667,681,9.879896323,6.279547215,12.01097584
35,696.5,690,703,9.225650549,7.170915604,11.63912582
36,719,712,726,10.73144217,7.578273296,13.95673656
37,741.5,735,748,9.721475158,7.382998943,13.48702621
38,757.5,751,764,9.767743145,7.429606915,13.21904755
39,780,773,787,9.663088449,7.218108654,12.83794212
40,802.5,796,809,10.29288639,7.983898163,12.03403473
41,819,812,826,10.65378386,8.286992073,13.11121368
42,841.5,835,848,10.29449974,6.828595161,13.78498459
43,864,857,871,10.12746452,7.272937298,14.54656601
44,886.5,880,893,9.535569634,7.561846733,13.81435299
45,909,902,916,9.690575441,6.443351746,12.44250107
46,931.5,925,938,10.00093872,7.301655293,12.88942528
47,948,941,955,9.875650533,7.550756454,12.63297176
48,970.5,964,977,9.80752962,6.486203671,12.97508717
49,993,986,1000,9.765650368,7.690154076,12.36791134
50,1015.5,1009,1022,9.80770295,7.856641769,14.21437836
51,1031.5,1025,1038,10.20742403,8.033849716,13.06949997
52,1054,1047,1061,10.68117113,7.709165096,13.46396446
53,1076.5,1070,1083,10.02497012,8.531755447,11.74759483
54,1099,1092,1106,10.43887825,7.949251175,14.67653084
55,1115.5,1109,1122,10.35439982,8.774106026,11.90853119
56,1138,1131,1145,9.885131105,7.513284206,12.584342
57,1154.5,1148,1161,10.47742435,8.144787788,12.46148968
58,1171,1164,1178,9.911490186,7.391960621,13.99735069
59,1193.5,1187,1200,10.02845335,6.286527634,17.75550461
60,1210,1203,1217,10.31754195,6.647603035,15.43511963
61,1232.5,1226,1239,10.0703049,7.930489063,13.03413582
62,1254.5,1248,1261,10.03581047,7.664829254,12.80518913
63,1271,1264,1278,9.719337877,7.393164158,12.31099987
64,1293.5,1287,1300,10.18920578,7.697063446,13.0448513
65,1316,1309,1323,9.849745051,6.764330387,12.42463112
66,1338.5,1332,1345,9.60424212,7.634233952,12.45414162
67,1355,1348,1362,9.890398026,7.130346775,11.87750626
68,1377.5,1371,1384,10.44126466,7.550920486,13.90403557
69,1400,1393,1407,9.661742783,7.730308056,12.61877251
70,1416.5,1410,1423,9.822308983,7.247877598,13.07555962
71,1433,1426,1440,9.941378975,6.672260761,12.28939533
72,1455.5,1449,1462,11.07940504,7.467480659,14.01070499
73,1472,1465,1479,9.942444674,7.401600838,13.4224205
74,1494.5,1488,1501,9.706447431,6.375069141,13.77126122
75,1516.5,1510,1523,9.596065521,6.698503494,13.42538738
76,1539,1532,1546,9.867577203,7.89131403,14.00942993
77,1555.5,1549,1562,10.05169197,7.635808945,13.90791512
78,1578,1571,1585,10.31451403,6.450550079,15.0283947
79,1594.5,1588,1601,9.877081837,7.848124504,13.46456623
80,1617,1610,1624,10.25182076,7.524689674,14.39986038
81,1639.5,1633,1646,9.382721935,6.873717308,13.12069035
82,1662,1655,1669,10.40154422,6.612898827,14.76370335
83,1684.5,1678,1691,9.85932609,7.535361767,12.28500843
84,1707,1700,1714,10.18586553,7.059617043,11.85930729
85,1723.5,1717,1730,10.08416135,7.669725418,13.648839
86,1740,1733,1747,10.05161533,6.20613575,13.27002144
87,1756.5,1750,1763,10.30700019,6.853749752,13.22376823
88,1778.5,1772,1785,10.95903928,7.710045815,14.2026701
89,1801,1794,1808,10.42254314,7.683109283,16.21563721
90,1817.5,1811,1824,10.28541984,7.479503155,13.86486149
91,1840,1833,1847,9.542070484,5.945446014,13.1181097
92,1856.5,1850,1863,10.4052187,6.653676987,14.39440918
93,1873,1866,1880,9.983403428,6.567286968,12.97666931
94,1895.5,1889,1902,9.826031004,6.941330433,13.74543953
95,1918,1911,1925,10.02773902,7.350960732,13.57235527
96,1940.5,1934,1947,10.86181218,8.887823105,13.32937336
97,1963,1956,1970,10.21529201,6.323993683,13.93988037
98,1985.5,1979,1992,10.04406929,7.403406143,15.26061821
99,2008,2001,2015,10.29298236,7.692085266,14.37317276
100,2024.5,2018,2031,9.868113382,8.213070869,13.07977772
101,2046.5,2040,2053,9.51328751,7.24523592,12.83880711
102,2063,2056,2070,9.5565334,7.45395565,13.45254421
103,2085.5,2079,2092,9.793278422,7.826322556,15.18875885
104,2108,2101,2115,10.1452287,7.866251945,14.95977497
105,2124.5,2118,2131,9.917099714,7.668090343,13.32803726
106,2141,2134,2148,10.12743556,7.217838287,12.44283772
107,2163.5,2157,2170,10.53019347,8.36904335,14.38123226
108,2186,2179,2193,10.23655087,7.605208397,13.05306911
109,2208.5,2202,2215,10.47609554,7.080245018,13.61407757
110,2231,2224,2238,10.24533173,7.437767029,16.20832062
111,2253.5,2247,2260,9.132404396,5.406622887,12.12368774
112,2269.5,2263,2276,10.71756172,8.992696762,16.58642006
113,2292,2285,2299,9.751584752,7.209838867,11.98743725
114,2314.5,2308,2321,10.906147,7.37567234,14.18962383
115,2337,2330,2344,10.15817827,7.746629715,14.20571709
116,2353.5,2347,2360,10.51440334,8.944025993,13.85785007
117,2376,2369,2383,10.59585505,7.189654827,12.70181465
118,2398.5,2392,2405,10.13746646,7.541987896,13.55545044
119,2415,2408,2422,9.25283006,6.560036659,11.33251762
120,2437.5,2431,2444,10.07274764,7.745861053,13.08420372
121,2460,2453,2467,9.70448885,6.670750618,12.07721615
122,2476.5,2470,2483,9.77204442,6.891078472,12.13528538
123,2499,2492,2506,9.46841774,6.626040459,13.58204746
124,2521.5,2515,2528,9.241850001,6.887862682,10.42756176
125,2543.5,2537,2550,10.40912945,6.005259037,13.33846188
126,2566,2559,2573,9.844978428,6.452462673,14.92189884
127,2582.5,2576,2589,9.683232137,7.220971107,12.08502293
128,2599,2592,2606,10.06362149,7.895560741,13.82341385
129,2621.5,2615,2628,10.06171724,6.612534523,12.55816078
130,2638,2631,2645,9.904497687,7.157866955,13.53340912
131,2660.5,2654,2667,10.54016025,8.182579041,12.48205566
132,2677,2670,2684,9.487748845,7.380580902,11.73493958
133,2699.5,2693,2706,10.02282967,8.294381142,12.08521748
134,2722,2715,2729,11.29893843,7.323784828,16.05366325
135,2738.5,2732,2745,10.3238478,7.196455479,13.90814877
136,2761,2754,2768,10.34526711,7.369235992,12.7873621
137,2777.5,2771,2784,10.18560641,7.475732803,12.87424183
138,2799.5,2793,2806,9.631142889,6.697242737,11.70144081
139,2816,2809,2823,10.77442245,7.816270828,14.54445648
140,2838.5,2832,2845,9.71041911,5.992306709,14.12769699
141,2855,2848,2862,9.785958195,7.460371017,14.13849926
142,2877.5,2871,2884,10.52781831,7.675967216,13.65408993
143,2894,2887,2901,9.621846994,6.29741621,12.43540001
144,2916.5,2910,2923,8.99392581,6.712346077,11.8730793
145,2939,2932,2946,9.450610828,7.298692703,12.71090126
146,2961.5,2955,2968,9.742565155,7.523093224,12.66678905
147,2984,2977,2991,9.675592264,7.445954323,13.08777714
148,3000.5,2994,3007,9.993243728,7.304549694,11.94955921
149,3023,3016,3030,10.24754454,8.13637352,13.5282917
150,3045.5,3039,3052,10.68255414,7.330322742,13.88759422
151,3061.5,3055,3068,10.0963003,7.861810207,11.67715168
152,3078,3071,3085,9.439211305,7.423676491,11.45013237
153,3094.5,3088,3101,9.940252611,7.418941975,12.55258656
154,3111,3104,3118,10.14946842,7.331507683,13.55846024
155,3127.5,3121,3134,10.04249821,7.442634106,12.47603035
156,3150,3143,3157,10.33495712,8.548628807,13.18015289
157,3166.5,3160,3173,11.12138741,9.098186493,19.92046928
158,3183,3176,3190,10.99096384,7.697611332,15.25169945
159,3199.5,3193,3206,9.510671275,6.561869621,11.94429302
160,3222,3215,3229,9.748945014,6.853861332,13.18893433
161,3244.5,3238,3251,10.11663205,7.708625793,14.06837463
162,3260.5,3254,3267,9.500591993,6.745207787,13.44454575
163,3283,3276,3290,10.13404446,6.846453667,13.72202492
164,3299.5,3293,3306,9.893724646,7.2625947,11.83491802
165,3322,3315,3329,10.28626912,6.275947571,15.08624172
166,3344.5,3338,3351,10.30692962,6.988311768,14.53187752
167,3367,3360,3374,10.50344639,8.209516525,15.13460255
168,3383.5,3377,3390,10.23891033,6.822602272,13.19719219
169,3400,3393,3407,9.983870697,7.466668129,15.93044853
170,3422.5,3416,3429,10.50024642,7.646907806,13.86445618
171,3439,3432,3446,10.39551627,6.787461758,14.01125526
172,3461.5,3455,3468,10.37835796,7.850042343,13.77245903
173,3478,3471,3485,9.231874402,6.550791264,10.86838627
174,3494.5,3488,3501,10.51064079,7.216842175,13.48956013
175,3510.5,3504,3517,9.831384523,7.054700375,12.89388657
176,3533,3526,3540,10.04803769,7.321359634,12.2100563
177,3549.5,3543,3556,9.334794794,7.251928329,11.53024769
178,3566,3559,3573,10.11512683,7.340588093,13.00583458
179,3588.5,3582,3595,10.42570761,7.597673416,13.28581429
180,3611,3604,3618,9.06342535,6.258372307,11.21704865
181,3627.5,3621,3634,10.1061602,7.215576172,12.26594162
182,3650,3643,3657,10.31766246,7.833955288,14.91263008
183,3672.5,3666,3679,9.953334502,6.321510315,13.6447525
184,3695,3688,3702,10.38863411,8.349349022,13.7057991
185,3711.5,3705,3718,9.840500559,7.960998535,12.96323872
186,3734,3727,3741,9.800646146,7.724030495,13.09538364
187,3756.5,3750,3763,9.918776785,7.265731812,12.43321323
188,3772.5,3766,3779,9.810964244,6.516352177,14.71179867
189,3795,3788,3802,10.58780839,7.726142406,13.83526802
190,3817.5,3811,3824,10.62087481,7.550293922,14.69682217
191,3840,3833,3847,10.29074847,6.514174461,14.3548584
192,3856.5,3850,3863,10.45464788,8.143834114,13.04525757
193,3873,3866,3880,10.01235685,7.277321339,14.61314297
194,3895.5,3889,3902,10.45285194,7.913787365,16.98635292
195,3912,3905,3919,10.36793308,7.687539101,14.41887665
196,3928.5,3922,3935,10.18576224,7.76331377,12.69387817
197,3945,3938,3952,9.919294643,6.753418446,14.45583153
198,3961.5,3955,3968,9.382106645,6.91542244,12.13004303
199,3978,3971,3985,9.960442988,8.362472534,12.44424057
200,4000.5,3994,4007,9.445260014,6.729550362,13.10272121
201,4022.5,4016,4029,9.283768688,6.573554993,12.99368
202,4045,4038,4052,8.968900204,7.41494751,12.95362473
203,4061.5,4055,4068,10.55567455,7.731010437,15.69777966
204,4078,4071,4085,9.983589427,7.741936684,14.06295204
205,4100.5,4094,4107,9.845936298,7.873276711,13.04576111
206,4123,4116,4130,9.534095764,6.991156578,11.53674507
207,4145.5,4139,4152,9.987524782,6.929069519,15.27586174
208,4162,4155,4169,10.4056866,7.615163326,15.02398968
209,4184.5,4178,4191,9.395807198,6.975944519,14.3496027
210,4201,4194,4208,9.666105429,7.067780972,13.26117325
211,4217.5,4211,4224,9.56840304,5.631091118,12.73603916
212,4233.5,4227,4240,10.97149767,7.309767723,14.86494637
213,4256,4249,4263,10.21994546,5.544202328,15.79298115
214,4272.5,4266,4279,10.23861715,7.288102627,13.55897903
215,4289,4282,4296,9.605122407,7.206733227,12.4967947
216,4305.5,4299,4312,9.457667487,7.113220215,11.35503387
217,4322,4315,4329,11.01214403,7.510724068,15.50545597
218,4338.5,4332,4345,11.00532566,7.540390015,13.732934
219,4361,4354,4368,10.09846029,6.813252449,12.72067642
220,4383.5,4377,4390,10.65349879,7.441506386,14.08127975
221,4400,4393,4407,10.01476491,8.171777725,14.43697548
222,4416.5,4410,4423,9.94340791,6.83940649,12.37342834
223,4439,4432,4446,9.748453458,7.285696983,13.76733017
224,4455.5,4449,4462,9.676100867,7.911154747,12.12084579
225,4471.5,4465,4478,10.36088896,7.679979324,13.38860416
226,4488,4481,4495,10.7628053,8.472179413,13.55574131
227,4510.5,4504,4517,10.47599677,7.920823097,14.82001877
228,4533,4526,4540,9.498530833,6.612565041,12.10271263
229,4549.5,4543,4556,10.33547446,6.938014507,13.93889332
230,4572,4565,4579,10.15957753,6.186387539,13.17729092
231,4588.5,4582,4595,9.696634906,7.752907753,11.85853481
232,4605,4598,4612,9.287679577,5.866231918,12.55737782
233,4627.5,4621,4634,9.422613791,5.550021172,12.97793007
234,4650,4643,4657,9.575011921,6.77489233,13.58731079
235,4666.5,4660,4673,9.615508011,7.073773384,12.68850136
236,4683,4676,4690,10.21442375,6.865849972,15.71521854
237,4705.5,4699,4712,10.12171595,7.100301743,13.8763485
238,4727.5,4721,4734,8.9543909,7.300570011,11.71949291
239,4744,4737,4751,9.418119081,6.575882912,13.22356987
240,4760.5,4754,4767,9.698646137,6.113956451,12.63540173
241,4783,4776,4790,10.75964737,6.750109673,13.3123703
242,4805.5,4799,4812,9.900949478,8.08823967,11.1855545
243,4822,4815,4829,10.18525785,8.316450119,12.38138962
244,4844.5,4838,4851,9.484782185,7.150673866,11.69893837
245,4867,4860,4874,9.183946355,6.681903839,12.68821239
246,4883.5,4877,4890,10.27503095,8.267194748,12.91894341
247,4906,4899,4913,10.10901839,6.955229759,13.17433929
248,4922.5,4916,4929,10.49850086,6.483382702,13.50116825
249,4945,4938,4952,10.27653478,7.579632759,14.91808128
250,4961.5,4955,4968,9.78533629,6.95478344,13.59675217
251,4977.5,4971,4984,10.5363775,8.422082901,12.85000324
252,5000,4993,5007,10.06027625,7.596841335,14.68439102
253,5016.5,5010,5023,10.4996468,7.34870863,16.02508163
254,5033,5026,5040,10.26979259,7.036299229,16.4318161
255,5049.5,5043,5056,10.42276243,7.699259758,15.02390957
256,5072,5065,5079,10.0606775,6.962509632,12.24394989
257,5094.5,5088,5101,9.990124805,6.005749702,16.62021828
258,5111,5104,5118,10.64599187,7.664013386,14.99574471
259,5127.5,5121,5134,10.94124276,8.298185349,14.38942528
260,5150,5143,5157,10.64988251,8.98214817,12.52931499
261,5172.5,5166,5179,9.872122731,5.927486897,11.79988956
262,5194.5,5188,5201,9.886487484,6.647371292,13.39621735
263,5211,5204,5218,10.27652639,8.133378029,15.34148598
264,5227.5,5221,5234,9.252754007,6.09677887,12.83666706
265,5250,5243,5257,10.85488205,8.613854408,14.80918121
266,5266.5,5260,5273,10.00219761,7.451536179,11.97374821
267,5283,5276,5290,10.70845998,7.588142395,12.89080429
268,5305.5,5299,5312,9.560946907,6.618108273,15.70363235
269,5322,5315,5329,9.378571828,6.571173668,11.0618763
270,5338.5,5332,5345,9.869412422,8.180417061,12.58845425
271,5361,5354,5368,9.837281354,7.846224785,11.98099709
272,5383.5,5377,5390,10.06481137,8.310913086,12.17554092
273,5406,5399,5413,8.996093432,6.82114172,11.75302982
274,5428.5,5422,5435,10.3263324,7.974318981,12.09916496
275,5444.5,5438,5451,11.03817306,7.443443298,13.57855415
276,5467,5460,5474,10.76784,7.950062752,16.62992096
277,5483.5,5477,5490,10.41573811,7.043599129,12.35075951
278,5506,5499,5513,10.46930434,7.361924171,12.77204418
279,5522.5,5516,5529,9.647738252,6.758315563,12.17851639
280,5539,5532,5546,9.948795478,7.799748421,12.97800636
281,5555.5,5549,5562,10.62510981,7.802760124,13.77387142
282,5578,5571,5585,9.817395337,7.68616581,12.80170918
283,5594.5,5588,5601,10.3924771,8.230553627,11.69587708
284,5617,5610,5624,10.56100661,7.237073898,15.38041019
285,5639.5,5633,5646,11.30776869,7.627207756,16.38347816
286,5662,5655,5669,9.378321902,6.974799633,13.76826382
287,5678.5,5672,5685,10.40490498,6.870771408,14.59706688
288,5694.5,5688,5701,10.84739893,7.530836582,14.56979275
289,5717,5710,5724,10.5133393,6.69584465,14.117342
290,5739.5,5733,5746,10.15057748,7.610034943,12.1891737
291,5762,5755,5769,10.0172403,7.862169743,13.06209946
292,5784.5,5778,5791,10.59897641,8.106588364,13.92383766
293,5807,5800,5814,11.14666805,6.675116539,15.86323166
294,5823.5,5817,5830,9.941261087,6.964619637,13.43180752
295,5846,5839,5853,10.31178122,7.769388676,13.01909065
296,5862.5,5856,5869,11.39805566,7.728457928,17.32742119
297,5879,5872,5886,10.48650208,7.553991318,12.87770271
298,5895.5,5889,5902,10.34233015,7.986400127,14.95268917
299,5912,5905,5919,10.89178076,7.397079945,16.49965668
300,5934.5,5928,5941,10.622343,8.18006134,12.49560928
301,5950.5,5944,5957,10.69710227,8.571428299,14.74172401
302,5973,5966,5980,9.67423439,7.675702095,12.47452736
303,5995.5,5989,6002,9.971110923,6.784067154,13.24356461
304,6018,6011,6025,10.39402479,7.515292168,14.45693874
305,6034.5,6028,6041,10.25438302,7.599419594,14.38094711
306,6051,6044,6058,9.852103615,8.873493195,11.94040871
307,6073.5,6067,6080,10.43593931,8.017930031,12.85726452
308,6096,6089,6103,9.841892052,6.942276001,12.70301437
309,6112.5,6106,6119,10.41528818,8.568120003,12.01511955
310,6129,6122,6136,9.652125581,6.95128727,12.38750648
311,6145.5,6139,6152,10.53846349,6.952588558,13.98705292
312,6167.5,6161,6174,10.21658741,7.935732841,13.42642784
313,6190,6183,6197,10.54224761,7.051214218,13.53237247
314,6206.5,6200,6213,10.69309453,8.653526306,14.15513992
315,6229,6222,6236,10.31308823,6.56710434,13.7226181
316,6245.5,6239,6252,10.34971769,7.915457726,13.51455212
317,6268,6261,6275,9.678961563,6.780302525,13.11608791
318,6290.5,6284,6297,10.16276237,7.623159409,13.76843643
319,6313,6306,6320,9.328958003,7.18461895,12.7348175
320,6329.5,6323,6336,10.21252918,6.701153755,15.78948116
321,6352,6345,6359,9.731991418,7.466836452,11.68372917
322,6368.5,6362,6375,10.43985323,7.032420158,14.90131855
323,6391,6384,6398,10.91901944,8.545855522,15.09318352
324,6407.5,6401,6414,10.27646191,7.383784294,13.90652275
325,6423.5,6417,6430,9.918190854,7.419014454,14.22887897
326,6446,6439,6453,10.05595299,5.863699436,11.68468952
327,6468.5,6462,6475,9.595507213,5.343387127,12.50904942
328,6491,6484,6498,10.79884087,6.774880886,15.44863129
329,6513.5,6507,6520,9.885148253,7.714517593,12.90355301
330,6536,6529,6543,9.248940309,5.842337132,11.97472191
331,6552.5,6546,6559,9.233948231,5.786599636,12.68954086
332,6575,6568,6582,9.743232663,6.184132576,13.45265961
333,6597.5,6591,6604,10.01931691,7.648406506,13.48313522
334,6620,6613,6627,9.159141095,6.825082302,11.54371262
335,6642.5,6636,6649,9.668587514,7.193576813,13.28377247
336,6665,6658,6672,10.8142635,7.874102116,15.62353897
337,6687.5,6681,6694,9.973025049,7.875367165,12.06432724
338,6703.5,6697,6710,10.77475057,7.674540997,13.20928383
339,6726,6719,6733,9.317045625,6.69478035,11.37248611
340,6748.5,6742,6755,9.928294012,7.513415813,13.12209511
341,6771,6764,6778,10.42861382,6.80973959,13.96925545
342,6793.5,6787,6800,10.82352887,7.85283041,14.6265049
343,6810,6803,6817,9.775483386,6.835864067,12.86951923
344,6832.5,6826,6839,10.16080597,7.789700031,12.55878067
345,6849,6842,6856,10.52788989,7.186300278,15.08491421
346,6871.5,6865,6878,10.0938124,8.508752823,12.08525562
347,6894,6887,6901,9.876331139,7.374429703,12.07009506
348,6916.5,6910,6923,10.05073912,7.94385004,11.77157402
349,6933,6926,6940,9.723426914,6.582201958,12.16687012
350,6955.5,6949,6962,9.689944063,6.883312225,14.54262829
351,6977.5,6971,6984,10.80360709,6.489291668,14.21501923
352,6994,6987,7001,10.48343013,7.404931068,16.80834961
353,7010.5,7004,7017,9.707573482,7.252914906,14.05091381
354,7027,7020,7034,10.66298351,7.54169178,13.25291443
355,7049.5,7043,7056,9.239834377,5.754256248,14.56518936
356,7072,7065,7079,10.05357396,7.727060795,14.75937653
357,7094.5,7088,7101,10.04088197,6.635346413,13.36281395
358,7117,7110,7124,9.77260224,6.478181362,13.32546043
359,7133.5,7127,7140,10.53562941,7.99623394,14.00599384
360,7156,7149,7163,9.729860179,7.256097317,12.56436825
361,7172.5,7166,7179,10.5087501,6.729316711,14.04859734
362,7188.5,7182,7195,10.07556517,7.013123035,12.64041519
363,7205,7198,7212,10.12963206,7.186294556,12.98589134
364,7227.5,7221,7234,9.740933486,6.641908169,11.93431854
365,7250,7243,7257,9.972140026,7.539802074,13.70188236
366,7266.5,7260,7273,10.47002329,8.626109123,20.65505219
367,7289,7282,7296,9.938370673,7.527642727,13.01320934
368,7311.5,7305,7318,10.12479438,7.616940022,13.10446262
369,7334,7327,7341,9.40177571,6.929571152,11.48656368
370,7356.5,7350,7363,9.84730213,6.350471973,15.55120087
371,7373,7366,7380,10.07398609,7.513126373,13.84008026
372,7395.5,7389,7402,10.60662338,7.443099022,14.94373417
373,7412,7405,7419,9.626609294,7.12597084,13.43393135
374,7434.5,7428,7441,10.04541636,6.557575226,13.31199646
375,7450.5,7444,7457,10.3898168,6.719267845,15.88767052
376,7467,7460,7474,10.94014498,7.877602577,13.79369259
377,7483.5,7477,7490,9.664230415,6.753388405,13.93784046
378,7506,7499,7513,9.392048645,7.022939682,12.61360359
379,7528.5,7522,7535,9.905518975,6.445073605,12.79990292
380,7551,7544,7558,9.966804441,7.489505768,11.93069077
381,7567.5,7561,7574,9.818923337,8.196219444,13.45346546
382,7590,7583,7597,10.24237499,8.731546402,13.11292076
383,7606.5,7600,7613,10.22976542,7.814429283,14.42217922
384,7629,7622,7636,10.15106888,8.068190575,12.71041489
385,7651.5,7645,7658,10.7552277,7.484725952,13.65986252
386,7668,7667,7669,9.853829543,7.873015881,10.971735
387,51.5,45,58,9.848708698,7.166588306,14.58330727
388,73.5,67,80,9.794327872,6.180519104,13.16735744
389,96.5,90,103,10.51797642,7.302713871,14.29397011
390,118.5,112,125,10.51520712,7.347145081,12.76708794
391,141,134,148,10.02542941,6.304097652,14.65423012
392,163.5,157,170,10.47852199,7.320924282,16.39585686
393,186,179,193,9.81855615,5.141076088,12.67015362
394,208.5,202,215,10.09655087,8.144096375,12.70799446
395,231,224,238,10.41770452,7.430418968,13.15852547
396,253.5,247,260,9.311975547,7.179187775,12.308815
397,276,269,283,10.47643007,5.747441292,13.95037174
398,298.5,292,305,9.317431246,4.795898914,15.12312794
399,321,314,328,10.34001458,6.964339256,13.93412209
400,343.5,337,350,10.21314485,7.763726234,12.75506878
401,365.5,359,372,9.417512451,6.68026638,14.1850872
402,388.5,382,395,9.677256789,7.931884766,12.78665066
403,410.5,404,417,10.24333079,7.586436749,14.12943363
404,433,426,440,10.45037575,6.709611893,16.94063568
405,455.5,449,462,9.173022168,6.378729343,11.30123615
406,478,471,485,9.817787965,7.651940346,12.27264881
407,500.5,494,507,9.948680196,7.638361931,12.82326603
408,523,516,530,9.954395453,6.779458523,13.71014786
409,545.5,539,552,9.527469431,6.882728577,11.21636963
410,568,561,575,10.49925019,7.322838306,16.08403969
411,590.5,584,597,10.34156568,7.061770439,14.53792763
412,612.5,606,619,9.548265389,5.524955273,14.55950642
413,635.5,629,642,10.37238414,8.016027451,13.85996342
414,657.5,651,664,10.93027278,7.076557159,18.36087227
415,680.5,674,687,9.752750295,6.800780773,12.3683939
416,702.5,696,709,9.234602928,6.639879227,11.5474453
417,725,718,732,10.41384379,6.993503094,13.93503094
418,747.5,741,754,8.972403118,5.813750267,11.91656303
419,770,763,777,10.86564089,8.388295174,13.91371822
420,792.5,786,799,9.654554401,7.608541965,13.04840565
421,815,808,822,10.27311808,6.425109863,14.52856064
422,837.5,831,844,10.64473179,8.595010757,13.54675198
423,860,853,867,9.871936289,7.656563759,12.65533543
424,882.5,876,889,10.38822508,6.71650219,16.48366737
425,904.5,898,911,10.35209274,8.187540054,13.50105095
426,927.5,921,934,9.744737046,7.48552084,12.72309494
427,949.5,943,956,9.69551066,7.025296211,13.75604057
428,972,965,979,10.38286114,6.688313007,14.38381958
429,994.5,988,1001,10.5615796,7.023413181,15.47505569
430,1017,1010,1024,10.47915131,6.491736889,14.30997944
431,1039.5,1033,1046,11.70277568,8.291509628,16.18624878
432,1062,1055,1069,9.891284561,7.113441944,12.7700367
433,1084.5,1078,1091,10.02747703,7.339181423,13.26444435
434,1107,1100,1114,9.896061516,6.606287479,12.71930885
435,1129.5,1123,1136,10.50140388,6.735370636,14.48102474
436,1152,1145,1159,9.830854384,6.901438236,12.65078163
437,1174.5,1168,1181,10.98710952,8.017473221,13.37397766
438,1196.5,1190,1203,10.30533532,6.789897919,13.09654236
439,1219.5,1213,1226,9.560747215,7.291260719,12.11407185
440,1241.5,1235,1248,9.975614275,7.445121765,13.54722404
441,1264,1257,1271,10.29891771,8.475166321,13.54919052
442,1286.5,1280,1293,10.34701589,6.717381001,14.84130001
443,1309,1302,1316,10.51087055,7.71907711,14.33427238
444,1331.5,1325,1338,9.429757629,6.943639755,12.57403946
445,1354,1347,1361,10.58392137,8.57062912,14.75628281
446,1376.5,1370,1383,9.622255836,6.734735966,12.08820343
447,1399,1392,1406,9.187379233,5.326241493,13.13545799
448,1421.5,1415,1428,9.595502615,7.640621662,12.93748283
449,1444,1437,1451,11.08545287,7.057872295,15.55725098
450,1466.5,1460,1473,10.53110961,6.986524582,14.76411247
451,1488.5,1482,1495,9.993202891,7.77777195,13.21269035
452,1511.5,1505,1518,9.827420848,6.47946167,12.71113777
453,1533.5,1527,1540,10.14738842,6.168403149,14.32736874
454,1556,1549,1563,10.311256,7.065494537,13.58680534
455,1578.5,1572,1585,10.22728821,6.912160397,14.22408295
456,1601,1594,1608,9.426296329,5.717725754,14.23134232
457,1623.5,1617,1630,11.13130365,9.091802597,14.60096931
458,1646,1639,1653,9.655382347,6.22371769,13.5191803
459,1668.5,1662,1675,9.451403788,6.004887581,12.26206589
460,1691,1684,1698,9.893410492,6.316359043,12.98501492
461,1713.5,1707,1720,10.34153799,7.278933048,13.70654583
462,1735.5,1729,1742,9.322832516,6.362498283,11.72409248
463,1758.5,1752,1765,9.928178651,8.137496948,12.15052223
464,1780.5,1774,1787,9.620979241,8.00843811,11.91089058
465,1803.5,1797,1810,9.858784573,7.434033871,13.7562809
466,1825.5,1819,1832,9.636590549,6.408207893,12.70325565
467,1848,1841,1855,10.3176465,7.003509998,17.58343124
468,1870.5,1864,1877,8.975436381,6.854236126,11.71224022
469,1893,1886,1900,10.0695686,7.845664501,13.51971722
470,1915.5,1909,1922,9.650242601,7.773494244,12.62926579
471,1938,1931,1945,10.45965907,7.763143539,13.57385063
472,1960.5,1954,1967,10.5173502,7.772823334,12.91723824
473,1983,1976,1990,9.962619273,8.005064964,13.8207922
474,2005.5,1999,2012,10.34811854,6.836318493,14.43565178
475,2027.5,2021,2034,10.43219801,7.190589428,13.48387909
476,2050.5,2044,2057,9.476088217,6.513076305,12.162714
477,2072.5,2066,2079,9.287789617,6.706748962,12.03294849
478,2095,2088,2102,10.49672963,7.829699993,13.33865643
479,2117.5,2111,2124,10.1927369,6.201646805,13.17287254
480,2140,2133,2147,9.630146217,6.504113197,13.71901512
481,2162.5,2156,2169,11.15065922,7.999675751,15.5204916
482,2185,2178,2192,10.05711724,7.54393959,12.13444233
483,2207.5,2201,2214,9.514211927,7.106582642,11.07784843
484,2230,2223,2237,9.652563699,6.898575783,13.10959911
485,2252.5,2246,2259,10.31574304,8.067525864,16.09102058
486,2275,2268,2282,10.42690455,7.861765862,13.4790535
487,2297.5,2291,2304,9.89885211,6.485381603,13.84465599
488,2319.5,2313,2326,9.851463522,7.973083496,12.49774361
489,2342.5,2336,2349,10.22205046,7.313306808,14.25432396
490,2364.5,2358,2371,9.885210991,6.845473289,12.29466248
491,2387,2380,2394,11.033365,7.727431297,13.55317974
492,2409.5,2403,2416,9.837271248,6.713099003,13.19865417
493,2432,2425,2439,10.60670675,8.314866066,12.80243492
494,2454.5,2448,2461,10.11292911,7.429873943,13.82350063
495,2477,2470,2484,9.416539828,7.725347519,12.78498745
496,2499.5,2493,2506,9.979510273,7.275356293,13.04739571
497,2522,2515,2529,10.20457598,7.098229408,12.70708466
498,2544.5,2538,2551,9.989283596,7.303986073,12.32798576
499,2567,2560,2574,10.30955772,6.181744576,13.90263748
500,2589.5,2583,2596,9.822765078,7.254297256,13.14208889
501,2611.5,2605,2618,9.044161865,5.185663223,13.94082451
502,2634.5,2628,2641,9.713341781,5.566173077,13.88981628
503,2656.5,2650,2663,11.1104346,8.390070915,14.13027573
504,2679,2672,2686,10.74319738,8.326882362,16.43326759
505,2701.5,2695,2708,10.38600888,7.963711739,13.17197323
506,2724,2717,2731,10.42227821,7.560456276,12.26443672
507,2746.5,2740,2753,10.45716027,8.101624489,13.63482666
508,2769,2762,2776,10.46764755,5.629834175,15.04665279
509,2791.5,2785,2798,10.65003208,6.793234348,14.2366333
510,2814,2807,2821,9.821397177,6.681182861,13.96273422
511,2836.5,2830,2843,10.65471074,7.831601143,14.79148865
512,2858.5,2852,2865,11.07102217,8.820949554,14.76672363
513,2881.5,2875,2888,10.19157607,7.934668541,13.84820843
514,2903.5,2897,2910,10.67036653,6.88740015,15.38551331
515,2926.5,2920,2933,9.348391737,7.063878059,11.15984917
516,2948.5,2942,2955,9.632212434,6.666440487,13.05300331
517,2971,2964,2978,9.732020696,7.940311909,13.05707836
518,2993.5,2987,3000,10.16956299,6.935956478,13.99069595
519,3016,3009,3023,10.10383129,8.082397461,12.37085438
520,3038.5,3032,3045,10.56189305,6.784351349,14.97352219
521,3061,3054,3068,10.0025068,7.468910694,13.47749615
522,3083.5,3077,3090,9.980248792,7.424015045,14.12390327
523,3106,3099,3113,10.2376366,7.712703228,15.18397903
524,3128.5,3122,3135,10.67867524,7.783725739,13.45184517
525,3150.5,3144,3157,11.04296112,8.578919411,15.05564117
526,3173.5,3167,3180,9.513859919,6.492265701,12.69487476
527,3195.5,3189,3202,10.62953997,8.648049355,14.06187534
528,3218,3211,3225,9.323165607,6.301712036,11.83979988
529,3240.5,3234,3247,9.939921107,6.99078083,15.09956169
530,3263,3256,3270,10.50870355,6.573849678,14.84723473
531,3285.5,3279,3292,9.848454135,6.824086189,14.15489578
532,3308,3301,3315,10.84210339,7.933316231,13.60938549
533,3330.5,3324,3337,10.56587226,8.278079987,12.73044682
534,3353,3346,3360,9.903640715,7.648485184,16.36917496
535,3375.5,3369,3382,9.773350784,7.302527428,11.70559025
536,3398,3391,3405,9.605021699,5.336036205,13.68042564
537,3420.5,3414,3427,10.25750671,8.031333923,12.9302597
538,3442.5,3436,3449,9.888531549,6.527715206,14.73089314
539,3465.5,3459,3472,10.51155799,7.696811676,13.85023975
540,3487.5,3481,3494,9.837309565,6.49385643,11.48286819
541,3510,3503,3517,11.50562515,8.414346695,15.53156471
542,3532.5,3526,3539,10.13315266,7.667741776,12.02057743
543,3555,3548,3562,10.19024913,7.597482681,12.74815941
544,3577.5,3571,3584,9.412278857,6.784789085,12.52384186
545,3600,3593,3607,10.95301825,8.357696533,13.66405678
546,3622.5,3616,3629,10.13849235,6.600047112,14.45961857
547,3645,3638,3652,10.10606499,7.073638439,12.65379906
548,3667.5,3661,3674,9.539117915,6.81191349,14.59315777
549,3690,3683,3697,10.49408216,6.061275005,14.29792976
550,3712.5,3706,3719,10.55321203,7.726568222,15.6761179
551,3734.5,3728,3741,10.47579268,7.868934631,12.90157127
552,3757.5,3751,3764,9.587520463,6.292279243,12.44291401
553,3779.5,3773,3786,9.815864665,6.519762993,13.87959385
554,3802,3795,3809,10.18678284,8.008621216,12.23655128
555,3824.5,3818,3831,10.66493842,7.639111996,13.44439697
556,3847,3840,3854,10.41160641,7.254593849,13.12735462
557,3869.5,3863,3876,9.992425816,7.398242474,13.7816143
558,3892,3885,3899,10.52975823,7.737823009,11.99494743
559,3914.5,3908,3921,9.995828731,7.709877491,11.8095665
560,3937,3930,3944,10.33842039,6.856563568,12.28060722
561,3959.5,3953,3966,10.62130966,7.513548851,13.94531345
562,3981.5,3975,3988,9.308134692,6.127202034,12.33940697
563,4004.5,3998,4011,10.13492526,7.611243725,12.96922588
564,4026.5,4020,4033,10.83550763,7.529001713,15.10176468
565,4049.5,4043,4056,10.51060571,7.186384678,12.91694546
566,4071.5,4065,4078,10.71757412,8.274646759,14.35575485
567,4094,4087,4101,10.02171882,7.861053944,13.04448032
568,4116.5,4110,4123,9.738816261,7.172219276,14.99522305
569,4139,4132,4146,9.833218288,6.99191761,14.33641052
570,4161.5,4155,4168,9.680998359,6.299605846,13.42840385
571,4184,4177,4191,10.87480364,7.981930256,14.32280922
572,4206.5,4200,4213,10.12912737,6.811387539,13.55218029
573,4229,4222,4236,9.875081698,6.131758213,13.80179787
574,4251.5,4245,4258,9.664192983,6.724931717,13.24954891
575,4273.5,4267,4280,9.413953441,7.367666245,17.00818443
576,4296.5,4290,4303,10.23918131,7.754248619,12.14976883
577,4318.5,4312,4325,10.46864462,7.748044014,14.04431915
578,4341,4334,4348,10.46820119,7.861872673,13.93098068
579,4363.5,4357,4370,10.05304326,6.832400322,12.54291058
580,4386,4379,4393,10.58192705,7.936865807,13.94240475
581,4408.5,4402,4415,9.667523043,7.553704262,12.24029541
582,4431,4424,4438,10.44308001,8.344302177,12.6659193
583,4453.5,4447,4460,9.632487297,7.163765907,12.10427284
584,4476,4469,4483,9.643493716,6.929751396,13.11642838
585,4498.5,4492,4505,10.50567521,6.132282734,13.68951321
586,4521,4514,4528,8.978909588,6.374409199,11.48505783
587,4543.5,4537,4550,10.84418835,8.042078972,14.63768959
588,4565.5,4559,4572,10.80301452,7.834966183,14.64007187
589,4588.5,4582,4595,10.48868173,7.291820526,17.15430069
590,4610.5,4604,4617,9.218210493,7.367691994,11.63489532
591,4633,4626,4640,10.58891354,8.382003784,13.93118
592,4655.5,4649,4662,10.0533124,6.694892883,14.70027828
593,4678,4671,4685,9.883693473,6.408099651,12.6277771
594,4700.5,4694,4707,9.72207771,7.477837086,14.74133301
595,4723,4716,4730,9.847229385,6.744934082,13.58922768
596,4745.5,4739,4752,9.939260994,7.492208481,13.60134602
597,4768,4761,4775,9.559023285,6.780727386,13.1177187
598,4790.5,4784,4797,9.998211043,7.288002968,14.83574486
599,4813,4806,4820,11.69358463,8.538299561,16.3650074
600,4835.5,4829,4842,10.37119675,8.198822975,14.0472374
601,4857.5,4851,4864,10.11828818,6.872477531,13.90684891
602,4880.5,4874,4887,10.15887584,7.843341827,13.32671547
603,4902.5,4896,4909,10.76701348,8.557211876,13.53047752
604,4925,4918,4932,10.52715235,6.705604076,15.77477646
605,4947.5,4941,4954,11.33024754,8.662202835,13.96589088
606,4970,4963,4977,10.46010558,7.711057663,15.74744987
607,4992.5,4986,4999,9.963108335,6.996724129,13.1986475
608,5015,5008,5022,10.3890927,6.768433571,14.25900078
609,5037.5,5031,5044,8.796744551,6.733812809,11.98854923
610,5060,5053,5067,10.33846385,7.71575737,13.87856102
611,5082.5,5076,5089,10.41093125,7.143016815,14.42776299
612,5104.5,5098,5111,10.42185177,7.932536125,13.06518936
613,5127.5,5121,5134,9.8972029,7.076917648,12.92475224
614,5149.5,5143,5156,11.18306208,7.148442268,14.3342638
615,5172.5,5166,5179,10.13681289,6.896085739,13.65383244
616,5194.5,5188,5201,10.93886416,7.261631489,14.00142288
617,5217,5210,5224,9.875468922,6.810958385,12.74784184
618,5239.5,5233,5246,9.573846476,6.741991997,12.6267767
619,5262,5255,5269,9.733710861,6.930082321,11.75293827
620,5284.5,5278,5291,11.27371863,8.118785858,14.958354
621,5307,5300,5314,10.52182582,7.492137432,13.22417259
622,5329.5,5323,5336,9.473623719,7.315247536,12.91244316
623,5352,5345,5359,10.09585482,7.04747963,12.64298248
624,5374.5,5368,5381,9.631410871,7.021914482,14.37696934
625,5396.5,5390,5403,10.50521742,7.945021629,14.32367802
626,5419.5,5413,5426,11.08172022,8.80779171,13.39029789
627,5441.5,5435,5448,10.6695855,7.126066685,16.97402
628,5464,5457,5471,10.64108963,6.954351425,13.96899128
629,5486.5,5480,5493,10.515844,6.99438858,13.19646454
630,5509,5502,5516,9.704029338,7.309010506,13.11305237
631,5531.5,5525,5538,10.24354083,8.398853302,13.5878706
632,5554,5547,5561,11.06129084,7.06635952,15.24021339
633,5576.5,5570,5583,9.779970169,8.212190628,11.54861069
634,5599,5592,5606,11.2224213,7.375609875,15.91254807
635,5621.5,5615,5628,10.28296535,7.018572807,14.54186344
636,5644,5637,5651,9.673180199,6.859294891,12.22208023
637,5666.5,5660,5673,10.6960469,7.733011246,15.34931946
638,5688.5,5682,5695,9.776948827,7.755136013,14.17436028
639,5711.5,5705,5718,10.40278186,7.699811935,15.81721878
640,5733.5,5727,5740,9.811671291,6.541762352,11.9607029
641,5756,5749,5763,9.940028127,8.56387043,11.87161827
642,5778.5,5772,5785,9.684681416,7.042805672,12.3843565
643,5801,5794,5808,10.60314312,7.273593903,13.36327362
644,5823.5,5817,5830,9.9223923,8.516674995,12.89046669
645,5846,5839,5853,10.20223834,7.25235033,14.73006153
646,5868.5,5862,5875,10.22644833,7.301857948,15.6537199
647,5891,5884,5898,9.937215296,6.433737278,13.03313828
648,5913.5,5907,5920,10.27960147,6.06129694,14.17471981
649,5936,5929,5943,9.564591503,7.104376793,14.3835535
650,5958.5,5952,5965,9.589777095,6.476266384,13.05854797
651,5980.5,5974,5987,10.4093773,7.044137001,12.76670361
652,6003.5,5997,6010,9.26103391,6.618890285,13.26760864
653,6025.5,6019,6032,9.313944919,7.257254124,13.45228958
654,6048,6041,6055,9.867383226,7.368778229,14.79349709
655,6070.5,6064,6077,10.22250186,7.989482403,14.79424286
656,6093,6086,6100,9.957320944,7.7891469,14.17726898
657,6115.5,6109,6122,10.02857307,6.945715427,15.48936272
658,6138,6131,6145,10.89915307,8.081142426,14.22000027
659,6160.5,6154,6167,9.407890797,7.164598465,11.69315529
660,6183,6176,6190,9.794854546,6.298846722,13.24220848
661,6205.5,6199,6212,10.05160761,8.118643761,11.53414345
662,6227.5,6221,6234,10.3285405,7.831649303,12.95771027
663,6250.5,6244,6257,10.9119183,7.117865562,14.60852432
664,6272.5,6266,6279,10.44584908,7.093083382,13.15490627
665,6295.5,6289,6302,10.56998777,7.527556896,15.65081501
666,6317.5,6311,6324,9.909359694,7.211045742,16.07953072
667,6340,6333,6347,10.76559359,7.725676537,14.15268993
668,6362.5,6356,6369,9.921264853,5.515924454,14.4752388
669,6385,6378,6392,9.849498049,8.137942314,12.16169357
670,6407.5,6401,6414,9.922394344,8.343536377,13.35465908
671,6430,6423,6437,10.28842697,7.930641174,12.15188599
672,6452.5,6446,6459,9.904203415,8.356415749,11.76118279
673,6475,6468,6482,9.913781706,7.747751236,12.9029007
674,6497.5,6491,6504,10.45136942,8.1661129,14.01301289
675,6519.5,6513,6526,10.38957998,7.369909286,12.97218704
676,6542.5,6536,6549,9.74033199,7.889120102,12.47036171
677,6564.5,6558,6571,10.59963397,8.032308578,14.52453518
678,6587,6580,6594,10.30212224,7.952203751,14.77873898
679,6609.5,6603,6616,10.30111827,7.129850864,13.2825737
680,6632,6625,6639,10.4864994,8.759680748,12.99482155
681,6654.5,6648,6661,10.00993582,7.913398266,14.23887157
682,6677,6670,6684,9.430603155,7.595374584,13.55643654
683,6699.5,6693,6706,10.6577534,8.626781464,13.74935627
684,6722,6715,6729,10.42679469,5.844388962,14.82568359
685,6744.5,6738,6751,10.14561745,7.690937519,14.03595924
686,6767,6760,6774,10.82396666,8.619839668,15.87686539
687,6789.5,6783,6796,9.48198734,5.422288895,12.81585217
688,6811.5,6805,6818,9.751400573,7.192075253,13.00276375
689,6834.5,6828,6841,10.01836876,7.005819798,13.73916721
690,6856.5,6850,6863,9.915480852,7.756478786,12.90499878
691,6879,6872,6886,9.356958548,6.808362007,14.15298557
692,6901.5,6895,6908,10.89655386,9.244919777,12.52762413
693,6924,6917,6931,10.50387907,7.291115761,14.80232716
694,6946.5,6940,6953,8.959386383,6.535200119,12.53397179
695,6969,6962,6976,10.12290958,7.990038395,13.49001694
696,6991.5,6985,6998,9.70845277,6.115737915,12.8268671
697,7014,7007,7021,10.59566269,7.643083572,13.23250389
698,7036.5,7030,7043,10.31868087,6.8600173,13.2929945
699,7059,7052,7066,9.472726472,7.529157639,12.40602875
700,7081.5,7075,7088,9.484035833,6.691331387,12.33174896
701,7103.5,7097,7110,10.11863729,8.509973526,11.93570042
702,7126.5,7120,7133,9.782725675,7.497263908,13.28030491
703,7148.5,7142,7155,9.421878883,6.653695107,11.69256592
704,7171,7164,7178,9.484031645,5.874062061,13.43592262
705,7193.5,7187,7200,10.53060647,8.200614929,12.78535366
706,7216,7209,7223,10.12731053,6.086304665,13.22083569
707,7238.5,7232,7245,10.74251563,7.465343475,13.7864933
708,7261,7254,7268,10.45363992,8.028093338,14.60866165
709,7283.5,7277,7290,9.83508294,6.923478127,11.7835474
710,7306,7299,7313,10.37327887,8.290646553,14.27800751
711,7328.5,7322,7335,10.89302693,7.679577351,14.58405113
712,7350.5,7344,7357,9.689719234,5.181555271,12.51207352
713,7373.5,7367,7380,10.42063301,7.129228115,15.13953972
714,7395.5,7389,7402,9.507244042,7.125946999,11.54556179
715,7418.5,7412,7425,10.30584087,6.290972233,13.547225
716,7440.5,7434,7447,10.68228953,7.953677177,13.25381756
717,7463,7456,7470,9.117969259,5.944170475,12.62492275
718,7485.5,7479,7492,10.22286531,8.24597168,11.96060562
719,7508,7501,7515,10.06465543,6.520825386,13.79269409
720,7530.5,7524,7537,9.832007272,7.198298454,13.57999611
721,7553,7546,7560,9.792269389,7.164306641,14.02493572
722,7575.5,7569,7582,10.59224803,7.746717453,13.5217104
723,7598,7591,7605,10.3797334,8.029400826,15.64682007
724,7620.5,7614,7627,10.56045042,6.587064743,17.16305923
725,7642.5,7636,7649,9.584424121,7.110340595,12.70070076
726,7665.5,7659,7672,9.906383719,6.508667469,13.88300133
727,7687.5,7681,7694,10.13841936,7.478243828,13.57426548
728,7710,7703,7717,10.60159378,7.66140461,15.23547077
729,7732.5,7726,7739,10.56951404,7.94888258,14.61798763
730,7755,7748,7762,9.37155091,6.888264656,13.04636097
731,7777.5,7771,7784,9.854091883,6.694967747,12.30577374
732,7800,7793,7807,10.02401667,7.50057745,15.56039047
733,7822.5,7816,7829,9.878021751,5.791599274,11.60853577
734,7845,7838,7852,10.82507413,6.528416634,15.4649334
735,7867.5,7861,7874,9.894872495,7.204013348,12.5275631
736,7890,7883,7897,10.91923707,7.894651413,13.48712444
737,7912.5,7906,7919,10.57119192,8.339091301,13.65955448
738,7934.5,7928,7941,8.674357312,5.598819733,11.96943665
739,7957.5,7951,7964,9.896931376,7.580827713,12.32324505
740,7979.5,7973,7986,10.0629003,7.303400517,13.79717731
741,8002,7995,8009,10.62350527,6.116798401,14.05929089
742,8024.5,8018,8031,9.755830084,7.208819389,13.95935154
743,8047,8040,8054,9.374018606,7.124312401,12.15055943
744,8069.5,8063,8076,10.19696283,6.907720566,13.53930855
745,8092,8085,8099,10.8922123,6.576294899,15.38226604
746,8114.5,8108,8121,10.0618919,6.471149445,12.18633175
747,8137,8130,8144,9.34263436,5.21077919,12.77916145
748,8159.5,8153,8166,10.21895228,6.79944706,13.41172791
749,8182,8175,8189,10.05094248,5.923765182,13.1079998
750,6.5,0,13,9.713956594,6.829563141,13.65881348
751,28.5,22,35,9.645636763,7.145480156,12.7678442
752,45,38,52,9.673406378,7.255065441,13.54808903
753,61.5,55,68,10.72310121,7.799512863,13.42275143
754,78,71,85,9.925203228,7.193121433,12.74588966
755,94.5,88,101,9.827564512,6.283768654,12.08495522
756,111,104,118,10.34960667,7.194277763,14.12008667
757,127.5,121,134,9.560860702,6.335329056,13.97303677
758,144,137,151,10.64546544,6.806054592,13.64435387
759,160.5,154,167,9.938721555,7.968778133,13.01712513
760,177,170,184,10.18577741,8.719468117,14.78560448
761,199.5,193,206,10.05792212,7.791639328,13.17733288
762,215.5,209,222,10.09962743,6.094582558,12.61127472
763,232,225,239,9.54002676,7.441456795,14.11832237
764,248.5,242,255,10.58667588,7.19820261,12.82898331
765,265,258,272,10.51748091,6.178429604,16.07902336
766,281.5,275,288,10.78956638,7.559882164,15.51815224
767,298,291,305,10.64217739,8.455337524,12.91107941
768,314.5,308,321,10.04523523,7.534210205,15.51163769
769,331,324,338,9.766769314,7.733299732,12.1418705
770,347.5,341,354,9.988455636,7.225039005,12.60413074
771,370,363,377,10.30631084,6.901310921,14.58149147
772,386.5,380,393,9.952548708,6.405554771,14.76867867
773,403,396,410,10.51317291,7.436548233,14.24904728
774,419.5,413,426,10.02575615,8.102044106,13.4368
775,435.5,429,442,10.23690248,7.519161701,16.01718521
776,452,445,459,9.957305209,6.804139137,14.07697868
777,468.5,462,475,10.23580442,6.347848892,14.00292492
778,485,478,492,10.10538603,7.477363586,12.07148075
779,501.5,495,508,10.33567653,7.896823883,12.69409657
780,518,511,525,9.431224028,7.186727047,13.89186859
781,540.5,534,547,10.29946933,7.398961067,15.63025093
782,557,550,564,10.13800449,7.791230202,14.93303108
783,573.5,567,580,10.41939133,7.783417225,15.16987324
784,590,583,597,9.842024899,6.706465721,12.80313969
785,606.5,600,613,10.12554945,8.025529861,13.08573341
786,623,616,630,10.83193156,9.164884567,13.24704552
787,639.5,633,646,9.043594565,6.509705067,10.67013645
788,655.5,649,662,9.572083882,7.434984207,13.42370033
789,672,665,679,10.57492943,7.94077301,14.20789719
790,688.5,682,695,9.532848699,6.12487793,15.21327019
791,711,704,718,9.760324987,7.364825726,12.06745625
792,727.5,721,734,9.638189622,6.879752159,12.70485306
793,744,737,751,9.505527051,6.831305027,12.2706461
794,760.5,754,767,9.142252956,6.061511993,12.26299858
795,777,770,784,10.64609276,7.421665668,15.9111824
796,793.5,787,800,9.787337371,6.04656744,14.91775036
797,810,803,817,10.10067981,6.879727364,16.16915512
798,826.5,820,833,10.38007917,7.135379314,13.37084579
799,843,836,850,9.978486029,7.319049358,12.90085888
800,859.5,853,866,9.719671931,6.54792881,13.2728653
801,881.5,875,888,9.683406728,6.923420906,13.09634304
802,898,891,905,10.38137449,5.394659042,14.55329132
803,914.5,908,921,10.22461891,7.53553009,12.57555103
804,931,924,938,9.765353807,7.334923744,13.71936607
805,947.5,941,954,9.781024422,6.378204346,15.84954166
806,964,957,971,10.22364527,7.173622131,13.14813137
807,980.5,974,987,10.10276549,6.897356033,14.76432705
808,997,990,1004,10.59043471,7.294410706,13.05238819
809,1013.5,1007,1020,10.26181575,6.83894825,14.60502148
810,1030,1023,1037,10.3926767,5.408497334,12.93571091
811,1052.5,1046,1059,10.24749838,7.79884243,13.02422905
812,1068.5,1062,1075,9.810381992,6.801301003,15.08212471
813,1085,1078,1092,10.62023503,7.47757864,14.48939419
814,1101.5,1095,1108,10.67435605,8.187009811,13.027565
815,1118,1111,1125,10.04067739,7.136893749,13.15593529
816,1134.5,1128,1141,10.50243146,8.156982422,12.75008678
817,1151,1144,1158,9.871394984,8.12252903,11.71670437
818,1167.5,1161,1174,9.842579263,7.136634827,14.45227623
819,1184,1177,1191,10.44859152,5.934839725,13.84064484
820,1200.5,1194,1207,10.18878869,8.160171509,12.58203125
821,1223,1216,1230,10.60067024,6.773584366,14.70053673
822,1239.5,1233,1246,9.531141213,7.398919582,11.69581223
823,1256,1249,1263,9.8896245,5.660367012,13.60907555
824,1272.5,1266,1279,9.478487049,7.80057478,12.89550686
825,1288.5,1282,1295,9.741996425,7.209686279,12.52311325
826,1305,1298,1312,10.26938384,6.603696346,15.30535221
827,1321.5,1315,1328,11.15167897,8.006201744,14.28660774
828,1338,1331,1345,9.795383962,7.914445877,12.3991642
829,1354.5,1348,1361,9.697707926,7.587211609,13.07217026
830,7,0,14,9.663286114,7.221123695,11.69888687
831,29.5,23,36,10.22174004,7.283308029,14.93419838
832,52,45,59,9.956370672,7.857765198,11.22837257
833,74.5,68,81,10.6515679,7.266857624,13.5476017
834,97,90,104,9.748404662,6.030148983,12.63923168
835,119.5,113,126,10.18808372,6.365562439,13.06558609
836,142,135,149,10.80191771,8.745397568,14.00343323
837,164.5,158,171,10.54472167,7.634902954,13.62594032
838,186.5,180,193,10.08911691,6.399343491,14.86369705
839,209,202,216,10.6784502,7.925542831,15.33605194
840,231.5,225,238,10.38268934,7.629327297,14.69813251
841,254,247,261,11.07971344,9.043231964,14.23003769
842,276.5,270,283,9.712423733,6.299672604,12.43550491
843,299,292,306,9.534035238,5.883979321,13.49259281
844,321.5,315,328,9.678266287,6.634667397,12.21596718
845,344,337,351,9.742650795,7.269723415,13.13157654
846,366.5,360,373,10.7091323,6.866154194,13.93366337
847,389,382,396,10.4373148,6.68449688,16.91146088
848,411.5,405,418,10.01356268,7.262086868,15.17277622
849,434,427,441,9.575983493,6.740465641,13.2538662
850,456.5,450,463,9.728778975,6.916349411,13.42428589
851,478.5,472,485,9.918160541,7.841659069,11.84747219
852,501,494,508,9.486314901,6.622261524,12.34445095
853,523.5,517,530,9.235870361,6.734915733,11.81992435
854,546,539,553,10.51747554,7.458978176,14.13058853
855,568.5,562,575,9.808927127,7.049722672,11.47408485
856,591,584,598,8.749161688,5.40831995,12.08065796
857,613.5,607,620,9.246554852,7.14069128,12.22445297
858,636,629,643,10.47919734,7.808670521,16.30368423
859,658.5,652,665,10.17937977,7.365871429,13.51136971
860,681,674,688,10.59726467,6.098034859,13.99766159
861,703.5,697,710,10.97551693,7.965696335,16.79948235
862,725.5,719,732,10.28455128,7.006086826,12.822855
863,748,741,755,9.759652233,6.972618103,12.27992249
864,770.5,764,777,9.524031571,6.771958351,11.92118549
865,793,786,800,11.0342432,6.71922493,17.95369339
866,815.5,809,822,11.04415955,8.878528595,14.06758881
867,838,831,845,9.80718174,7.128822327,12.51135349
868,860.5,854,867,10.52358144,8.196962357,13.21280956
869,883,876,890,9.27859513,5.816118717,12.40962124
870,905.5,899,912,10.59250389,7.794472694,17.57079887
871,928,921,935,9.939394188,7.326396942,16.29033852
872,950.5,944,957,10.33010496,7.683509827,16.26345062
873,973,966,980,9.720342477,7.43564415,13.12166786
874,995.5,989,1002,10.36650337,6.622820377,13.39152431
875,1017.5,1011,1024,9.137528283,6.344123363,16.42436028
876,1040,1033,1047,11.08815759,7.506612778,14.56399155
877,1062.5,1056,1069,10.01675316,6.661512375,14.17909145
878,1085,1078,1092,10.37939304,7.571478844,13.56282425
879,1107.5,1101,1114,9.923301765,8.506816864,12.29045391
880,1130,1123,1137,10.57285512,7.341753006,13.30102444
881,1152.5,1146,1159,9.365402256,6.27797699,11.56451321
882,1175,1168,1182,10.67230854,5.321079254,13.12305641
883,1197.5,1191,1204,10.47970997,7.164941788,13.99816036
884,1220,1213,1227,9.41933616,6.704430103,12.01196575
885,1242.5,1236,1249,10.60359768,7.880525112,13.96108246
886,1265,1258,1272,10.01545372,7.58540535,12.55170822
887,1287.5,1281,1294,9.480195965,6.775162697,12.91817474
888,1309.5,1303,1316,10.6968251,8.78148365,13.51624298
889,1332,1325,1339,9.882752291,6.564840317,12.75430202
890,1354.5,1348,1361,9.100336756,5.847848892,11.81568718
891,1377,1370,1384,10.43607648,8.523697853,14.04027939
892,1399.5,1393,1406,8.854560886,5.908439636,11.87810993
893,1422,1415,1429,10.00111106,7.190432549,15.21757698
894,1444.5,1438,1451,9.802040815,7.399122238,13.26848602
895,1467,1460,1474,9.566517957,6.881021976,12.61333942
896,1489.5,1483,1496,9.57306225,5.788541794,12.74283791
897,1512,1505,1519,10.34126542,7.719917774,15.35917759
898,1534.5,1528,1541,10.08845629,8.051836967,14.19594574
899,1557,1550,1564,10.27829981,6.739979267,13.52239704
900,1579.5,1573,1586,10.25242587,7.850601196,13.00098038
901,1601.5,1595,1608,9.623752117,6.908016205,11.62875175
902,1624,1617,1631,9.715747579,7.039059639,13.20805454
903,1646.5,1640,1653,10.14692439,7.942685604,14.79340649
904,1669,1662,1676,10.60066865,7.053394318,12.87747192
905,1691.5,1685,1698,10.90790779,7.740170956,14.2857132
906,1714,1707,1721,9.626301034,6.229860306,14.37460518
907,1736.5,1730,1743,10.24729027,7.087337494,12.85901642
908,1759,1752,1766,9.414919249,6.908638477,12.73497009
909,1781.5,1775,1788,10.70657032,7.132559299,14.02261734
910,1804,1797,1811,9.638627116,6.256895542,14.38174343
911,1826.5,1820,1833,9.71764292,6.956112862,12.38728333
912,1848.5,1842,1855,10.61019594,7.389842987,15.47898388
913,1871,1864,1878,10.2461991,6.709697723,13.03751564
914,1893.5,1887,1900,10.21224172,7.25491333,12.99631691
915,1916,1909,1923,9.708429845,7.027525425,12.07903099
916,1938.5,1932,1945,10.67618118,8.154525757,13.58000851
917,1961,1954,1968,9.228300444,5.59333086,12.1568222
918,1983.5,1977,1990,10.67662324,7.797636509,14.27689075
919,2006,1999,2013,10.47807334,7.734165668,12.37913036
920,2028.5,2022,2035,9.788856268,7.750294209,12.61955738
921,2051,2044,2058,9.661502775,7.073012352,14.09694767
922,2073.5,2067,2080,10.50201457,7.462015152,14.06339169
923,2096,2089,2103,10.08004602,7.240181923,12.36233139
924,2118.5,2112,2125,10.18904032,7.612377167,13.39027596
925,2140.5,2134,2147,9.970932926,7.89573431,13.93568897
926,2163,2156,2170,10.24643714,7.764828682,13.50205994
927,2185.5,2179,2192,10.10855341,7.99306488,12.43764782
928,2208,2201,2215,9.80464042,6.885289192,14.08986855
929,2230.5,2224,2237,9.87436533,7.720592499,15.06521797
930,2253,2246,2260,10.08609034,7.860616684,12.10417938
931,2275.5,2269,2282,9.899236407,8.341090202,12.20434666
932,2298,2291,2305,10.14010321,8.36912632,12.83109093
933,2320.5,2314,2327,10.25256109,6.985089779,14.44977188
934,2343,2336,2350,11.29604988,8.017327309,14.93771744
935,2365.5,2359,2372,11.32329222,7.85577774,16.37676048
936,2388,2381,2395,10.49540691,5.96324873,13.87633133
937,2410.5,2404,2417,9.686840977,7.59498167,11.58545399
938,2432.5,2426,2439,10.61804608,6.470194817,14.27814674
939,2455,2448,2462,9.643143908,6.853201866,12.02812958
940,2477.5,2471,2484,9.668787275,6.792324066,14.64133167
941,2500,2493,2507,10.17152608,7.465258598,14.72791862
942,2522.5,2516,2529,10.12066841,8.11333847,12.95262814
943,2545,2538,2552,9.827808444,7.878568649,12.06545353
944,2567.5,2561,2574,10.59933186,8.533452034,12.54078484
945,2590,2583,2597,10.63365351,7.781614304,13.28039169
946,2612.5,2606,2619,10.98846783,8.524216652,13.67923355
947,2635,2628,2642,9.54164683,7.446448326,11.07356262
948,2657.5,2651,2664,9.86222509,5.227015018,12.87582016
949,2680,2673,2687,9.958950933,5.589096069,11.91492176
950,2702.5,2696,2709,10.02532789,8.235589027,13.12196541
951,2724.5,2718,2731,9.171583414,5.891077518,12.40569973
952,2747,2740,2754,9.161813386,7.125775814,11.83540535
953,2769.5,2763,2776,9.879468032,6.946218491,15.78581047
954,2792,2785,2799,10.63829352,7.351428032,14.66350079
955,2814.5,2808,2821,10.48684488,7.741674423,12.39959812
956,2837,2830,2844,9.709071668,5.956578255,13.16222
957,2859.5,2853,2866,10.32003505,8.427105904,13.4273386
958,2882,2875,2889,10.04526272,7.321341038,12.84171295
959,2904.5,2898,2911,9.80283182,6.659303188,11.81112766
960,2927,2920,2934,10.32219861,8.206184387,13.19723034
961,2949.5,2943,2956,10.36643744,7.475431442,13.15949345
962,2971.5,2965,2978,9.48556178,6.169550896,13.36998558
963,2994,2987,3001,9.992918078,5.580373764,13.32329655
964,3016.5,3010,3023,9.733804975,6.675383568,12.09755802
965,3039,3032,3046,10.16620941,7.319523811,12.97338963
966,3061.5,3055,3068,10.30749004,7.445952415,15.94196224
967,3084,3077,3091,9.680266444,7.098702908,12.50285244
968,3106.5,3100,3113,10.49693714,7.981375694,13.04227829
969,3129,3122,3136,10.26574841,6.321061134,14.52153587
970,3151.5,3145,3158,9.944793701,7.122407913,13.98004627
971,3174,3167,3181,9.070468966,6.027750969,11.70358086
972,3196.5,3190,3203,9.972480672,7.597407818,13.17654705
973,3219,3212,3226,10.42272479,8.079702377,13.14973068
974,3241.5,3235,3248,11.34664427,8.958300591,17.59251022
975,3263.5,3257,3270,10.36080013,7.452349663,12.56272888
976,3286,3279,3293,10.03205363,7.905544281,14.60287189
977,3308.5,3302,3315,9.657776526,6.611976624,14.19265175
978,3331,3324,3338,9.847698434,7.688241959,12.86239529
979,3353.5,3347,3360,9.562641859,7.77799654,11.14027405
980,3376,3369,3383,10.40430514,7.314090729,13.10866165
981,3398.5,3392,3405,9.984720298,6.537792206,12.09093571
982,3421,3414,3428,9.98140475,6.866812706,14.59161854
983,3443.5,3437,3450,9.94533389,7.812554359,12.97645664
984,3466,3459,3473,10.70928733,7.022306442,13.82893181
985,3488.5,3482,3495,10.01665957,7.212164402,15.5073595
986,3511,3504,3518,9.980163574,7.96149826,13.4457674
987,3533.5,3527,3540,10.3560477,6.503317833,13.63757324
988,3555.5,3549,3562,10.57090756,6.361694813,14.30541039
989,3578,3571,3585,9.664993445,6.422132492,13.846838
990,3600.5,3594,3607,9.908083235,8.221893311,11.73951912
991,3623,3616,3630,10.05342429,6.906340122,14.51108837
992,3645.5,3639,3652,9.736163003,6.885819912,13.4996748
993,3668,3661,3675,9.828701719,7.713937759,11.95632744
994,3690.5,3684,3697,10.3142111,8.456971169,12.21578217
995,3713,3706,3720,9.84584411,7.180586338,12.57281303
996,3735.5,3729,3742,10.10652372,7.738318443,13.44368553
997,3758,3751,3765,10.12667815,7.754531384,13.78468323
998,3780.5,3774,3787,9.679194178,5.404029369,15.4641161
999,3803,3796,3810,10.54674994,7.38698864,14.56238556
1000,3825.5,3819,3832,10.11737701,6.851636887,16.09066391
