D_clean,D_fake,D_noisy
-290.0457763671875,-289.3177185058594,-294.393798828125
-304.57086181640625,-305.9423522949219,-312.5299072265625
-309.67724609375,-309.10675048828125,-320.43634033203125
-304.80535888671875,-311.7453308105469,-332.4742431640625
-309.96099853515625,-315.69873046875,-316.2215881347656
-318.4281311035156,-317.3974609375,-327.30548095703125
-313.7210693359375,-311.2405700683594,-328.9066162109375
-316.465576171875,-327.361328125,-363.03369140625
-303.36151123046875,-306.762939453125,-308.3331298828125
-312.5526123046875,-313.6376953125,-319.0653991699219
-321.0641784667969,-321.11328125,-342.919921875
-314.6346435546875,-311.560791015625,-338.0997009277344
-321.204833984375,-313.2747802734375,-327.006103515625
-319.6171875,-316.9314880371094,-329.54931640625
-311.6275634765625,-314.0809326171875,-329.45770263671875
-309.8973388671875,-314.66033935546875,-331.74713134765625
-317.654052734375,-314.2231750488281,-321.19073486328125
-317.97930908203125,-315.19268798828125,-325.86468505859375
-312.5629577636719,-312.6422119140625,-325.1749267578125
-310.4021911621094,-317.093994140625,-338.65606689453125
-297.9488220214844,-312.1219482421875,-303.5774841308594
-299.6480712890625,-300.29583740234375,-310.309326171875
-317.07977294921875,-317.970703125,-331.7503967285156
-304.77886962890625,-305.16253662109375,-337.1211853027344
-312.3345947265625,-313.9498291015625,-317.74432373046875
-308.35186767578125,-311.2646484375,-318.7228088378906
-309.30279541015625,-308.3176574707031,-327.906494140625
-312.7715759277344,-327.634521484375,-367.29156494140625
-299.65850830078125,-300.51544189453125,-307.88507080078125
-300.64569091796875,-301.5879821777344,-316.27813720703125
-326.0225524902344,-321.5410461425781,-346.1941833496094
-313.3004150390625,-322.3563232421875,-352.42431640625
-311.06915283203125,-308.73626708984375,-313.98175048828125
-304.85723876953125,-305.65838623046875,-314.9746398925781
-308.2240295410156,-308.19580078125,-329.87396240234375
-307.1826171875,-307.6741638183594,-333.22613525390625
-312.2852783203125,-311.7491149902344,-316.68548583984375
-304.53790283203125,-306.76934814453125,-316.2236328125
-310.67010498046875,-312.3978576660156,-330.92138671875
-293.5072326660156,-299.2708740234375,-347.11651611328125
-302.03387451171875,-301.7801208496094,-305.9345703125
-302.85723876953125,-303.92529296875,-312.1988830566406
-310.3281555175781,-309.7099304199219,-324.32781982421875
-306.512939453125,-307.8371887207031,-338.8234558105469
-306.72991943359375,-316.25128173828125,-310.76763916015625
-305.53582763671875,-305.68841552734375,-316.3561706542969
-292.69049072265625,-295.9241943359375,-327.84747314453125
-301.5022888183594,-316.246826171875,-366.90625
-304.856689453125,-304.9244384765625,-310.2681884765625
-312.1658630371094,-308.7222900390625,-323.25726318359375
-293.99029541015625,-294.9451599121094,-320.006103515625
-294.87603759765625,-304.8333740234375,-354.23193359375
-316.22137451171875,-312.95562744140625,-320.05767822265625
-311.63214111328125,-313.73529052734375,-320.4112548828125
-307.636962890625,-307.1981201171875,-326.35430908203125
-305.31866455078125,-307.3185729980469,-351.54681396484375
-302.125244140625,-305.07318115234375,-306.0718994140625
-313.6835021972656,-310.8750915527344,-323.852294921875
-305.175537109375,-304.7796936035156,-322.27764892578125
-303.539794921875,-305.5054016113281,-340.50439453125
-294.1706848144531,-292.67333984375,-297.2448425292969
-320.5469665527344,-308.15301513671875,-328.8154296875
-317.8795166015625,-314.95574951171875,-331.7705078125
-312.8492431640625,-314.76287841796875,-336.373779296875
-309.674072265625,-309.2998046875,-315.65350341796875
-305.054443359375,-304.06695556640625,-315.1712951660156
-312.5815734863281,-316.304931640625,-329.90277099609375
-305.833251953125,-310.71612548828125,-345.7461242675781
-305.811767578125,-305.57501220703125,-312.2397155761719
-302.7767639160156,-298.5318603515625,-315.6383056640625
-315.2432861328125,-317.4842529296875,-335.29638671875
-310.3477478027344,-315.7464599609375,-341.69134521484375
-300.7969970703125,-300.06634521484375,-305.6214599609375
-304.5832214355469,-303.6063232421875,-312.6423034667969
-308.1396484375,-307.17913818359375,-330.628662109375
-310.58038330078125,-310.7447204589844,-341.25579833984375
-292.0843811035156,-292.2598571777344,-300.0765380859375
-297.64276123046875,-299.58441162109375,-312.6408386230469
-307.36920166015625,-308.3753662109375,-330.02752685546875
-296.67236328125,-299.9416198730469,-338.30047607421875
-300.6475830078125,-295.6079406738281,-304.83038330078125
-306.235107421875,-305.40948486328125,-312.3403015136719
-299.108154296875,-298.0630798339844,-311.6187438964844
-314.24212646484375,-309.9682312011719,-341.83917236328125
-314.28839111328125,-314.9082336425781,-320.50872802734375
-312.98565673828125,-314.2881164550781,-318.42913818359375
-299.6944274902344,-305.5887451171875,-339.01251220703125
-301.65277099609375,-303.73260498046875,-354.1155700683594
-312.4526062011719,-309.11627197265625,-318.849853515625
-305.45709228515625,-311.0726013183594,-318.8070373535156
-322.06195068359375,-323.12982177734375,-350.5496826171875
-290.5216369628906,-301.09600830078125,-347.1859436035156
-311.278076171875,-316.32757568359375,-315.41461181640625
-314.516357421875,-313.78228759765625,-326.826904296875
-317.575927734375,-314.43853759765625,-337.7540588378906
-299.623291015625,-301.4107360839844,-337.99359130859375
-309.48486328125,-309.9214782714844,-315.59661865234375
-301.8419189453125,-301.7950439453125,-312.906494140625
-307.6138610839844,-309.39495849609375,-329.7082824707031
-302.6446533203125,-318.7467956542969,-342.5494384765625
-298.9223937988281,-299.14935302734375,-301.65167236328125
-302.629150390625,-302.36993408203125,-312.93438720703125
-319.5572509765625,-319.70361328125,-337.4142150878906
-291.5020751953125,-292.32666015625,-325.39117431640625
-312.2861328125,-304.887451171875,-317.94635009765625
-305.6266174316406,-309.2608337402344,-323.79815673828125
-294.82427978515625,-295.0979309082031,-315.9075012207031
-307.07843017578125,-312.7209777832031,-368.03436279296875
-309.29150390625,-311.8702392578125,-314.4241943359375
-317.7344970703125,-314.500732421875,-330.188232421875
-307.08306884765625,-308.8297119140625,-322.80084228515625
-314.33502197265625,-323.5918273925781,-351.59539794921875
-311.1699523925781,-311.59405517578125,-314.55078125
-316.62396240234375,-314.8626708984375,-325.26043701171875
-304.3158874511719,-303.73077392578125,-322.6398620605469
-303.6770324707031,-310.7257995605469,-348.96826171875
-312.876953125,-307.1937561035156,-317.87835693359375
-298.0189208984375,-298.0427551269531,-314.07611083984375
-297.62225341796875,-300.8675537109375,-324.76727294921875
-307.0357971191406,-307.91290283203125,-339.2967529296875
-301.47186279296875,-300.6346740722656,-304.2620544433594
-316.39990234375,-317.0909423828125,-324.1386413574219
-313.0867614746094,-310.6399841308594,-321.1304626464844
-311.68389892578125,-311.5712890625,-337.0897216796875
-315.9807434082031,-310.7763366699219,-321.10076904296875
-307.63983154296875,-308.64093017578125,-318.0923156738281
-314.1962890625,-313.6381530761719,-337.57318115234375
-304.07318115234375,-310.5989990234375,-340.85675048828125
-296.06878662109375,-296.5687561035156,-301.15875244140625
-302.6290283203125,-303.71392822265625,-316.45587158203125
-301.4759826660156,-302.5257873535156,-319.3096923828125
-306.15399169921875,-308.29522705078125,-335.50970458984375
-312.6817626953125,-306.95745849609375,-317.5531005859375
-290.7099304199219,-289.72296142578125,-307.17681884765625
-302.3158874511719,-299.8714599609375,-331.919189453125
-314.2265625,-305.0635681152344,-346.5210876464844
-299.46795654296875,-299.75286865234375,-307.2366638183594
-313.07745361328125,-312.9512939453125,-324.1285400390625
-306.5931396484375,-306.0802307128906,-327.22967529296875
-303.3043212890625,-302.16717529296875,-338.44488525390625
-312.349609375,-306.323974609375,-315.12054443359375
-313.5939636230469,-310.7116394042969,-320.8055114746094
-303.52069091796875,-303.3756103515625,-314.01153564453125
-319.74029541015625,-321.1080322265625,-339.39739990234375
-296.4645080566406,-296.64764404296875,-307.2798156738281
-300.3490295410156,-300.36456298828125,-318.4931640625
-304.84161376953125,-310.94732666015625,-332.3102111816406
-310.6270751953125,-324.360595703125,-350.1600646972656
-304.14892578125,-304.8719482421875,-311.14776611328125
-315.90399169921875,-313.04443359375,-328.43817138671875
-302.7359619140625,-304.28631591796875,-316.711181640625
-313.67291259765625,-329.9525146484375,-363.17999267578125
-316.7089538574219,-312.8262023925781,-322.7950439453125
-298.185791015625,-296.7124328613281,-318.109375
-310.9709777832031,-307.27008056640625,-332.2603454589844
-309.6148681640625,-308.93853759765625,-348.565673828125
-305.30279541015625,-306.512451171875,-312.7664489746094
-309.91253662109375,-310.2545166015625,-318.8572692871094
-310.68609619140625,-308.92657470703125,-330.921875
-302.9246826171875,-300.82586669921875,-345.6956481933594
-304.72882080078125,-305.5445556640625,-308.81585693359375
-301.8564147949219,-304.9884338378906,-310.1785888671875
-308.4448547363281,-304.27685546875,-320.11419677734375
-294.8280029296875,-296.60986328125,-342.82928466796875
-312.2842102050781,-307.5037536621094,-314.9344787597656
-310.1424560546875,-312.3775634765625,-321.08978271484375
-302.2352600097656,-306.5460510253906,-339.00091552734375
-297.2048645019531,-304.2647705078125,-338.2738037109375
-320.8583984375,-304.15234375,-324.96575927734375
-312.7626647949219,-312.8968200683594,-321.95989990234375
-307.1250915527344,-310.74298095703125,-330.66448974609375
-310.1865234375,-310.5694580078125,-344.2499694824219
-299.9017333984375,-298.987060546875,-306.71258544921875
-303.03173828125,-303.1997985839844,-316.82470703125
-317.80706787109375,-315.26806640625,-338.0841064453125
-299.2556457519531,-302.70611572265625,-339.2351989746094
-299.6470947265625,-300.5977783203125,-309.9327392578125
-314.803466796875,-315.3337707519531,-326.85894775390625
-309.8516845703125,-314.1612243652344,-337.5959167480469
-304.92559814453125,-308.53985595703125,-345.82330322265625
-304.7357177734375,-304.474609375,-307.9912109375
-311.379150390625,-307.23114013671875,-320.63055419921875
-314.2451171875,-309.54058837890625,-332.0442810058594
-311.7862548828125,-306.84893798828125,-335.42938232421875
-307.8218994140625,-306.52294921875,-313.98797607421875
-314.9829406738281,-312.03668212890625,-323.6414489746094
-313.63885498046875,-312.79443359375,-332.7071533203125
-307.533935546875,-312.2354431152344,-343.05908203125
-311.09759521484375,-307.60833740234375,-315.7339172363281
-311.8663024902344,-318.1974792480469,-319.19891357421875
-312.6760559082031,-315.3878173828125,-330.7674560546875
-308.5325927734375,-323.7127990722656,-355.1652526855469
-302.5567626953125,-306.54010009765625,-307.8222351074219
-308.6468505859375,-307.622314453125,-318.52288818359375
-312.7451171875,-309.730712890625,-338.06256103515625
-300.2641906738281,-299.52374267578125,-337.9251708984375
-299.1248779296875,-299.0298156738281,-308.87274169921875
-293.7271728515625,-296.283447265625,-312.6348876953125
-302.485595703125,-304.5670166015625,-322.6151123046875
-295.9925537109375,-298.9011535644531,-334.2919921875
-301.90185546875,-302.9287109375,-304.1456298828125
-300.806396484375,-301.88067626953125,-312.3109130859375
-308.65911865234375,-308.46832275390625,-316.3065490722656
-315.59991455078125,-317.07720947265625,-330.7607421875
-306.2403869628906,-306.08624267578125,-313.6368408203125
-294.0252380371094,-297.1468505859375,-307.19482421875
-317.29656982421875,-317.053955078125,-336.6983337402344
-313.13818359375,-313.7981872558594,-333.1590576171875
-319.5749206542969,-307.6082763671875,-326.3360290527344
-301.46142578125,-298.852294921875,-314.5755310058594
-308.5181579589844,-309.9684143066406,-324.3362121582031
-308.50177001953125,-313.61102294921875,-344.3772888183594
-314.5294494628906,-315.2209777832031,-319.49493408203125
-312.672119140625,-313.0190124511719,-322.51702880859375
-300.35198974609375,-299.0833740234375,-325.1968688964844
-298.2216796875,-297.7868957519531,-337.036376953125
-302.9586486816406,-302.74993896484375,-311.17279052734375
-308.0791015625,-310.31854248046875,-321.5184326171875
-301.827392578125,-314.30621337890625,-317.414794921875
-297.110107421875,-302.30419921875,-341.9806823730469
-308.3751525878906,-312.66455078125,-313.70794677734375
-296.8626708984375,-296.4636535644531,-307.04254150390625
-312.03509521484375,-311.76531982421875,-329.7975158691406
-308.27520751953125,-308.7169189453125,-326.5510559082031
-307.2495422363281,-306.955810546875,-312.9754638671875
-305.843994140625,-316.689208984375,-320.692138671875
-303.7080078125,-305.87213134765625,-328.54913330078125
-308.06390380859375,-316.4197998046875,-370.2601623535156
-296.9879455566406,-296.232177734375,-305.8262939453125
-317.25665283203125,-317.153564453125,-325.33416748046875
-301.6491394042969,-302.2354736328125,-322.150390625
-311.0654296875,-316.76220703125,-345.5875549316406
-301.0589904785156,-299.69207763671875,-307.6595458984375
-316.1441345214844,-312.7860107421875,-327.7262878417969
-311.6980285644531,-311.99298095703125,-330.44232177734375
-312.033447265625,-309.62799072265625,-352.226806640625
-309.590576171875,-310.8106994628906,-315.5281677246094
-317.81689453125,-319.21502685546875,-330.0435791015625
-311.74755859375,-316.6419677734375,-333.0648498535156
-314.7905578613281,-318.87286376953125,-351.56414794921875
-316.33416748046875,-314.4516906738281,-318.88580322265625
-306.1602478027344,-306.5008850097656,-314.63885498046875
-308.5874938964844,-308.91265869140625,-320.47955322265625
-309.44158935546875,-310.817626953125,-341.17535400390625
-310.593017578125,-308.40093994140625,-313.92608642578125
-314.84375,-313.19097900390625,-321.487548828125
-318.1539611816406,-312.2720031738281,-344.4083251953125
-311.7935791015625,-315.96673583984375,-353.83807373046875
-305.5173034667969,-316.73150634765625,-310.0973815917969
-308.3109130859375,-308.14874267578125,-317.65972900390625
-317.03564453125,-311.8954772949219,-330.0687255859375
-312.994140625,-316.818603515625,-347.887451171875
-313.52716064453125,-315.69390869140625,-318.3859558105469
-306.95147705078125,-308.52679443359375,-318.6356201171875
-309.7236328125,-309.4154357910156,-335.82574462890625
-314.2763366699219,-317.56658935546875,-354.7274169921875
-304.03228759765625,-295.7720947265625,-310.05120849609375
-312.17120361328125,-309.91387939453125,-321.7274475097656
-316.0653076171875,-312.97314453125,-337.4295654296875
-313.322998046875,-314.2568359375,-333.8392333984375
-308.41314697265625,-302.74688720703125,-313.35821533203125
-312.42645263671875,-312.70849609375,-320.0894775390625
-313.91766357421875,-313.1041259765625,-321.9471435546875
-302.4180908203125,-309.42730712890625,-340.7245788574219
-311.894287109375,-316.2583923339844,-317.4649658203125
-295.4757995605469,-296.24981689453125,-317.54071044921875
-309.71697998046875,-307.1228332519531,-322.72235107421875
-302.2390441894531,-307.11956787109375,-364.6355285644531
-311.1120910644531,-313.9527587890625,-314.593017578125
-300.61517333984375,-298.795166015625,-320.1041564941406
-296.9532165527344,-306.8042907714844,-320.736083984375
-312.0816650390625,-315.285888671875,-336.6405944824219
-301.7913513183594,-300.26611328125,-307.27801513671875
-313.9661865234375,-310.6627197265625,-321.79217529296875
-307.09283447265625,-306.4602355957031,-331.7354736328125
-311.3420715332031,-311.9625244140625,-344.0072021484375
-311.1750183105469,-312.362548828125,-315.7325439453125
-314.27978515625,-312.1981201171875,-324.3280029296875
-307.6667175292969,-311.770751953125,-324.36944580078125
-296.17510986328125,-315.49066162109375,-342.3712463378906
-306.72869873046875,-308.35772705078125,-311.585693359375
-311.46734619140625,-308.38800048828125,-317.85003662109375
-305.2200012207031,-305.2551574707031,-319.345458984375
-300.1014709472656,-301.539306640625,-327.42877197265625
-299.172607421875,-299.043212890625,-308.89984130859375
-310.5740966796875,-306.1625061035156,-321.00775146484375
-304.14599609375,-309.02947998046875,-339.30133056640625
-315.4288635253906,-317.9967041015625,-340.4444580078125
-297.24420166015625,-299.48858642578125,-310.08502197265625
-300.64630126953125,-301.6213073730469,-315.45013427734375
-312.808837890625,-316.0570068359375,-334.6952819824219
-283.2840576171875,-296.783203125,-353.263671875
-301.98150634765625,-305.90850830078125,-307.25732421875
-297.12530517578125,-295.671875,-309.22674560546875
-306.47564697265625,-305.207275390625,-321.0543212890625
-309.6086730957031,-308.7985534667969,-346.2967834472656
-304.032958984375,-302.1250305175781,-309.89990234375
-289.42327880859375,-290.349365234375,-305.0109558105469
-304.15948486328125,-304.9124755859375,-329.228759765625
-298.72900390625,-301.26593017578125,-337.59173583984375
-301.1783142089844,-299.77349853515625,-305.06646728515625
-309.11419677734375,-310.392578125,-317.4326171875
-307.3076171875,-306.9219970703125,-325.2923583984375
-299.09075927734375,-299.74725341796875,-334.896728515625
-306.1184997558594,-308.6462097167969,-312.7568664550781
-306.733642578125,-314.8859558105469,-320.58990478515625
-308.6201171875,-310.1882629394531,-330.47314453125
-310.78265380859375,-316.019775390625,-347.76544189453125
-310.51446533203125,-309.9689636230469,-316.7957763671875
-295.91455078125,-297.2905578613281,-314.2567443847656
-303.49951171875,-303.524169921875,-324.74139404296875
-311.26043701171875,-316.2158203125,-346.44488525390625
-291.8223876953125,-290.9814758300781,-297.65545654296875
-307.864501953125,-306.63201904296875,-319.0074462890625
-304.1879577636719,-302.0960693359375,-306.09783935546875
-312.404052734375,-312.5346984863281,-343.9072570800781
-303.5172424316406,-302.70404052734375,-308.2242126464844
-304.0968322753906,-306.1660461425781,-315.03363037109375
-304.4864501953125,-306.4294738769531,-323.5172119140625
-309.9150695800781,-312.53668212890625,-333.1244812011719
-320.8980712890625,-316.49456787109375,-327.28057861328125
-314.37725830078125,-309.1102294921875,-320.9041748046875
-308.2325744628906,-307.5926513671875,-316.48431396484375
-283.55804443359375,-284.9622802734375,-326.3929138183594
-303.6014404296875,-305.32196044921875,-310.1683044433594
-314.1024169921875,-318.355712890625,-331.8646240234375
-313.99810791015625,-318.0614013671875,-337.11224365234375
-302.1472473144531,-309.4818115234375,-345.7757568359375
-307.477783203125,-307.2412414550781,-311.94964599609375
-314.0144348144531,-314.6141052246094,-323.8596496582031
-319.8100280761719,-322.5952453613281,-347.2611083984375
-306.5257873535156,-312.5654296875,-340.30255126953125
-308.4312744140625,-295.4107666015625,-315.3016662597656
-307.53594970703125,-307.01495361328125,-318.96429443359375
-308.549560546875,-307.87939453125,-325.65191650390625
-311.6043701171875,-311.1197509765625,-332.9198303222656
-302.14361572265625,-300.7061767578125,-311.10833740234375
-310.83685302734375,-302.83087158203125,-321.5787658691406
-315.4425048828125,-317.4200439453125,-331.0262145996094
-307.94146728515625,-305.9539794921875,-332.14398193359375
-312.26519775390625,-311.016357421875,-316.952392578125
-293.5623779296875,-293.310546875,-301.650146484375
-310.39703369140625,-309.81915283203125,-322.675048828125
-304.017333984375,-304.24285888671875,-320.3019714355469
-311.6066589355469,-306.935302734375,-314.50592041015625
-318.33624267578125,-313.5726013183594,-328.108642578125
-318.1382141113281,-316.6512451171875,-346.2041015625
-310.6016540527344,-316.1373291015625,-359.67242431640625
-310.0885009765625,-309.1875305175781,-315.84112548828125
-300.80279541015625,-301.13385009765625,-313.39178466796875
-302.7214050292969,-303.6057434082031,-321.9493713378906
-318.0882568359375,-315.1663818359375,-354.83001708984375
-293.770263671875,-292.891845703125,-300.41168212890625
-308.14715576171875,-307.38232421875,-317.0954284667969
-317.45440673828125,-313.8315124511719,-340.8890075683594
-312.0804443359375,-316.785400390625,-340.8906555175781
-311.12030029296875,-316.41357421875,-316.0237121582031
-314.0103759765625,-312.33026123046875,-327.30340576171875
-310.75665283203125,-313.35821533203125,-326.25946044921875
-318.45318603515625,-303.9627380371094,-343.464599609375
-306.3310241699219,-306.1083984375,-310.5735778808594
-313.1053771972656,-312.14105224609375,-321.4582214355469
-311.8565368652344,-310.4441223144531,-333.513916015625
-304.3909606933594,-303.498779296875,-320.1849060058594
-303.93133544921875,-304.94940185546875,-311.65509033203125
-296.543701171875,-296.99200439453125,-314.0064697265625
-309.02490234375,-315.6814270019531,-330.0473327636719
-312.2328186035156,-324.1859436035156,-368.93743896484375
-314.6490478515625,-313.2821044921875,-318.6534423828125
-309.93255615234375,-307.5685729980469,-324.31280517578125
-302.69085693359375,-305.4736633300781,-324.285400390625
-299.7221374511719,-305.44390869140625,-341.67462158203125
-310.30712890625,-308.2734069824219,-315.5576477050781
-311.4666748046875,-310.35400390625,-322.38427734375
-312.3224792480469,-310.848388671875,-326.650390625
-315.23614501953125,-318.8310546875,-355.40374755859375
-302.79217529296875,-302.46209716796875,-309.8083190917969
-319.12689208984375,-318.277099609375,-327.99615478515625
-316.6682434082031,-311.4844970703125,-338.581298828125
-305.1814270019531,-308.87298583984375,-353.282958984375
-314.44036865234375,-313.2250061035156,-317.105712890625
-302.7441101074219,-303.1583557128906,-324.7420349121094
-313.86907958984375,-314.03985595703125,-323.44158935546875
-310.08856201171875,-307.65582275390625,-316.0648193359375
-313.8781433105469,-313.5762634277344,-328.07403564453125
-300.77117919921875,-312.25634765625,-356.56475830078125
-307.83441162109375,-320.65167236328125,-343.33526611328125
-308.107421875,-306.51513671875,-332.9281921386719
-301.8003234863281,-302.5333557128906,-307.4439697265625
-306.3758850097656,-313.4123229980469,-315.2707214355469
-312.85601806640625,-314.1962890625,-324.037109375
-299.3098449707031,-302.3682556152344,-346.6346435546875
-313.26495361328125,-320.3857116699219,-355.9538269042969
-302.09619140625,-301.05755615234375,-305.8883056640625
-305.771728515625,-308.5463562011719,-308.638916015625
-311.6573181152344,-311.21533203125,-322.348876953125
-309.38592529296875,-306.6044921875,-327.64935302734375
-308.5306396484375,-310.21319580078125,-310.84259033203125
-317.28802490234375,-316.330810546875,-329.3780822753906
-318.6823425292969,-320.48138427734375,-337.83990478515625
-309.75225830078125,-315.10772705078125,-349.62188720703125
-306.0628356933594,-302.19036865234375,-310.73828125
-305.3017272949219,-305.2138366699219,-308.50799560546875
-304.91546630859375,-313.20794677734375,-316.8399353027344
-317.1167907714844,-318.36981201171875,-343.57427978515625
-306.70953369140625,-301.461181640625,-311.22906494140625
-309.2432861328125,-305.52947998046875,-314.90057373046875
-308.5520324707031,-307.90667724609375,-321.157958984375
-307.5008544921875,-305.474853515625,-328.99725341796875
-308.09564208984375,-314.255126953125,-310.86273193359375
-312.4429016113281,-309.95660400390625,-316.714599609375
-306.98779296875,-305.443359375,-318.4939270019531
-312.6276550292969,-312.98876953125,-334.228759765625
-306.1344299316406,-307.759521484375,-309.4246826171875
-312.2362976074219,-308.71649169921875,-318.2872314453125
-307.98114013671875,-307.39630126953125,-318.84710693359375
-309.2037048339844,-308.2112121582031,-320.29815673828125
-316.0813903808594,-313.03851318359375,-320.3381042480469
-308.8480224609375,-306.23126220703125,-319.672607421875
-305.6385498046875,-306.024169921875,-321.0211181640625
-311.47186279296875,-310.46484375,-332.44476318359375
-300.1949768066406,-299.3796081542969,-306.5126953125
-310.8995056152344,-310.0722961425781,-315.243896484375
-304.5923767089844,-305.5078125,-317.52825927734375
-307.1265869140625,-308.29705810546875,-331.4629821777344
-313.3232727050781,-306.87261962890625,-316.3857421875
-293.4456481933594,-292.07342529296875,-305.8963623046875
-304.47808837890625,-302.89874267578125,-323.6445007324219
-314.88525390625,-313.9110107421875,-334.6761779785156
-305.92608642578125,-304.2342834472656,-308.31231689453125
-312.6781921386719,-310.45599365234375,-317.92181396484375
-307.0404052734375,-303.65911865234375,-320.30938720703125
-304.78997802734375,-305.2258605957031,-334.4798583984375
-296.9859313964844,-297.0107727050781,-300.10321044921875
-302.868408203125,-301.9754943847656,-307.70880126953125
-308.0824279785156,-308.46929931640625,-312.63629150390625
-302.88873291015625,-302.31011962890625,-314.70111083984375
-306.03497314453125,-304.48614501953125,-312.1004943847656
-305.96661376953125,-305.0106201171875,-313.4620361328125
-307.52008056640625,-307.64862060546875,-321.16766357421875
-296.94866943359375,-305.9433898925781,-350.9227294921875
-310.37237548828125,-305.5760192871094,-313.52154541015625
-298.7645263671875,-297.5722961425781,-310.5007019042969
-299.13134765625,-306.567138671875,-316.62921142578125
-305.2741394042969,-307.3670654296875,-332.0328063964844
-310.62762451171875,-307.74700927734375,-315.0836486816406
-299.01715087890625,-296.44635009765625,-313.9565124511719
-311.001220703125,-308.4142761230469,-329.29620361328125
-306.31866455078125,-304.8266906738281,-339.65850830078125
-309.21575927734375,-308.19793701171875,-312.57916259765625
-299.697265625,-299.07049560546875,-309.7589416503906
-312.6442565917969,-312.77569580078125,-325.48468017578125
-311.0622253417969,-309.50701904296875,-341.22540283203125
-309.42913818359375,-308.1687316894531,-312.1560974121094
-311.668212890625,-309.30322265625,-319.5595703125
-305.81890869140625,-305.29266357421875,-316.5062561035156
-312.68231201171875,-307.3578796386719,-336.83526611328125
-294.7065124511719,-293.8059997558594,-302.6199951171875
-301.978271484375,-300.9886474609375,-309.281494140625
-315.05426025390625,-315.4483337402344,-337.7548828125
-308.09765625,-314.25933837890625,-343.27545166015625
-310.99359130859375,-306.31695556640625,-314.1876220703125
-308.1186828613281,-307.28826904296875,-315.4626770019531
-307.01165771484375,-309.03143310546875,-324.0486755371094
-307.2058410644531,-308.99609375,-344.09515380859375
-301.65618896484375,-300.43743896484375,-306.798828125
-306.18463134765625,-304.05145263671875,-318.217529296875
-313.5205078125,-309.3492431640625,-328.74383544921875
-308.9625244140625,-309.3426818847656,-336.9159240722656
-309.2564697265625,-307.11297607421875,-313.01605224609375
-306.0888977050781,-309.62591552734375,-313.3028259277344
-299.10418701171875,-298.81585693359375,-323.3141784667969
-307.14306640625,-310.90777587890625,-326.14532470703125
-313.01123046875,-305.80169677734375,-314.3284912109375
-305.103515625,-304.76025390625,-309.03448486328125
-300.49700927734375,-301.8944091796875,-312.8978576660156
-300.016357421875,-299.26458740234375,-317.9290771484375
-305.0246887207031,-305.3750915527344,-310.7554931640625
-311.76470947265625,-311.2587890625,-317.8551940917969
-306.3516845703125,-306.4091796875,-320.7129211425781
-305.7330627441406,-314.9549560546875,-356.8699951171875
-298.36468505859375,-297.4909362792969,-301.54638671875
-309.2943115234375,-308.972900390625,-318.78173828125
-296.38702392578125,-299.1007080078125,-315.72503662109375
-298.0564880371094,-309.8937683105469,-336.56475830078125
-311.068359375,-308.82379150390625,-314.1141357421875
-307.0105285644531,-303.3275146484375,-314.45745849609375
-306.9580993652344,-304.9935302734375,-325.6339111328125
-300.4798889160156,-302.1546630859375,-332.49462890625
-312.36700439453125,-309.85601806640625,-315.20672607421875
-292.79376220703125,-292.4037780761719,-303.87957763671875
-309.3023376464844,-309.42010498046875,-323.0769348144531
-311.242919921875,-310.4644775390625,-341.7760009765625
-302.5116271972656,-302.28936767578125,-306.3551025390625
-308.91632080078125,-306.5633239746094,-313.00823974609375
-299.0177001953125,-298.15069580078125,-309.9736328125
-302.88232421875,-301.40167236328125,-324.6297302246094
-300.147216796875,-298.8383483886719,-307.4832763671875
-311.1312561035156,-310.61517333984375,-318.33837890625
-312.59149169921875,-311.37469482421875,-323.54266357421875
-286.0859680175781,-286.753173828125,-329.66119384765625
-313.12384033203125,-310.9239807128906,-316.8178405761719
-300.0099792480469,-299.3171691894531,-305.3503112792969
-298.0280456542969,-298.3707275390625,-315.1684875488281
-302.873046875,-310.3140563964844,-348.97833251953125
-313.6625061035156,-312.81072998046875,-316.5295715332031
-313.6081237792969,-305.898681640625,-316.08929443359375
-306.559814453125,-304.7301940917969,-324.2956848144531
-308.4308776855469,-306.3341369628906,-332.3582458496094
-311.34417724609375,-309.5089111328125,-312.982421875
-306.04840087890625,-305.44647216796875,-320.28692626953125
-311.04937744140625,-310.89666748046875,-324.6812744140625
-299.0702819824219,-299.9306945800781,-325.2852478027344
-308.12823486328125,-307.86669921875,-309.42559814453125
-303.19512939453125,-303.4853515625,-309.64764404296875
-286.7513732910156,-287.69482421875,-302.4126281738281
-309.76434326171875,-310.06256103515625,-320.258056640625
-317.01007080078125,-311.1322326660156,-320.0924377441406
-307.0982360839844,-302.329345703125,-313.998291015625
-308.32574462890625,-307.32586669921875,-330.01544189453125
-312.5016174316406,-314.6087341308594,-333.2880554199219
-298.90277099609375,-297.70751953125,-305.8292541503906
-308.8148193359375,-308.771728515625,-314.5307922363281
-306.15875244140625,-305.5257568359375,-323.9336242675781
-311.88055419921875,-313.2795104980469,-325.9164123535156
-310.70965576171875,-305.2210388183594,-313.4483642578125
-299.8207092285156,-298.09857177734375,-308.7552490234375
-296.6072998046875,-295.5965576171875,-319.19189453125
-309.99334716796875,-310.6058654785156,-344.98626708984375
-304.3282470703125,-303.55426025390625,-308.859619140625
-303.72576904296875,-301.94781494140625,-314.1998291015625
-310.3250732421875,-306.7606201171875,-324.05157470703125
-300.66094970703125,-307.0281982421875,-351.0685729980469
-312.7483215332031,-307.9623107910156,-313.9727783203125
-308.1007995605469,-310.3065185546875,-310.70159912109375
-308.8740539550781,-307.5318603515625,-319.78668212890625
-312.02587890625,-310.4637451171875,-325.2978515625
-308.3280944824219,-306.66241455078125,-311.31744384765625
-308.374755859375,-308.0693054199219,-316.5560302734375
-299.8328552246094,-304.460693359375,-331.5493469238281
-309.88104248046875,-319.3594970703125,-374.9635009765625
-291.45672607421875,-291.0252990722656,-296.4446105957031
-313.7552490234375,-312.6973876953125,-321.91326904296875
-317.817626953125,-324.9612121582031,-337.43328857421875
-302.34234619140625,-303.6929931640625,-325.61724853515625
-306.7950439453125,-303.1563720703125,-309.24749755859375
-305.453125,-303.8524475097656,-311.1379699707031
-289.8328552246094,-288.2145690917969,-314.7686462402344
-299.44818115234375,-298.5949401855469,-338.4581298828125
-306.29888916015625,-305.4515380859375,-308.7713623046875
-301.42047119140625,-298.0894775390625,-309.4001770019531
-310.3372802734375,-314.719970703125,-325.3441162109375
-306.8081359863281,-309.046142578125,-341.28912353515625
-306.74761962890625,-304.63629150390625,-309.82647705078125
-298.9940490722656,-298.70751953125,-304.3123474121094
-302.0069580078125,-302.62298583984375,-321.18035888671875
-312.671630859375,-312.1166687011719,-335.24462890625
-304.858642578125,-302.55865478515625,-309.48681640625
-310.68414306640625,-309.13323974609375,-316.633056640625
-304.72509765625,-303.0655212402344,-324.491943359375
-307.2458190917969,-311.14862060546875,-358.3008117675781
-314.0143737792969,-310.3989562988281,-318.74884033203125
-313.99249267578125,-309.5272216796875,-323.83831787109375
-305.2789306640625,-304.2403564453125,-323.4298095703125
-307.8707580566406,-313.609375,-330.48236083984375
-303.1411437988281,-302.1567077636719,-306.52386474609375
-308.4100646972656,-308.288330078125,-313.5090026855469
-312.93426513671875,-310.71527099609375,-324.69195556640625
-302.3861083984375,-302.35345458984375,-331.4459228515625
-299.8120422363281,-297.5365295410156,-304.4493408203125
-306.4249572753906,-303.32818603515625,-314.98651123046875
-308.37469482421875,-309.52569580078125,-324.93896484375
-293.406982421875,-296.668701171875,-344.8367614746094
-311.6187744140625,-311.2632751464844,-313.42755126953125
-308.8364562988281,-305.01873779296875,-313.34375
-309.3929443359375,-306.92523193359375,-316.1984558105469
-300.2120361328125,-299.4916076660156,-321.2984619140625
-314.03125,-313.199951171875,-319.0205078125
-309.2790222167969,-308.06854248046875,-317.25152587890625
-314.7611083984375,-314.05426025390625,-333.6636962890625
-317.34771728515625,-314.2315368652344,-343.5145568847656
-301.68890380859375,-300.64190673828125,-307.5909423828125
-305.7724609375,-306.5570068359375,-318.6944580078125
-311.7925720214844,-312.50860595703125,-322.438720703125
-310.68096923828125,-312.1802673339844,-350.1697998046875
-314.74462890625,-307.11065673828125,-320.02178955078125
-299.40924072265625,-298.17730712890625,-309.1519470214844
-313.23736572265625,-309.94024658203125,-328.9117126464844
-308.68170166015625,-303.08221435546875,-350.8140563964844
-304.12152099609375,-305.11297607421875,-308.71722412109375
-304.1643981933594,-303.11383056640625,-315.08660888671875
-312.9354553222656,-308.73944091796875,-321.0555114746094
-310.3953857421875,-313.00189208984375,-334.5840148925781
-299.1292724609375,-298.67822265625,-301.7337646484375
-307.150390625,-306.3885803222656,-312.25079345703125
-317.67864990234375,-315.2155456542969,-324.9208984375
-308.71539306640625,-307.6575927734375,-320.57037353515625
-301.26312255859375,-301.28302001953125,-307.10784912109375
-301.00750732421875,-300.5404357910156,-316.8848876953125
-309.0745544433594,-308.166015625,-322.33355712890625
-312.1085205078125,-317.7576599121094,-360.399658203125
-306.4993896484375,-306.2117919921875,-310.7814025878906
-309.45184326171875,-309.0382385253906,-318.68084716796875
-309.63214111328125,-312.099365234375,-324.470947265625
-312.666259765625,-312.5593566894531,-338.7408752441406
-311.491455078125,-312.99896240234375,-315.06805419921875
-318.50616455078125,-314.51312255859375,-327.237060546875
-307.41229248046875,-304.56219482421875,-325.00250244140625
-312.7137756347656,-311.3959045410156,-331.563232421875
-305.64849853515625,-305.20330810546875,-308.58917236328125
-303.95745849609375,-300.3500061035156,-311.58837890625
-312.25030517578125,-309.1796875,-323.4316101074219
-315.248779296875,-308.82000732421875,-334.7477111816406
-314.22265625,-308.74365234375,-316.4351806640625
-313.83868408203125,-312.19189453125,-317.3434143066406
-303.1039123535156,-302.07489013671875,-313.70458984375
-299.33209228515625,-299.0884094238281,-322.4744873046875
-306.1049499511719,-304.2589111328125,-307.69512939453125
-304.7498779296875,-301.90869140625,-322.89471435546875
-312.04052734375,-312.9173583984375,-324.1744384765625
-313.08636474609375,-319.3617858886719,-335.6282958984375
-313.8592529296875,-312.5348205566406,-316.88519287109375
-310.7201843261719,-307.83648681640625,-316.4635009765625
-315.4375305175781,-317.06158447265625,-328.9822998046875
-301.03765869140625,-303.5748291015625,-328.23681640625
-313.57415771484375,-311.5001220703125,-316.5125732421875
-310.9925537109375,-308.86041259765625,-318.919921875
-304.83294677734375,-304.18377685546875,-322.3475036621094
-308.229736328125,-307.6976318359375,-341.08837890625
-309.52154541015625,-303.6655578613281,-312.1356201171875
-305.55133056640625,-304.03253173828125,-314.17205810546875
-312.9146728515625,-310.3914794921875,-321.76104736328125
-309.84423828125,-307.87713623046875,-333.2667236328125
-310.844482421875,-309.3470458984375,-313.83416748046875
-314.776611328125,-311.48272705078125,-319.5611572265625
-302.6052551269531,-305.8614501953125,-315.07550048828125
-312.32720947265625,-312.00042724609375,-329.3736877441406
-307.0391540527344,-306.8255615234375,-311.30029296875
-298.8764953613281,-298.80987548828125,-307.13446044921875
-309.5645751953125,-307.97222900390625,-323.5422058105469
-308.43463134765625,-313.5013427734375,-341.3719787597656
-300.71209716796875,-301.4298095703125,-308.40966796875
-314.01934814453125,-309.095703125,-321.80419921875
-309.9862365722656,-310.1863098144531,-325.70819091796875
-314.3214416503906,-314.9137268066406,-336.3915100097656
-308.75579833984375,-304.4853515625,-311.6214599609375
-302.93865966796875,-301.61712646484375,-309.83258056640625
-314.10791015625,-314.251220703125,-332.1828918457031
-305.4368896484375,-305.540771484375,-346.7230529785156
-309.23419189453125,-308.6954650878906,-313.20416259765625
-307.06170654296875,-304.48651123046875,-313.35546875
-319.03076171875,-318.2884521484375,-329.52557373046875
-307.74603271484375,-313.3015441894531,-336.33935546875
-299.65093994140625,-300.0823974609375,-304.4183349609375
-307.70880126953125,-305.322998046875,-313.6831970214844
-309.8943786621094,-313.2459716796875,-322.82110595703125
-299.30792236328125,-302.18353271484375,-329.3585510253906
-302.6893310546875,-303.00482177734375,-308.53057861328125
-311.0904846191406,-310.1602783203125,-320.8316345214844
-301.6119689941406,-303.22845458984375,-325.7041320800781
-315.86492919921875,-321.3161315917969,-348.59063720703125
-310.9008483886719,-309.246826171875,-316.5575866699219
-308.49139404296875,-309.9758605957031,-314.8413391113281
-304.648193359375,-305.8180847167969,-322.6702880859375
-303.92724609375,-306.189453125,-330.042724609375
-303.89654541015625,-304.571533203125,-308.93768310546875
-314.246826171875,-313.42364501953125,-318.89239501953125
-310.3795166015625,-308.43646240234375,-323.43914794921875
-312.158203125,-309.00408935546875,-334.24517822265625
-310.9416809082031,-310.443359375,-313.5153503417969
-305.114990234375,-304.5809326171875,-317.2395935058594
-298.494873046875,-298.0311279296875,-316.483154296875
-311.5959777832031,-313.40362548828125,-331.8861999511719
-310.4508972167969,-310.4691162109375,-311.50469970703125
-305.99725341796875,-305.22711181640625,-311.6167297363281
-307.5053405761719,-308.5167236328125,-316.10205078125
-302.28826904296875,-302.6734924316406,-323.13763427734375
-307.15618896484375,-307.577880859375,-313.406494140625
-306.26849365234375,-305.6352233886719,-316.94775390625
-319.6400146484375,-317.7725830078125,-343.1153564453125
-292.40435791015625,-296.90008544921875,-336.47491455078125
-306.096435546875,-305.03118896484375,-308.4479675292969
-310.1595458984375,-313.7171630859375,-318.9893798828125
-305.591064453125,-307.01776123046875,-321.92120361328125
-301.79180908203125,-307.56005859375,-335.8834228515625
-312.01104736328125,-310.3272705078125,-314.118408203125
-309.28179931640625,-303.87872314453125,-315.37237548828125
-307.860107421875,-307.0663146972656,-321.307861328125
-314.89984130859375,-312.97119140625,-341.743896484375
-303.4084777832031,-301.77301025390625,-306.80889892578125
-312.0431823730469,-310.50787353515625,-316.703125
-313.15032958984375,-311.60321044921875,-318.59912109375
-308.25836181640625,-308.5533142089844,-340.2269287109375
-303.6876525878906,-302.51776123046875,-305.200439453125
-295.54608154296875,-295.86602783203125,-301.8909606933594
-308.9076843261719,-308.0999755859375,-312.8026123046875
-308.49755859375,-309.1775207519531,-325.0709228515625
-303.00921630859375,-302.3125,-307.541748046875
-305.351806640625,-305.96923828125,-316.960205078125
-305.7726135253906,-307.3802490234375,-325.3018493652344
-308.4430847167969,-309.17730712890625,-341.88818359375
-290.9586181640625,-292.145263671875,-301.2969970703125
-303.3081970214844,-303.88201904296875,-308.90179443359375
-314.199951171875,-309.6656799316406,-325.830322265625
-309.2007751464844,-319.6944580078125,-353.38623046875
-307.5163879394531,-306.60870361328125,-310.09906005859375
-299.217529296875,-298.03704833984375,-309.94488525390625
-300.52117919921875,-302.64178466796875,-313.9094543457031
-310.6470947265625,-310.47174072265625,-343.25360107421875
-316.36688232421875,-312.40478515625,-319.6222839355469
-298.74810791015625,-298.50042724609375,-307.7793273925781
-301.1497802734375,-302.2851257324219,-317.5262451171875
-298.696044921875,-299.18212890625,-327.2546081542969
-312.82098388671875,-306.4310302734375,-314.34039306640625
-310.8209228515625,-309.04180908203125,-313.4573059082031
-306.65155029296875,-306.2509765625,-313.79559326171875
-310.4237976074219,-310.38525390625,-324.26837158203125
-300.815185546875,-300.3758239746094,-308.1493835449219
-304.74505615234375,-304.42529296875,-315.50567626953125
-315.0269775390625,-308.5341491699219,-328.7401123046875
-305.9560852050781,-311.74072265625,-334.1646423339844
-310.23504638671875,-307.7160339355469,-313.7332763671875
-313.3873596191406,-311.6530456542969,-318.0175476074219
-312.053955078125,-311.13641357421875,-323.18988037109375
-293.9481506347656,-296.55902099609375,-333.33233642578125
-302.37176513671875,-303.8326416015625,-305.7799072265625
-303.98651123046875,-302.5123596191406,-311.60015869140625
-301.8865966796875,-300.19427490234375,-313.9176025390625
-308.80352783203125,-306.93145751953125,-326.2864990234375
-300.7391357421875,-299.12493896484375,-304.494384765625
-308.007080078125,-306.76043701171875,-314.3422546386719
-302.9696350097656,-303.486572265625,-311.57928466796875
-312.8267822265625,-310.10003662109375,-328.68798828125
-314.80572509765625,-312.0538024902344,-316.8215637207031
-307.8037109375,-304.63287353515625,-312.3238525390625
-309.306884765625,-308.9353332519531,-321.77972412109375
-305.7984619140625,-309.8885192871094,-330.86590576171875
-307.0308532714844,-305.6749572753906,-310.8782958984375
-305.3109130859375,-302.0321350097656,-317.5604248046875
-314.0070495605469,-314.6797180175781,-335.7030029296875
-313.49615478515625,-316.89166259765625,-347.57470703125
-308.3782958984375,-306.577880859375,-311.88372802734375
-297.51116943359375,-297.0145263671875,-312.91162109375
-303.3973693847656,-305.78607177734375,-323.76702880859375
-300.7786865234375,-302.82080078125,-330.8476867675781
-306.33404541015625,-305.64666748046875,-310.3968200683594
-316.2132263183594,-312.19659423828125,-321.84820556640625
-304.442138671875,-311.8802490234375,-318.5008544921875
-312.18890380859375,-307.980224609375,-336.87066650390625
-315.7838134765625,-311.00341796875,-317.8033752441406
-302.3358459472656,-301.37115478515625,-310.41473388671875
-299.76885986328125,-300.99615478515625,-320.83782958984375
-302.8343505859375,-301.7391052246094,-331.17669677734375
-310.9410095214844,-307.03759765625,-311.52691650390625
-308.7158203125,-306.3448181152344,-312.06024169921875
-299.35064697265625,-303.3148498535156,-311.666259765625
-306.3023376464844,-310.56329345703125,-315.8072814941406
-300.814453125,-300.74151611328125,-308.1996765136719
-306.37591552734375,-304.56707763671875,-312.9342041015625
-306.6900634765625,-308.372802734375,-329.63995361328125
-294.4569091796875,-293.85772705078125,-333.18853759765625
-311.33270263671875,-309.59124755859375,-313.0992431640625
-301.92181396484375,-302.86370849609375,-315.3983154296875
-307.6472473144531,-307.0755615234375,-318.297607421875
-311.1517333984375,-317.7664794921875,-339.0762634277344
-309.33197021484375,-304.8841552734375,-312.4429626464844
-308.0033874511719,-306.3210144042969,-315.1270751953125
-299.1077880859375,-297.776123046875,-315.29022216796875
-297.54803466796875,-302.0125732421875,-326.12994384765625
-294.74981689453125,-303.7156982421875,-297.3934326171875
-313.0615539550781,-309.67584228515625,-318.0172424316406
-303.73126220703125,-304.4742431640625,-321.69366455078125
-307.70166015625,-307.69610595703125,-327.6213684082031
-307.32135009765625,-306.6964111328125,-309.1719970703125
-309.2894287109375,-308.10418701171875,-311.67828369140625
-301.0809326171875,-299.5067138671875,-314.0230712890625
-303.1481628417969,-304.99688720703125,-330.1435241699219
-301.81756591796875,-301.2382507324219,-305.35955810546875
-311.19775390625,-310.2064514160156,-320.33685302734375
-300.6125793457031,-301.92041015625,-322.09429931640625
-305.3392639160156,-305.66632080078125,-330.46490478515625
-315.0502014160156,-312.8997802734375,-317.045654296875
-308.1396484375,-311.2482604980469,-313.6258544921875
-310.6043701171875,-311.6834716796875,-317.5323791503906
-307.49298095703125,-310.7554626464844,-336.91973876953125
-303.3460998535156,-300.57635498046875,-307.82354736328125
-304.9149475097656,-303.6461181640625,-312.96435546875
-298.9618835449219,-298.95330810546875,-318.83624267578125
-316.5817565917969,-314.289306640625,-341.7006530761719
-306.01318359375,-305.28729248046875,-309.9622802734375
-302.79534912109375,-301.61077880859375,-310.66070556640625
-305.9258728027344,-304.4903259277344,-318.79132080078125
-307.19537353515625,-303.05023193359375,-328.8919982910156
-308.16424560546875,-304.5893249511719,-308.6958923339844
-300.2459411621094,-301.3992614746094,-305.5123291015625
-311.3601989746094,-310.9012756347656,-321.216064453125
-309.1839599609375,-311.89788818359375,-329.4732666015625
-312.43572998046875,-312.5828857421875,-316.0870361328125
-303.72540283203125,-304.0440673828125,-315.9764404296875
-310.51812744140625,-311.11834716796875,-326.480224609375
-308.5963134765625,-314.2179260253906,-341.83795166015625
-302.1965637207031,-301.0346984863281,-305.9848937988281
-304.3189697265625,-300.7569580078125,-314.0518798828125
-305.1397705078125,-303.976806640625,-319.7611083984375
-300.4881591796875,-303.9306640625,-333.541259765625
-307.69793701171875,-306.7161865234375,-311.1883239746094
-297.2114562988281,-296.61834716796875,-311.53106689453125
-311.31549072265625,-308.4046936035156,-327.5964660644531
-307.5078125,-306.08416748046875,-333.03497314453125
-305.4920654296875,-304.01806640625,-309.46875
-287.32550048828125,-286.53424072265625,-295.36578369140625
-304.5445861816406,-303.7943115234375,-320.3251647949219
-309.8040466308594,-309.588623046875,-332.2318115234375
-302.4971923828125,-308.0582275390625,-305.915771484375
-304.84130859375,-304.9552001953125,-315.91790771484375
-311.0713195800781,-311.06256103515625,-345.20098876953125
-300.2937927246094,-308.76641845703125,-357.2348327636719
-312.0965576171875,-309.38720703125,-318.52032470703125
-301.4693603515625,-301.41656494140625,-315.783447265625
-309.91656494140625,-308.6875915527344,-323.6671447753906
-312.4858093261719,-308.8607177734375,-327.0716552734375
-300.1769714355469,-299.02984619140625,-312.8677978515625
-300.2393493652344,-300.32220458984375,-312.3758239746094
-297.6528015136719,-295.55078125,-322.146240234375
