"epoch","18/04 13:01:40 - training only discriminator - _step","18/04 13:01:40 - training only discriminator - _step__MIN","18/04 13:01:40 - training only discriminator - _step__MAX","18/04 13:01:40 - training only discriminator - D_Fake","18/04 13:01:40 - training only discriminator - D_Fake__MIN","18/04 13:01:40 - training only discriminator - D_Fake__MAX"
"0","1","1","1","-262.3044738769531","-262.3044738769531","-262.3044738769531"
"1","3","3","3","-496.5423889160156","-496.5423889160156","-496.5423889160156"
"2","5","5","5","-520.2927856445312","-520.2927856445312","-520.2927856445312"
"3","7","7","7","-527.3592529296875","-527.3592529296875","-527.3592529296875"
"4","9","9","9","-534.0747680664062","-534.0747680664062","-534.0747680664062"
"5","11","11","11","-537.6491088867188","-537.6491088867188","-537.6491088867188"
"6","13","13","13","-542.1659545898438","-542.1659545898438","-542.1659545898438"
"7","15","15","15","-547.82275390625","-547.82275390625","-547.82275390625"
"8","17","17","17","-549.7675170898438","-549.7675170898438","-549.7675170898438"
"9","19","19","19","-551.5906982421875","-551.5906982421875","-551.5906982421875"
"10","21","21","21","-556.0537719726562","-556.0537719726562","-556.0537719726562"
"11","23","23","23","-557.473388671875","-557.473388671875","-557.473388671875"
"12","25","25","25","-560.0411376953125","-560.0411376953125","-560.0411376953125"
"13","27","27","27","-562.66357421875","-562.66357421875","-562.66357421875"
"14","29","29","29","-564.9856567382812","-564.9856567382812","-564.9856567382812"
"15","31","31","31","-567.0016479492188","-567.0016479492188","-567.0016479492188"
"16","33","33","33","-568.0319213867188","-568.0319213867188","-568.0319213867188"
"17","35","35","35","-571.306640625","-571.306640625","-571.306640625"
"18","37","37","37","-571.4303588867188","-571.4303588867188","-571.4303588867188"
"19","39","39","39","-571.8486938476562","-571.8486938476562","-571.8486938476562"
"20","41","41","41","-572.6742553710938","-572.6742553710938","-572.6742553710938"
"21","43","43","43","-574.1798706054688","-574.1798706054688","-574.1798706054688"
"22","45","45","45","-574.24609375","-574.24609375","-574.24609375"
"23","47","47","47","-575.06298828125","-575.06298828125","-575.06298828125"
"24","49","49","49","-576.7423095703125","-576.7423095703125","-576.7423095703125"
"25","51","51","51","-576.8901977539062","-576.8901977539062","-576.8901977539062"
"26","53","53","53","-577.3453369140625","-577.3453369140625","-577.3453369140625"
"27","55","55","55","-579.819091796875","-579.819091796875","-579.819091796875"
"28","57","57","57","-580.37255859375","-580.37255859375","-580.37255859375"
"29","59","59","59","-579.9893188476562","-579.9893188476562","-579.9893188476562"
"30","61","61","61","-582.1519775390625","-582.1519775390625","-582.1519775390625"
"31","63","63","63","-579.7872314453125","-579.7872314453125","-579.7872314453125"
"32","65","65","65","-582.8802490234375","-582.8802490234375","-582.8802490234375"
"33","67","67","67","-582.9588012695312","-582.9588012695312","-582.9588012695312"
"34","69","69","69","-583.0689086914062","-583.0689086914062","-583.0689086914062"
"35","71","71","71","-584.4576416015625","-584.4576416015625","-584.4576416015625"
"36","73","73","73","-585.1812744140625","-585.1812744140625","-585.1812744140625"
"37","75","75","75","-585.7510986328125","-585.7510986328125","-585.7510986328125"
"38","77","77","77","-585.0143432617188","-585.0143432617188","-585.0143432617188"
"39","79","79","79","-586.3231201171875","-586.3231201171875","-586.3231201171875"
"40","81","81","81","-587.14892578125","-587.14892578125","-587.14892578125"
"41","83","83","83","-586.8072509765625","-586.8072509765625","-586.8072509765625"
"42","85","85","85","-589.6382446289062","-589.6382446289062","-589.6382446289062"
"43","87","87","87","-587.21728515625","-587.21728515625","-587.21728515625"
"44","89","89","89","-591.01953125","-591.01953125","-591.01953125"
"45","91","91","91","-589.0442504882812","-589.0442504882812","-589.0442504882812"
"46","93","93","93","-590.3683471679688","-590.3683471679688","-590.3683471679688"
"47","95","95","95","-591.6873779296875","-591.6873779296875","-591.6873779296875"
"48","97","97","97","-590.8171997070312","-590.8171997070312","-590.8171997070312"
"49","99","99","99","-591.376708984375","-591.376708984375","-591.376708984375"
"50","101","101","101","-591.3447265625","-591.3447265625","-591.3447265625"
"51","103","103","103","-594.8282470703125","-594.8282470703125","-594.8282470703125"
"52","105","105","105","-592.0750122070312","-592.0750122070312","-592.0750122070312"
"53","107","107","107","-592.934326171875","-592.934326171875","-592.934326171875"
"54","109","109","109","-593.55322265625","-593.55322265625","-593.55322265625"
"55","111","111","111","-592.9412231445312","-592.9412231445312","-592.9412231445312"
"56","113","113","113","-593.0119018554688","-593.0119018554688","-593.0119018554688"
"57","115","115","115","-593.692626953125","-593.692626953125","-593.692626953125"
"58","117","117","117","-592.9866943359375","-592.9866943359375","-592.9866943359375"
"59","119","119","119","-593.8145141601562","-593.8145141601562","-593.8145141601562"
"60","121","121","121","-595.1068725585938","-595.1068725585938","-595.1068725585938"
"61","123","123","123","-595.4569702148438","-595.4569702148438","-595.4569702148438"
"62","125","125","125","-595.6856689453125","-595.6856689453125","-595.6856689453125"
"63","127","127","127","-595.8687744140625","-595.8687744140625","-595.8687744140625"
"64","129","129","129","-596.0475463867188","-596.0475463867188","-596.0475463867188"
"65","131","131","131","-595.8416748046875","-595.8416748046875","-595.8416748046875"
"66","133","133","133","-596.8897094726562","-596.8897094726562","-596.8897094726562"
"67","135","135","135","-595.987060546875","-595.987060546875","-595.987060546875"
"68","137","137","137","-596.445068359375","-596.445068359375","-596.445068359375"
"69","139","139","139","-596.4754638671875","-596.4754638671875","-596.4754638671875"
"70","141","141","141","-596.48583984375","-596.48583984375","-596.48583984375"
"71","143","143","143","-596.5146484375","-596.5146484375","-596.5146484375"
"72","145","145","145","-598.1134643554688","-598.1134643554688","-598.1134643554688"
"73","147","147","147","-596.0020141601562","-596.0020141601562","-596.0020141601562"
"74","149","149","149","-596.8051147460938","-596.8051147460938","-596.8051147460938"
"75","151","151","151","-598.4578247070312","-598.4578247070312","-598.4578247070312"
"76","153","153","153","-598.0757446289062","-598.0757446289062","-598.0757446289062"
"77","155","155","155","-597.1950073242188","-597.1950073242188","-597.1950073242188"
"78","157","157","157","-599.0831909179688","-599.0831909179688","-599.0831909179688"
"79","159","159","159","-598.439208984375","-598.439208984375","-598.439208984375"
"80","161","161","161","-597.62109375","-597.62109375","-597.62109375"
"81","163","163","163","-598.521240234375","-598.521240234375","-598.521240234375"
"82","165","165","165","-599.73876953125","-599.73876953125","-599.73876953125"
"83","167","167","167","-598.7423706054688","-598.7423706054688","-598.7423706054688"
"84","169","169","169","-600.1090698242188","-600.1090698242188","-600.1090698242188"
"85","171","171","171","-598.4873046875","-598.4873046875","-598.4873046875"
"86","173","173","173","-598.0694580078125","-598.0694580078125","-598.0694580078125"
"87","175","175","175","-599.6246337890625","-599.6246337890625","-599.6246337890625"
"88","177","177","177","-599.1453857421875","-599.1453857421875","-599.1453857421875"
"89","179","179","179","-600.1257934570312","-600.1257934570312","-600.1257934570312"
"90","181","181","181","-599.7997436523438","-599.7997436523438","-599.7997436523438"
"91","183","183","183","-599.4992065429688","-599.4992065429688","-599.4992065429688"
"92","185","185","185","-599.6969604492188","-599.6969604492188","-599.6969604492188"
"93","187","187","187","-600.3198852539062","-600.3198852539062","-600.3198852539062"
"94","189","189","189","-600.1563720703125","-600.1563720703125","-600.1563720703125"
"95","191","191","191","-600.0999755859375","-600.0999755859375","-600.0999755859375"
"96","193","193","193","-601.3177490234375","-601.3177490234375","-601.3177490234375"
"97","195","195","195","-601.49853515625","-601.49853515625","-601.49853515625"
"98","197","197","197","-599.3290405273438","-599.3290405273438","-599.3290405273438"
"99","199","199","199","-599.5982666015625","-599.5982666015625","-599.5982666015625"
"100","201","201","201","-600.9140625","-600.9140625","-600.9140625"
"101","203","203","203","-600.6441650390625","-600.6441650390625","-600.6441650390625"
"102","205","205","205","-601.2908325195312","-601.2908325195312","-601.2908325195312"
"103","207","207","207","-600.343017578125","-600.343017578125","-600.343017578125"
"104","209","209","209","-600.8031005859375","-600.8031005859375","-600.8031005859375"
"105","211","211","211","-600.0350952148438","-600.0350952148438","-600.0350952148438"
"106","213","213","213","-601.9134521484375","-601.9134521484375","-601.9134521484375"
"107","215","215","215","-601.770263671875","-601.770263671875","-601.770263671875"
"108","217","217","217","-604.0428466796875","-604.0428466796875","-604.0428466796875"
"109","219","219","219","-603.076416015625","-603.076416015625","-603.076416015625"
"110","221","221","221","-604.212890625","-604.212890625","-604.212890625"
"111","223","223","223","-604.214599609375","-604.214599609375","-604.214599609375"
"112","225","225","225","-602.1783447265625","-602.1783447265625","-602.1783447265625"
"113","227","227","227","-603.5531616210938","-603.5531616210938","-603.5531616210938"
"114","229","229","229","-603.5132446289062","-603.5132446289062","-603.5132446289062"
"115","231","231","231","-604.2908935546875","-604.2908935546875","-604.2908935546875"
"116","233","233","233","-603.8087158203125","-603.8087158203125","-603.8087158203125"
"117","235","235","235","-603.44091796875","-603.44091796875","-603.44091796875"
"118","237","237","237","-604.32373046875","-604.32373046875","-604.32373046875"
"119","239","239","239","-605.4136352539062","-605.4136352539062","-605.4136352539062"
"120","241","241","241","-604.7665405273438","-604.7665405273438","-604.7665405273438"
"121","243","243","243","-604.5005493164062","-604.5005493164062","-604.5005493164062"
"122","245","245","245","-603.5870971679688","-603.5870971679688","-603.5870971679688"
"123","247","247","247","-604.7756958007812","-604.7756958007812","-604.7756958007812"
"124","249","249","249","-604.8558349609375","-604.8558349609375","-604.8558349609375"
"125","251","251","251","-605.367431640625","-605.367431640625","-605.367431640625"
"126","253","253","253","-606.5704345703125","-606.5704345703125","-606.5704345703125"
"127","255","255","255","-605.9996337890625","-605.9996337890625","-605.9996337890625"
"128","257","257","257","-604.9973754882812","-604.9973754882812","-604.9973754882812"
"129","259","259","259","-605.4638061523438","-605.4638061523438","-605.4638061523438"
"130","261","261","261","-607.9737548828125","-607.9737548828125","-607.9737548828125"
"131","263","263","263","-604.390625","-604.390625","-604.390625"
"132","265","265","265","-606.857666015625","-606.857666015625","-606.857666015625"
"133","267","267","267","-606.03466796875","-606.03466796875","-606.03466796875"
"134","269","269","269","-606.2318115234375","-606.2318115234375","-606.2318115234375"
"135","271","271","271","-605.6038818359375","-605.6038818359375","-605.6038818359375"
"136","273","273","273","-605.9912109375","-605.9912109375","-605.9912109375"
"137","275","275","275","-606.2332153320312","-606.2332153320312","-606.2332153320312"
"138","277","277","277","-607.3681030273438","-607.3681030273438","-607.3681030273438"
"139","279","279","279","-606.6715087890625","-606.6715087890625","-606.6715087890625"
"140","281","281","281","-606.53369140625","-606.53369140625","-606.53369140625"
"141","283","283","283","-606.8690185546875","-606.8690185546875","-606.8690185546875"
"142","285","285","285","-607.5368041992188","-607.5368041992188","-607.5368041992188"
"143","287","287","287","-607.6475219726562","-607.6475219726562","-607.6475219726562"
"144","289","289","289","-606.94921875","-606.94921875","-606.94921875"
"145","291","291","291","-607.8992919921875","-607.8992919921875","-607.8992919921875"
"146","293","293","293","-608.516357421875","-608.516357421875","-608.516357421875"
"147","295","295","295","-608.851806640625","-608.851806640625","-608.851806640625"
"148","297","297","297","-607.3994750976562","-607.3994750976562","-607.3994750976562"
"149","299","299","299","-609.3223876953125","-609.3223876953125","-609.3223876953125"
"150","301","301","301","-609.4580078125","-609.4580078125","-609.4580078125"
"151","303","303","303","-608.9961547851562","-608.9961547851562","-608.9961547851562"
"152","305","305","305","-609.1635131835938","-609.1635131835938","-609.1635131835938"
"153","307","307","307","-610.5639038085938","-610.5639038085938","-610.5639038085938"
"154","309","309","309","-608.8855590820312","-608.8855590820312","-608.8855590820312"
"155","311","311","311","-610.1781616210938","-610.1781616210938","-610.1781616210938"
"156","313","313","313","-608.5775146484375","-608.5775146484375","-608.5775146484375"
"157","315","315","315","-610.3248901367188","-610.3248901367188","-610.3248901367188"
"158","317","317","317","-607.7153930664062","-607.7153930664062","-607.7153930664062"
"159","319","319","319","-610.2223510742188","-610.2223510742188","-610.2223510742188"
"160","321","321","321","-609.8327026367188","-609.8327026367188","-609.8327026367188"
"161","323","323","323","-609.9865112304688","-609.9865112304688","-609.9865112304688"
"162","325","325","325","-609.9802856445312","-609.9802856445312","-609.9802856445312"
"163","327","327","327","-609.5596923828125","-609.5596923828125","-609.5596923828125"
"164","329","329","329","-610.55517578125","-610.55517578125","-610.55517578125"
"165","331","331","331","-609.9143676757812","-609.9143676757812","-609.9143676757812"
"166","333","333","333","-610.9393310546875","-610.9393310546875","-610.9393310546875"
"167","335","335","335","-611.4615478515625","-611.4615478515625","-611.4615478515625"
"168","337","337","337","-610.2276611328125","-610.2276611328125","-610.2276611328125"
"169","339","339","339","-610.4642944335938","-610.4642944335938","-610.4642944335938"
"170","341","341","341","-611.5147705078125","-611.5147705078125","-611.5147705078125"
"171","343","343","343","-609.353759765625","-609.353759765625","-609.353759765625"
"172","345","345","345","-610.9322509765625","-610.9322509765625","-610.9322509765625"
"173","347","347","347","-611.9856567382812","-611.9856567382812","-611.9856567382812"
"174","349","349","349","-612.1151733398438","-612.1151733398438","-612.1151733398438"
"175","351","351","351","-612.1957397460938","-612.1957397460938","-612.1957397460938"
"176","353","353","353","-612.6416015625","-612.6416015625","-612.6416015625"
"177","355","355","355","-612.2747802734375","-612.2747802734375","-612.2747802734375"
"178","357","357","357","-611.9526977539062","-611.9526977539062","-611.9526977539062"
"179","359","359","359","-611.4006958007812","-611.4006958007812","-611.4006958007812"
"180","361","361","361","-614.5175170898438","-614.5175170898438","-614.5175170898438"
"181","363","363","363","-612.8743286132812","-612.8743286132812","-612.8743286132812"
"182","365","365","365","-613.0090942382812","-613.0090942382812","-613.0090942382812"
"183","367","367","367","-613.7059326171875","-613.7059326171875","-613.7059326171875"
"184","369","369","369","-613.5621948242188","-613.5621948242188","-613.5621948242188"
"185","371","371","371","-612.4320678710938","-612.4320678710938","-612.4320678710938"
"186","373","373","373","-613.4342651367188","-613.4342651367188","-613.4342651367188"
"187","375","375","375","-612.6873168945312","-612.6873168945312","-612.6873168945312"
"188","377","377","377","-613.4200439453125","-613.4200439453125","-613.4200439453125"
"189","379","379","379","-613.176025390625","-613.176025390625","-613.176025390625"
"190","381","381","381","-614.1353149414062","-614.1353149414062","-614.1353149414062"
"191","383","383","383","-613.2525634765625","-613.2525634765625","-613.2525634765625"
"192","385","385","385","-612.9306030273438","-612.9306030273438","-612.9306030273438"
"193","387","387","387","-614.0343017578125","-614.0343017578125","-614.0343017578125"
"194","389","389","389","-611.2154541015625","-611.2154541015625","-611.2154541015625"
"195","391","391","391","-613.3151245117188","-613.3151245117188","-613.3151245117188"
"196","393","393","393","-613.321044921875","-613.321044921875","-613.321044921875"
"197","395","395","395","-613.2278442382812","-613.2278442382812","-613.2278442382812"
"198","397","397","397","-613.540283203125","-613.540283203125","-613.540283203125"
"199","399","399","399","-614.205810546875","-614.205810546875","-614.205810546875"
"200","401","401","401","-614.1135864257812","-614.1135864257812","-614.1135864257812"
"201","403","403","403","-614.837890625","-614.837890625","-614.837890625"
"202","405","405","405","-612.3677368164062","-612.3677368164062","-612.3677368164062"
"203","407","407","407","-613.8780517578125","-613.8780517578125","-613.8780517578125"
"204","409","409","409","-613.9243774414062","-613.9243774414062","-613.9243774414062"
"205","411","411","411","-613.2410278320312","-613.2410278320312","-613.2410278320312"
"206","413","413","413","-613.77197265625","-613.77197265625","-613.77197265625"
"207","415","415","415","-613.8857421875","-613.8857421875","-613.8857421875"
"208","417","417","417","-615.5109252929688","-615.5109252929688","-615.5109252929688"
"209","419","419","419","-614.5050048828125","-614.5050048828125","-614.5050048828125"
"210","421","421","421","-615.804443359375","-615.804443359375","-615.804443359375"
"211","423","423","423","-615.6100463867188","-615.6100463867188","-615.6100463867188"
"212","425","425","425","-615.6873168945312","-615.6873168945312","-615.6873168945312"
"213","427","427","427","-614.2320556640625","-614.2320556640625","-614.2320556640625"
"214","429","429","429","-615.2099609375","-615.2099609375","-615.2099609375"
"215","431","431","431","-615.0188598632812","-615.0188598632812","-615.0188598632812"
"216","433","433","433","-617.4369506835938","-617.4369506835938","-617.4369506835938"
"217","435","435","435","-614.833251953125","-614.833251953125","-614.833251953125"
"218","437","437","437","-615.872314453125","-615.872314453125","-615.872314453125"
"219","439","439","439","-615.6688842773438","-615.6688842773438","-615.6688842773438"
"220","441","441","441","-616.2120361328125","-616.2120361328125","-616.2120361328125"
"221","443","443","443","-613.4332885742188","-613.4332885742188","-613.4332885742188"
"222","445","445","445","-616.12548828125","-616.12548828125","-616.12548828125"
"223","447","447","447","-614.7468872070312","-614.7468872070312","-614.7468872070312"
"224","449","449","449","-615.5431518554688","-615.5431518554688","-615.5431518554688"
"225","451","451","451","-615.5469970703125","-615.5469970703125","-615.5469970703125"
"226","453","453","453","-616.571044921875","-616.571044921875","-616.571044921875"
"227","455","455","455","-616.2648315429688","-616.2648315429688","-616.2648315429688"
"228","457","457","457","-614.534423828125","-614.534423828125","-614.534423828125"
"229","459","459","459","-616.0686645507812","-616.0686645507812","-616.0686645507812"
"230","461","461","461","-615.6776123046875","-615.6776123046875","-615.6776123046875"
"231","463","463","463","-616.8697509765625","-616.8697509765625","-616.8697509765625"
"232","465","465","465","-615.0526733398438","-615.0526733398438","-615.0526733398438"
"233","467","467","467","-617.5300903320312","-617.5300903320312","-617.5300903320312"
"234","469","469","469","-615.5194702148438","-615.5194702148438","-615.5194702148438"
"235","471","471","471","-617.3698120117188","-617.3698120117188","-617.3698120117188"
"236","473","473","473","-617.884033203125","-617.884033203125","-617.884033203125"
"237","475","475","475","-615.323974609375","-615.323974609375","-615.323974609375"
"238","477","477","477","-617.8054809570312","-617.8054809570312","-617.8054809570312"
"239","479","479","479","-615.7391357421875","-615.7391357421875","-615.7391357421875"
"240","481","481","481","-618.552978515625","-618.552978515625","-618.552978515625"
"241","483","483","483","-617.4990844726562","-617.4990844726562","-617.4990844726562"
"242","485","485","485","-616.8467407226562","-616.8467407226562","-616.8467407226562"
"243","487","487","487","-618.4878540039062","-618.4878540039062","-618.4878540039062"
"244","489","489","489","-618.2073974609375","-618.2073974609375","-618.2073974609375"
"245","491","491","491","-618.7481689453125","-618.7481689453125","-618.7481689453125"
"246","493","493","493","-616.745361328125","-616.745361328125","-616.745361328125"
"247","495","495","495","-617.3541870117188","-617.3541870117188","-617.3541870117188"
"248","497","497","497","-619.4202880859375","-619.4202880859375","-619.4202880859375"
"249","499","499","499","-617.9331665039062","-617.9331665039062","-617.9331665039062"
"250","501","501","501","-618.4255981445312","-618.4255981445312","-618.4255981445312"
"251","503","503","503","-618.7703857421875","-618.7703857421875","-618.7703857421875"
"252","505","505","505","-617.3032836914062","-617.3032836914062","-617.3032836914062"
"253","507","507","507","-618.2684936523438","-618.2684936523438","-618.2684936523438"
"254","509","509","509","-617.255859375","-617.255859375","-617.255859375"
"255","511","511","511","-618.6044921875","-618.6044921875","-618.6044921875"
"256","513","513","513","-617.9313354492188","-617.9313354492188","-617.9313354492188"
"257","515","515","515","-618.8101806640625","-618.8101806640625","-618.8101806640625"
"258","517","517","517","-618.1856689453125","-618.1856689453125","-618.1856689453125"
"259","519","519","519","-619.3760986328125","-619.3760986328125","-619.3760986328125"
"260","521","521","521","-618.355224609375","-618.355224609375","-618.355224609375"
"261","523","523","523","-618.0640258789062","-618.0640258789062","-618.0640258789062"
"262","525","525","525","-618.8991088867188","-618.8991088867188","-618.8991088867188"
"263","527","527","527","-618.5936889648438","-618.5936889648438","-618.5936889648438"
"264","529","529","529","-617.1323852539062","-617.1323852539062","-617.1323852539062"
"265","531","531","531","-620.0714721679688","-620.0714721679688","-620.0714721679688"
"266","533","533","533","-619.0839233398438","-619.0839233398438","-619.0839233398438"
"267","535","535","535","-618.3433837890625","-618.3433837890625","-618.3433837890625"
"268","537","537","537","-618.8911743164062","-618.8911743164062","-618.8911743164062"
"269","539","539","539","-619.7981567382812","-619.7981567382812","-619.7981567382812"
"270","541","541","541","-619.4773559570312","-619.4773559570312","-619.4773559570312"
"271","543","543","543","-619.7098388671875","-619.7098388671875","-619.7098388671875"
"272","545","545","545","-618.9014892578125","-618.9014892578125","-618.9014892578125"
"273","547","547","547","-619.3120727539062","-619.3120727539062","-619.3120727539062"
"274","549","549","549","-619.118408203125","-619.118408203125","-619.118408203125"
"275","551","551","551","-619.6473388671875","-619.6473388671875","-619.6473388671875"
"276","553","553","553","-619.5043334960938","-619.5043334960938","-619.5043334960938"
"277","555","555","555","-619.8683471679688","-619.8683471679688","-619.8683471679688"
"278","557","557","557","-620.8994140625","-620.8994140625","-620.8994140625"
"279","559","559","559","-619.071044921875","-619.071044921875","-619.071044921875"
"280","561","561","561","-619.6475830078125","-619.6475830078125","-619.6475830078125"
"281","563","563","563","-619.51513671875","-619.51513671875","-619.51513671875"
"282","565","565","565","-620.9974975585938","-620.9974975585938","-620.9974975585938"
"283","567","567","567","-619.09619140625","-619.09619140625","-619.09619140625"
"284","569","569","569","-620.439208984375","-620.439208984375","-620.439208984375"
"285","571","571","571","-619.5166625976562","-619.5166625976562","-619.5166625976562"
"286","573","573","573","-619.0474243164062","-619.0474243164062","-619.0474243164062"
"287","575","575","575","-618.915283203125","-618.915283203125","-618.915283203125"
"288","577","577","577","-619.63232421875","-619.63232421875","-619.63232421875"
"289","579","579","579","-619.7977905273438","-619.7977905273438","-619.7977905273438"
"290","581","581","581","-619.9735107421875","-619.9735107421875","-619.9735107421875"
"291","583","583","583","-620.06689453125","-620.06689453125","-620.06689453125"
"292","585","585","585","-619.4480590820312","-619.4480590820312","-619.4480590820312"
"293","587","587","587","-621.5233764648438","-621.5233764648438","-621.5233764648438"
"294","589","589","589","-620.81640625","-620.81640625","-620.81640625"
"295","591","591","591","-619.8894653320312","-619.8894653320312","-619.8894653320312"
"296","593","593","593","-620.962158203125","-620.962158203125","-620.962158203125"
"297","595","595","595","-619.9320068359375","-619.9320068359375","-619.9320068359375"
"298","597","597","597","-620.1588745117188","-620.1588745117188","-620.1588745117188"
"299","599","599","599","-618.7572021484375","-618.7572021484375","-618.7572021484375"
"300","601","601","601","-620.3872680664062","-620.3872680664062","-620.3872680664062"
"301","603","603","603","-619.7861328125","-619.7861328125","-619.7861328125"
"302","605","605","605","-620.8418579101562","-620.8418579101562","-620.8418579101562"
"303","607","607","607","-620.5361938476562","-620.5361938476562","-620.5361938476562"
"304","609","609","609","-621.1663818359375","-621.1663818359375","-621.1663818359375"
"305","611","611","611","-620.1015014648438","-620.1015014648438","-620.1015014648438"
"306","613","613","613","-622.453369140625","-622.453369140625","-622.453369140625"
"307","615","615","615","-620.0704345703125","-620.0704345703125","-620.0704345703125"
"308","617","617","617","-620.4700317382812","-620.4700317382812","-620.4700317382812"
"309","619","619","619","-621.9691162109375","-621.9691162109375","-621.9691162109375"
"310","621","621","621","-620.6804809570312","-620.6804809570312","-620.6804809570312"
"311","623","623","623","-621.696533203125","-621.696533203125","-621.696533203125"
"312","625","625","625","-619.514892578125","-619.514892578125","-619.514892578125"
"313","627","627","627","-620.8656005859375","-620.8656005859375","-620.8656005859375"
"314","629","629","629","-621.3280029296875","-621.3280029296875","-621.3280029296875"
"315","631","631","631","-621.6583862304688","-621.6583862304688","-621.6583862304688"
"316","633","633","633","-621.701904296875","-621.701904296875","-621.701904296875"
"317","635","635","635","-620.6719970703125","-620.6719970703125","-620.6719970703125"
"318","637","637","637","-620.608642578125","-620.608642578125","-620.608642578125"
"319","639","639","639","-620.7772216796875","-620.7772216796875","-620.7772216796875"
"320","641","641","641","-622.6278686523438","-622.6278686523438","-622.6278686523438"
"321","643","643","643","-621.8541870117188","-621.8541870117188","-621.8541870117188"
"322","645","645","645","-620.5914306640625","-620.5914306640625","-620.5914306640625"
"323","647","647","647","-621.3934326171875","-621.3934326171875","-621.3934326171875"
"324","649","649","649","-620.3255004882812","-620.3255004882812","-620.3255004882812"
"325","651","651","651","-622.4799194335938","-622.4799194335938","-622.4799194335938"
"326","653","653","653","-622.787109375","-622.787109375","-622.787109375"
"327","655","655","655","-620.6845092773438","-620.6845092773438","-620.6845092773438"
"328","657","657","657","-622.1061401367188","-622.1061401367188","-622.1061401367188"
"329","659","659","659","-622.9723510742188","-622.9723510742188","-622.9723510742188"
"330","661","661","661","-622.5540161132812","-622.5540161132812","-622.5540161132812"
"331","663","663","663","-622.66552734375","-622.66552734375","-622.66552734375"
"332","665","665","665","-622.1757202148438","-622.1757202148438","-622.1757202148438"
"333","667","667","667","-622.7434692382812","-622.7434692382812","-622.7434692382812"
"334","669","669","669","-621.1802368164062","-621.1802368164062","-621.1802368164062"
"335","671","671","671","-622.6309814453125","-622.6309814453125","-622.6309814453125"
"336","673","673","673","-622.6788330078125","-622.6788330078125","-622.6788330078125"
"337","675","675","675","-624.0057373046875","-624.0057373046875","-624.0057373046875"
"338","677","677","677","-621.8049926757812","-621.8049926757812","-621.8049926757812"
"339","679","679","679","-622.3336181640625","-622.3336181640625","-622.3336181640625"
"340","681","681","681","-622.0455322265625","-622.0455322265625","-622.0455322265625"
"341","683","683","683","-624.5016479492188","-624.5016479492188","-624.5016479492188"
"342","685","685","685","-622.5550537109375","-622.5550537109375","-622.5550537109375"
"343","687","687","687","-622.1653442382812","-622.1653442382812","-622.1653442382812"
"344","689","689","689","-622.4122924804688","-622.4122924804688","-622.4122924804688"
"345","691","691","691","-621.6107788085938","-621.6107788085938","-621.6107788085938"
"346","693","693","693","-621.6549072265625","-621.6549072265625","-621.6549072265625"
"347","695","695","695","-623.1983642578125","-623.1983642578125","-623.1983642578125"
"348","697","697","697","-622.237060546875","-622.237060546875","-622.237060546875"
"349","699","699","699","-622.6161499023438","-622.6161499023438","-622.6161499023438"
"350","701","701","701","-624.5672607421875","-624.5672607421875","-624.5672607421875"
"351","703","703","703","-623.8352661132812","-623.8352661132812","-623.8352661132812"
"352","705","705","705","-623.5499877929688","-623.5499877929688","-623.5499877929688"
"353","707","707","707","-622.8734130859375","-622.8734130859375","-622.8734130859375"
"354","709","709","709","-626.0690307617188","-626.0690307617188","-626.0690307617188"
"355","711","711","711","-625.5194702148438","-625.5194702148438","-625.5194702148438"
"356","713","713","713","-622.4708862304688","-622.4708862304688","-622.4708862304688"
"357","715","715","715","-626.1830444335938","-626.1830444335938","-626.1830444335938"
"358","717","717","717","-625.3049926757812","-625.3049926757812","-625.3049926757812"
"359","719","719","719","-625.6143188476562","-625.6143188476562","-625.6143188476562"
"360","721","721","721","-625.97216796875","-625.97216796875","-625.97216796875"
"361","723","723","723","-625.9627685546875","-625.9627685546875","-625.9627685546875"
"362","725","725","725","-626.1187744140625","-626.1187744140625","-626.1187744140625"
"363","727","727","727","-625.2883911132812","-625.2883911132812","-625.2883911132812"
"364","729","729","729","-626.3236694335938","-626.3236694335938","-626.3236694335938"
"365","731","731","731","-625.82177734375","-625.82177734375","-625.82177734375"
"366","733","733","733","-626.4915771484375","-626.4915771484375","-626.4915771484375"
"367","735","735","735","-626.23486328125","-626.23486328125","-626.23486328125"
"368","737","737","737","-625.60107421875","-625.60107421875","-625.60107421875"
"369","739","739","739","-627.3372192382812","-627.3372192382812","-627.3372192382812"
"370","741","741","741","-625.8488159179688","-625.8488159179688","-625.8488159179688"
"371","743","743","743","-626.6882934570312","-626.6882934570312","-626.6882934570312"
"372","745","745","745","-626.4851684570312","-626.4851684570312","-626.4851684570312"
"373","747","747","747","-627.8878173828125","-627.8878173828125","-627.8878173828125"
"374","749","749","749","-625.3139038085938","-625.3139038085938","-625.3139038085938"
"375","751","751","751","-628.0480346679688","-628.0480346679688","-628.0480346679688"
"376","753","753","753","-628.244140625","-628.244140625","-628.244140625"
"377","755","755","755","-627.0308227539062","-627.0308227539062","-627.0308227539062"
"378","757","757","757","-625.97509765625","-625.97509765625","-625.97509765625"
"379","759","759","759","-627.611328125","-627.611328125","-627.611328125"
"380","761","761","761","-627.671142578125","-627.671142578125","-627.671142578125"
"381","763","763","763","-628.3666381835938","-628.3666381835938","-628.3666381835938"
"382","765","765","765","-626.5375366210938","-626.5375366210938","-626.5375366210938"
"383","767","767","767","-626.1162109375","-626.1162109375","-626.1162109375"
"384","769","769","769","-626.8991088867188","-626.8991088867188","-626.8991088867188"
"385","771","771","771","-627.9577026367188","-627.9577026367188","-627.9577026367188"
"386","773","773","773","-628.8405151367188","-628.8405151367188","-628.8405151367188"
"387","775","775","775","-626.1619873046875","-626.1619873046875","-626.1619873046875"
"388","777","777","777","-626.9453125","-626.9453125","-626.9453125"
"389","779","779","779","-627.2982177734375","-627.2982177734375","-627.2982177734375"
"390","781","781","781","-628.6670532226562","-628.6670532226562","-628.6670532226562"
"391","783","783","783","-626.5900268554688","-626.5900268554688","-626.5900268554688"
"392","785","785","785","-626.7119750976562","-626.7119750976562","-626.7119750976562"
"393","787","787","787","-630.3740234375","-630.3740234375","-630.3740234375"
"394","789","789","789","-627.9872436523438","-627.9872436523438","-627.9872436523438"
"395","791","791","791","-629.5697021484375","-629.5697021484375","-629.5697021484375"
"396","793","793","793","-626.8795166015625","-626.8795166015625","-626.8795166015625"
"397","795","795","795","-628.5811157226562","-628.5811157226562","-628.5811157226562"
"398","797","797","797","-627.4141845703125","-627.4141845703125","-627.4141845703125"
"399","799","799","799","-627.0679931640625","-627.0679931640625","-627.0679931640625"
"400","801","801","801","-626.1251220703125","-626.1251220703125","-626.1251220703125"
"401","803","803","803","-629.23046875","-629.23046875","-629.23046875"
"402","805","805","805","-628.0333251953125","-628.0333251953125","-628.0333251953125"
"403","807","807","807","-629.0556640625","-629.0556640625","-629.0556640625"
"404","809","809","809","-627.7344360351562","-627.7344360351562","-627.7344360351562"
"405","811","811","811","-628.7943725585938","-628.7943725585938","-628.7943725585938"
"406","813","813","813","-628.1084594726562","-628.1084594726562","-628.1084594726562"
"407","815","815","815","-629.618896484375","-629.618896484375","-629.618896484375"
"408","817","817","817","-629.2463989257812","-629.2463989257812","-629.2463989257812"
"409","819","819","819","-626.5479125976562","-626.5479125976562","-626.5479125976562"
"410","821","821","821","-628.7583618164062","-628.7583618164062","-628.7583618164062"
"411","823","823","823","-628.2924194335938","-628.2924194335938","-628.2924194335938"
"412","825","825","825","-627.5455932617188","-627.5455932617188","-627.5455932617188"
"413","827","827","827","-626.8084106445312","-626.8084106445312","-626.8084106445312"
"414","829","829","829","-628.2341918945312","-628.2341918945312","-628.2341918945312"
"415","831","831","831","-628.7324829101562","-628.7324829101562","-628.7324829101562"
"416","833","833","833","-628.5293579101562","-628.5293579101562","-628.5293579101562"
"417","835","835","835","-628.8095092773438","-628.8095092773438","-628.8095092773438"
"418","837","837","837","-628.8845825195312","-628.8845825195312","-628.8845825195312"
"419","839","839","839","-628.4052734375","-628.4052734375","-628.4052734375"
"420","841","841","841","-627.158935546875","-627.158935546875","-627.158935546875"
"421","843","843","843","-629.3403930664062","-629.3403930664062","-629.3403930664062"
"422","845","845","845","-629.1144409179688","-629.1144409179688","-629.1144409179688"
"423","847","847","847","-627.9747924804688","-627.9747924804688","-627.9747924804688"
"424","849","849","849","-627.9967041015625","-627.9967041015625","-627.9967041015625"
"425","851","851","851","-627.773193359375","-627.773193359375","-627.773193359375"
"426","853","853","853","-629.5511474609375","-629.5511474609375","-629.5511474609375"
"427","855","855","855","-629.5421142578125","-629.5421142578125","-629.5421142578125"
"428","857","857","857","-628.256103515625","-628.256103515625","-628.256103515625"
"429","859","859","859","-628.9264526367188","-628.9264526367188","-628.9264526367188"
"430","861","861","861","-629.8662719726562","-629.8662719726562","-629.8662719726562"
"431","863","863","863","-627.8870849609375","-627.8870849609375","-627.8870849609375"
"432","865","865","865","-628.0655517578125","-628.0655517578125","-628.0655517578125"
"433","867","867","867","-628.0211181640625","-628.0211181640625","-628.0211181640625"
"434","869","869","869","-629.1715698242188","-629.1715698242188","-629.1715698242188"
"435","871","871","871","-628.9700317382812","-628.9700317382812","-628.9700317382812"
"436","873","873","873","-628.767822265625","-628.767822265625","-628.767822265625"
"437","875","875","875","-628.170166015625","-628.170166015625","-628.170166015625"
"438","877","877","877","-627.7738037109375","-627.7738037109375","-627.7738037109375"
"439","879","879","879","-629.2249755859375","-629.2249755859375","-629.2249755859375"
"440","881","881","881","-629.1083374023438","-629.1083374023438","-629.1083374023438"
"441","883","883","883","-627.1809692382812","-627.1809692382812","-627.1809692382812"
"442","885","885","885","-629.076171875","-629.076171875","-629.076171875"
"443","887","887","887","-630.8343505859375","-630.8343505859375","-630.8343505859375"
"444","889","889","889","-627.4492797851562","-627.4492797851562","-627.4492797851562"
"445","891","891","891","-629.4515991210938","-629.4515991210938","-629.4515991210938"
"446","893","893","893","-628.3909301757812","-628.3909301757812","-628.3909301757812"
"447","895","895","895","-628.91015625","-628.91015625","-628.91015625"
"448","897","897","897","-629.262939453125","-629.262939453125","-629.262939453125"
"449","899","899","899","-627.8630981445312","-627.8630981445312","-627.8630981445312"
"450","901","901","901","-630.0770874023438","-630.0770874023438","-630.0770874023438"
"451","903","903","903","-627.9993286132812","-627.9993286132812","-627.9993286132812"
"452","905","905","905","-631.0702514648438","-631.0702514648438","-631.0702514648438"
"453","907","907","907","-628.561279296875","-628.561279296875","-628.561279296875"
"454","909","909","909","-629.4072265625","-629.4072265625","-629.4072265625"
"455","911","911","911","-628.54541015625","-628.54541015625","-628.54541015625"
"456","913","913","913","-627.0270385742188","-627.0270385742188","-627.0270385742188"
"457","915","915","915","-626.869140625","-626.869140625","-626.869140625"
"458","917","917","917","-629.73291015625","-629.73291015625","-629.73291015625"
"459","919","919","919","-629.2158203125","-629.2158203125","-629.2158203125"
"460","921","921","921","-628.087646484375","-628.087646484375","-628.087646484375"
"461","923","923","923","-628.4009399414062","-628.4009399414062","-628.4009399414062"
"462","925","925","925","-628.1981201171875","-628.1981201171875","-628.1981201171875"
"463","927","927","927","-628.955322265625","-628.955322265625","-628.955322265625"
"464","929","929","929","-628.3069458007812","-628.3069458007812","-628.3069458007812"
"465","931","931","931","-627.85791015625","-627.85791015625","-627.85791015625"
"466","933","933","933","-628.7526245117188","-628.7526245117188","-628.7526245117188"
"467","935","935","935","-629.078857421875","-629.078857421875","-629.078857421875"
"468","937","937","937","-629.6740112304688","-629.6740112304688","-629.6740112304688"
"469","939","939","939","-628.3677368164062","-628.3677368164062","-628.3677368164062"
"470","941","941","941","-629.1505737304688","-629.1505737304688","-629.1505737304688"
"471","943","943","943","-628.9143676757812","-628.9143676757812","-628.9143676757812"
"472","945","945","945","-630.041748046875","-630.041748046875","-630.041748046875"
"473","947","947","947","-629.0049438476562","-629.0049438476562","-629.0049438476562"
"474","949","949","949","-628.8197021484375","-628.8197021484375","-628.8197021484375"
"475","951","951","951","-628.7052001953125","-628.7052001953125","-628.7052001953125"
"476","953","953","953","-629.410888671875","-629.410888671875","-629.410888671875"
"477","955","955","955","-629.0054931640625","-629.0054931640625","-629.0054931640625"
"478","957","957","957","-628.1759643554688","-628.1759643554688","-628.1759643554688"
"479","959","959","959","-629.46337890625","-629.46337890625","-629.46337890625"
"480","961","961","961","-628.2286376953125","-628.2286376953125","-628.2286376953125"
"481","963","963","963","-627.8643798828125","-627.8643798828125","-627.8643798828125"
"482","965","965","965","-628.4955444335938","-628.4955444335938","-628.4955444335938"
"483","967","967","967","-630.1096801757812","-630.1096801757812","-630.1096801757812"
"484","969","969","969","-628.9928588867188","-628.9928588867188","-628.9928588867188"
"485","971","971","971","-627.769287109375","-627.769287109375","-627.769287109375"
"486","973","973","973","-627.2335815429688","-627.2335815429688","-627.2335815429688"
"487","975","975","975","-628.5579833984375","-628.5579833984375","-628.5579833984375"
"488","977","977","977","-626.5430297851562","-626.5430297851562","-626.5430297851562"
"489","979","979","979","-629.53515625","-629.53515625","-629.53515625"
"490","981","981","981","-627.27685546875","-627.27685546875","-627.27685546875"
"491","983","983","983","-627.8157958984375","-627.8157958984375","-627.8157958984375"
"492","985","985","985","-628.3397216796875","-628.3397216796875","-628.3397216796875"
"493","987","987","987","-628.2867431640625","-628.2867431640625","-628.2867431640625"
"494","989","989","989","-629.1608276367188","-629.1608276367188","-629.1608276367188"
"495","991","991","991","-627.1253662109375","-627.1253662109375","-627.1253662109375"
"496","993","993","993","-626.820068359375","-626.820068359375","-626.820068359375"
"497","995","995","995","-628.1124267578125","-628.1124267578125","-628.1124267578125"
"498","997","997","997","-628.155517578125","-628.155517578125","-628.155517578125"
"499","999","999","999","-628.683349609375","-628.683349609375","-628.683349609375"
"500","1001","1001","1001","-627.8018798828125","-627.8018798828125","-627.8018798828125"
"501","1003","1003","1003","-628.0647583007812","-628.0647583007812","-628.0647583007812"
"502","1005","1005","1005","-628.1244506835938","-628.1244506835938","-628.1244506835938"
"503","1007","1007","1007","-627.666259765625","-627.666259765625","-627.666259765625"
"504","1009","1009","1009","-629.1846923828125","-629.1846923828125","-629.1846923828125"
"505","1011","1011","1011","-628.1453857421875","-628.1453857421875","-628.1453857421875"
"506","1013","1013","1013","-627.53515625","-627.53515625","-627.53515625"
"507","1015","1015","1015","-628.0396118164062","-628.0396118164062","-628.0396118164062"
"508","1017","1017","1017","-627.2249145507812","-627.2249145507812","-627.2249145507812"
"509","1019","1019","1019","-629.324951171875","-629.324951171875","-629.324951171875"
"510","1021","1021","1021","-628.3551025390625","-628.3551025390625","-628.3551025390625"
"511","1023","1023","1023","-628.0509643554688","-628.0509643554688","-628.0509643554688"
"512","1025","1025","1025","-627.5648193359375","-627.5648193359375","-627.5648193359375"
"513","1027","1027","1027","-628.1052856445312","-628.1052856445312","-628.1052856445312"
"514","1029","1029","1029","-627.7940063476562","-627.7940063476562","-627.7940063476562"
"515","1031","1031","1031","-628.0626220703125","-628.0626220703125","-628.0626220703125"
"516","1033","1033","1033","-627.8792114257812","-627.8792114257812","-627.8792114257812"
"517","1035","1035","1035","-628.352294921875","-628.352294921875","-628.352294921875"
"518","1037","1037","1037","-628.3765258789062","-628.3765258789062","-628.3765258789062"
"519","1039","1039","1039","-627.8809814453125","-627.8809814453125","-627.8809814453125"
"520","1041","1041","1041","-628.5686645507812","-628.5686645507812","-628.5686645507812"
"521","1043","1043","1043","-628.315673828125","-628.315673828125","-628.315673828125"
"522","1045","1045","1045","-628.181640625","-628.181640625","-628.181640625"
"523","1047","1047","1047","-629.142822265625","-629.142822265625","-629.142822265625"
"524","1049","1049","1049","-627.625732421875","-627.625732421875","-627.625732421875"
"525","1051","1051","1051","-629.3124389648438","-629.3124389648438","-629.3124389648438"
"526","1053","1053","1053","-628.8682861328125","-628.8682861328125","-628.8682861328125"
"527","1055","1055","1055","-627.9478759765625","-627.9478759765625","-627.9478759765625"
"528","1057","1057","1057","-629.4727172851562","-629.4727172851562","-629.4727172851562"
"529","1059","1059","1059","-627.427490234375","-627.427490234375","-627.427490234375"
"530","1061","1061","1061","-628.8400268554688","-628.8400268554688","-628.8400268554688"
"531","1063","1063","1063","-628.9630126953125","-628.9630126953125","-628.9630126953125"
"532","1065","1065","1065","-627.7394409179688","-627.7394409179688","-627.7394409179688"
"533","1067","1067","1067","-631.01318359375","-631.01318359375","-631.01318359375"
"534","1069","1069","1069","-628.6777954101562","-628.6777954101562","-628.6777954101562"
"535","1071","1071","1071","-627.5516357421875","-627.5516357421875","-627.5516357421875"
"536","1073","1073","1073","-631.2203979492188","-631.2203979492188","-631.2203979492188"
"537","1075","1075","1075","-630.40380859375","-630.40380859375","-630.40380859375"
"538","1077","1077","1077","-630.8296508789062","-630.8296508789062","-630.8296508789062"
"539","1079","1079","1079","-629.6866455078125","-629.6866455078125","-629.6866455078125"
"540","1081","1081","1081","-631.2254638671875","-631.2254638671875","-631.2254638671875"
"541","1083","1083","1083","-630.1336059570312","-630.1336059570312","-630.1336059570312"
"542","1085","1085","1085","-629.2955932617188","-629.2955932617188","-629.2955932617188"
"543","1087","1087","1087","-628.434814453125","-628.434814453125","-628.434814453125"
"544","1089","1089","1089","-631.3974609375","-631.3974609375","-631.3974609375"
"545","1091","1091","1091","-630.6804809570312","-630.6804809570312","-630.6804809570312"
"546","1093","1093","1093","-630.5106811523438","-630.5106811523438","-630.5106811523438"
"547","1095","1095","1095","-628.7201538085938","-628.7201538085938","-628.7201538085938"
"548","1097","1097","1097","-630.3167114257812","-630.3167114257812","-630.3167114257812"
"549","1099","1099","1099","-630.2843627929688","-630.2843627929688","-630.2843627929688"
"550","1101","1101","1101","-630.6202392578125","-630.6202392578125","-630.6202392578125"
"551","1103","1103","1103","-629.2938232421875","-629.2938232421875","-629.2938232421875"
"552","1105","1105","1105","-630.843505859375","-630.843505859375","-630.843505859375"
"553","1107","1107","1107","-629.47021484375","-629.47021484375","-629.47021484375"
"554","1109","1109","1109","-629.435546875","-629.435546875","-629.435546875"
"555","1111","1111","1111","-631.390380859375","-631.390380859375","-631.390380859375"
"556","1113","1113","1113","-631.4248657226562","-631.4248657226562","-631.4248657226562"
"557","1115","1115","1115","-629.1156616210938","-629.1156616210938","-629.1156616210938"
"558","1117","1117","1117","-630.7069702148438","-630.7069702148438","-630.7069702148438"
"559","1119","1119","1119","-630.0061645507812","-630.0061645507812","-630.0061645507812"
"560","1121","1121","1121","-630.0440063476562","-630.0440063476562","-630.0440063476562"
"561","1123","1123","1123","-629.4749145507812","-629.4749145507812","-629.4749145507812"
"562","1125","1125","1125","-630.2096557617188","-630.2096557617188","-630.2096557617188"
"563","1127","1127","1127","-630.55419921875","-630.55419921875","-630.55419921875"
"564","1129","1129","1129","-629.2003173828125","-629.2003173828125","-629.2003173828125"
"565","1131","1131","1131","-632.0917358398438","-632.0917358398438","-632.0917358398438"
"566","1133","1133","1133","-629.1945190429688","-629.1945190429688","-629.1945190429688"
"567","1135","1135","1135","-630.1406860351562","-630.1406860351562","-630.1406860351562"
"568","1137","1137","1137","-629.1553344726562","-629.1553344726562","-629.1553344726562"
"569","1139","1139","1139","-629.7118530273438","-629.7118530273438","-629.7118530273438"
"570","1141","1141","1141","-630.4777221679688","-630.4777221679688","-630.4777221679688"
"571","1143","1143","1143","-629.072509765625","-629.072509765625","-629.072509765625"
"572","1145","1145","1145","-629.3753662109375","-629.3753662109375","-629.3753662109375"
"573","1147","1147","1147","-630.642822265625","-630.642822265625","-630.642822265625"
"574","1149","1149","1149","-629.4605712890625","-629.4605712890625","-629.4605712890625"
"575","1151","1151","1151","-629.7965698242188","-629.7965698242188","-629.7965698242188"
"576","1153","1153","1153","-628.664794921875","-628.664794921875","-628.664794921875"
"577","1155","1155","1155","-629.1701049804688","-629.1701049804688","-629.1701049804688"
"578","1157","1157","1157","-630.8064575195312","-630.8064575195312","-630.8064575195312"
"579","1159","1159","1159","-629.1055908203125","-629.1055908203125","-629.1055908203125"
"580","1161","1161","1161","-629.6926879882812","-629.6926879882812","-629.6926879882812"
"581","1163","1163","1163","-631.4728393554688","-631.4728393554688","-631.4728393554688"
"582","1165","1165","1165","-630.1431274414062","-630.1431274414062","-630.1431274414062"
"583","1167","1167","1167","-631.073486328125","-631.073486328125","-631.073486328125"
"584","1169","1169","1169","-630.0194702148438","-630.0194702148438","-630.0194702148438"
"585","1171","1171","1171","-631.134033203125","-631.134033203125","-631.134033203125"
"586","1173","1173","1173","-628.880859375","-628.880859375","-628.880859375"
"587","1175","1175","1175","-631.3341064453125","-631.3341064453125","-631.3341064453125"
"588","1177","1177","1177","-632.5003051757812","-632.5003051757812","-632.5003051757812"
"589","1179","1179","1179","-629.778564453125","-629.778564453125","-629.778564453125"
"590","1181","1181","1181","-630.8515014648438","-630.8515014648438","-630.8515014648438"
"591","1183","1183","1183","-630.2396850585938","-630.2396850585938","-630.2396850585938"
"592","1185","1185","1185","-632.3690185546875","-632.3690185546875","-632.3690185546875"
"593","1187","1187","1187","-631.3743286132812","-631.3743286132812","-631.3743286132812"
"594","1189","1189","1189","-632.7549438476562","-632.7549438476562","-632.7549438476562"
"595","1191","1191","1191","-632.1403198242188","-632.1403198242188","-632.1403198242188"
"596","1193","1193","1193","-633.5409545898438","-633.5409545898438","-633.5409545898438"
"597","1195","1195","1195","-631.593994140625","-631.593994140625","-631.593994140625"
"598","1197","1197","1197","-632.5478515625","-632.5478515625","-632.5478515625"
"599","1199","1199","1199","-633.3880615234375","-633.3880615234375","-633.3880615234375"
"600","1201","1201","1201","-632.660400390625","-632.660400390625","-632.660400390625"
"601","1203","1203","1203","-632.625","-632.625","-632.625"
"602","1205","1205","1205","-631.8624877929688","-631.8624877929688","-631.8624877929688"
"603","1207","1207","1207","-632.2273559570312","-632.2273559570312","-632.2273559570312"
"604","1209","1209","1209","-633.1372680664062","-633.1372680664062","-633.1372680664062"
"605","1211","1211","1211","-632.9141845703125","-632.9141845703125","-632.9141845703125"
"606","1213","1213","1213","-634.409423828125","-634.409423828125","-634.409423828125"
"607","1215","1215","1215","-633.3851318359375","-633.3851318359375","-633.3851318359375"
"608","1217","1217","1217","-634.4876708984375","-634.4876708984375","-634.4876708984375"
"609","1219","1219","1219","-632.391845703125","-632.391845703125","-632.391845703125"
"610","1221","1221","1221","-634.2833862304688","-634.2833862304688","-634.2833862304688"
"611","1223","1223","1223","-632.062744140625","-632.062744140625","-632.062744140625"
"612","1225","1225","1225","-633.5888061523438","-633.5888061523438","-633.5888061523438"
"613","1227","1227","1227","-633.50244140625","-633.50244140625","-633.50244140625"
"614","1229","1229","1229","-634.057861328125","-634.057861328125","-634.057861328125"
"615","1231","1231","1231","-633.4142456054688","-633.4142456054688","-633.4142456054688"
"616","1233","1233","1233","-634.1217041015625","-634.1217041015625","-634.1217041015625"
"617","1235","1235","1235","-634.0715942382812","-634.0715942382812","-634.0715942382812"
"618","1237","1237","1237","-634.0322265625","-634.0322265625","-634.0322265625"
"619","1239","1239","1239","-634.13037109375","-634.13037109375","-634.13037109375"
"620","1241","1241","1241","-634.2867431640625","-634.2867431640625","-634.2867431640625"
"621","1243","1243","1243","-635.3141479492188","-635.3141479492188","-635.3141479492188"
"622","1245","1245","1245","-634.7888793945312","-634.7888793945312","-634.7888793945312"
"623","1247","1247","1247","-634.8457641601562","-634.8457641601562","-634.8457641601562"
"624","1249","1249","1249","-634.4194946289062","-634.4194946289062","-634.4194946289062"
"625","1251","1251","1251","-635.9246215820312","-635.9246215820312","-635.9246215820312"
"626","1253","1253","1253","-635.314208984375","-635.314208984375","-635.314208984375"
"627","1255","1255","1255","-636.3309936523438","-636.3309936523438","-636.3309936523438"
"628","1257","1257","1257","-634.0820922851562","-634.0820922851562","-634.0820922851562"
"629","1259","1259","1259","-635.8164672851562","-635.8164672851562","-635.8164672851562"
"630","1261","1261","1261","-636.5820922851562","-636.5820922851562","-636.5820922851562"
"631","1263","1263","1263","-635.9996948242188","-635.9996948242188","-635.9996948242188"
"632","1265","1265","1265","-635.781494140625","-635.781494140625","-635.781494140625"
"633","1267","1267","1267","-634.0872802734375","-634.0872802734375","-634.0872802734375"
"634","1269","1269","1269","-636.3707275390625","-636.3707275390625","-636.3707275390625"
"635","1271","1271","1271","-635.6304321289062","-635.6304321289062","-635.6304321289062"
"636","1273","1273","1273","-634.6033325195312","-634.6033325195312","-634.6033325195312"
"637","1275","1275","1275","-634.5173950195312","-634.5173950195312","-634.5173950195312"
"638","1277","1277","1277","-635.455078125","-635.455078125","-635.455078125"
"639","1279","1279","1279","-635.5357666015625","-635.5357666015625","-635.5357666015625"
"640","1281","1281","1281","-635.4737548828125","-635.4737548828125","-635.4737548828125"
"641","1283","1283","1283","-634.68896484375","-634.68896484375","-634.68896484375"
"642","1285","1285","1285","-635.442626953125","-635.442626953125","-635.442626953125"
"643","1287","1287","1287","-636.0752563476562","-636.0752563476562","-636.0752563476562"
"644","1289","1289","1289","-635.5014038085938","-635.5014038085938","-635.5014038085938"
"645","1291","1291","1291","-636.2413940429688","-636.2413940429688","-636.2413940429688"
"646","1293","1293","1293","-636.2275390625","-636.2275390625","-636.2275390625"
"647","1295","1295","1295","-635.5001220703125","-635.5001220703125","-635.5001220703125"
"648","1297","1297","1297","-635.5147094726562","-635.5147094726562","-635.5147094726562"
"649","1299","1299","1299","-634.9541625976562","-634.9541625976562","-634.9541625976562"
"650","1301","1301","1301","-636.2101440429688","-636.2101440429688","-636.2101440429688"
"651","1303","1303","1303","-635.5921630859375","-635.5921630859375","-635.5921630859375"
"652","1305","1305","1305","-634.7908325195312","-634.7908325195312","-634.7908325195312"
"653","1307","1307","1307","-634.4611206054688","-634.4611206054688","-634.4611206054688"
"654","1309","1309","1309","-636.9672241210938","-636.9672241210938","-636.9672241210938"
"655","1311","1311","1311","-635.8547973632812","-635.8547973632812","-635.8547973632812"
"656","1313","1313","1313","-635.78369140625","-635.78369140625","-635.78369140625"
"657","1315","1315","1315","-634.427734375","-634.427734375","-634.427734375"
"658","1317","1317","1317","-635.4281616210938","-635.4281616210938","-635.4281616210938"
"659","1319","1319","1319","-637.178955078125","-637.178955078125","-637.178955078125"
"660","1321","1321","1321","-635.8438720703125","-635.8438720703125","-635.8438720703125"
"661","1323","1323","1323","-636.1099853515625","-636.1099853515625","-636.1099853515625"
"662","1325","1325","1325","-634.4656372070312","-634.4656372070312","-634.4656372070312"
"663","1327","1327","1327","-636.7438354492188","-636.7438354492188","-636.7438354492188"
"664","1329","1329","1329","-635.3919677734375","-635.3919677734375","-635.3919677734375"
"665","1331","1331","1331","-635.3726806640625","-635.3726806640625","-635.3726806640625"
"666","1333","1333","1333","-635.2210083007812","-635.2210083007812","-635.2210083007812"
"667","1335","1335","1335","-634.8589477539062","-634.8589477539062","-634.8589477539062"
"668","1337","1337","1337","-635.4125366210938","-635.4125366210938","-635.4125366210938"
"669","1339","1339","1339","-636.8294677734375","-636.8294677734375","-636.8294677734375"
"670","1341","1341","1341","-635.6744384765625","-635.6744384765625","-635.6744384765625"
"671","1343","1343","1343","-636.8592529296875","-636.8592529296875","-636.8592529296875"
"672","1345","1345","1345","-636.3444213867188","-636.3444213867188","-636.3444213867188"
"673","1347","1347","1347","-636.5466918945312","-636.5466918945312","-636.5466918945312"
"674","1349","1349","1349","-635.5831909179688","-635.5831909179688","-635.5831909179688"
"675","1351","1351","1351","-635.7874145507812","-635.7874145507812","-635.7874145507812"
"676","1353","1353","1353","-637.3742065429688","-637.3742065429688","-637.3742065429688"
"677","1355","1355","1355","-635.7507934570312","-635.7507934570312","-635.7507934570312"
"678","1357","1357","1357","-636.316650390625","-636.316650390625","-636.316650390625"
"679","1359","1359","1359","-636.3158569335938","-636.3158569335938","-636.3158569335938"
"680","1361","1361","1361","-636.3159790039062","-636.3159790039062","-636.3159790039062"
"681","1363","1363","1363","-635.9000244140625","-635.9000244140625","-635.9000244140625"
"682","1365","1365","1365","-635.8668823242188","-635.8668823242188","-635.8668823242188"
"683","1367","1367","1367","-635.5806274414062","-635.5806274414062","-635.5806274414062"
"684","1369","1369","1369","-637.4855346679688","-637.4855346679688","-637.4855346679688"
"685","1371","1371","1371","-636.3214721679688","-636.3214721679688","-636.3214721679688"
"686","1373","1373","1373","-635.6959228515625","-635.6959228515625","-635.6959228515625"
"687","1375","1375","1375","-636.1975708007812","-636.1975708007812","-636.1975708007812"
"688","1377","1377","1377","-636.2578125","-636.2578125","-636.2578125"
"689","1379","1379","1379","-636.7965698242188","-636.7965698242188","-636.7965698242188"
"690","1381","1381","1381","-637.0604858398438","-637.0604858398438","-637.0604858398438"
"691","1383","1383","1383","-635.718505859375","-635.718505859375","-635.718505859375"
"692","1385","1385","1385","-637.1408081054688","-637.1408081054688","-637.1408081054688"
"693","1387","1387","1387","-637.5332641601562","-637.5332641601562","-637.5332641601562"
"694","1389","1389","1389","-637.5752563476562","-637.5752563476562","-637.5752563476562"
"695","1391","1391","1391","-638.1805419921875","-638.1805419921875","-638.1805419921875"
"696","1393","1393","1393","-636.6676025390625","-636.6676025390625","-636.6676025390625"
"697","1395","1395","1395","-636.8756103515625","-636.8756103515625","-636.8756103515625"
"698","1397","1397","1397","-638.657958984375","-638.657958984375","-638.657958984375"
"699","1399","1399","1399","-637.5504150390625","-637.5504150390625","-637.5504150390625"
"700","1401","1401","1401","-638.6821899414062","-638.6821899414062","-638.6821899414062"
"701","1403","1403","1403","-636.501708984375","-636.501708984375","-636.501708984375"
"702","1405","1405","1405","-636.8037109375","-636.8037109375","-636.8037109375"
"703","1407","1407","1407","-636.7073974609375","-636.7073974609375","-636.7073974609375"
"704","1409","1409","1409","-639.7835693359375","-639.7835693359375","-639.7835693359375"
"705","1411","1411","1411","-637.3753051757812","-637.3753051757812","-637.3753051757812"
"706","1413","1413","1413","-637.7481079101562","-637.7481079101562","-637.7481079101562"
"707","1415","1415","1415","-637.76904296875","-637.76904296875","-637.76904296875"
"708","1417","1417","1417","-637.7299194335938","-637.7299194335938","-637.7299194335938"
"709","1419","1419","1419","-639.4783935546875","-639.4783935546875","-639.4783935546875"
"710","1421","1421","1421","-636.1478271484375","-636.1478271484375","-636.1478271484375"
"711","1423","1423","1423","-638.5477905273438","-638.5477905273438","-638.5477905273438"
"712","1425","1425","1425","-638.2119140625","-638.2119140625","-638.2119140625"
"713","1427","1427","1427","-638.02880859375","-638.02880859375","-638.02880859375"
"714","1429","1429","1429","-637.9927368164062","-637.9927368164062","-637.9927368164062"
"715","1431","1431","1431","-638.7262573242188","-638.7262573242188","-638.7262573242188"
"716","1433","1433","1433","-637.264892578125","-637.264892578125","-637.264892578125"
"717","1435","1435","1435","-637.67529296875","-637.67529296875","-637.67529296875"
"718","1437","1437","1437","-639.5785522460938","-639.5785522460938","-639.5785522460938"
"719","1439","1439","1439","-638.5274047851562","-638.5274047851562","-638.5274047851562"
"720","1441","1441","1441","-637.0813598632812","-637.0813598632812","-637.0813598632812"
"721","1443","1443","1443","-639.7144775390625","-639.7144775390625","-639.7144775390625"
"722","1445","1445","1445","-637.1182861328125","-637.1182861328125","-637.1182861328125"
"723","1447","1447","1447","-638.508544921875","-638.508544921875","-638.508544921875"
"724","1449","1449","1449","-637.8547973632812","-637.8547973632812","-637.8547973632812"
"725","1451","1451","1451","-638.8948974609375","-638.8948974609375","-638.8948974609375"
"726","1453","1453","1453","-639.5281982421875","-639.5281982421875","-639.5281982421875"
"727","1455","1455","1455","-636.9898681640625","-636.9898681640625","-636.9898681640625"
"728","1457","1457","1457","-640.657470703125","-640.657470703125","-640.657470703125"
"729","1459","1459","1459","-637.710205078125","-637.710205078125","-637.710205078125"
"730","1461","1461","1461","-638.5531005859375","-638.5531005859375","-638.5531005859375"
"731","1463","1463","1463","-635.8980102539062","-635.8980102539062","-635.8980102539062"
"732","1465","1465","1465","-640.6009521484375","-640.6009521484375","-640.6009521484375"
"733","1467","1467","1467","-638.7764282226562","-638.7764282226562","-638.7764282226562"
"734","1469","1469","1469","-638.9049072265625","-638.9049072265625","-638.9049072265625"
"735","1471","1471","1471","-639.2418212890625","-639.2418212890625","-639.2418212890625"
"736","1473","1473","1473","-640.4108276367188","-640.4108276367188","-640.4108276367188"
"737","1475","1475","1475","-638.3157348632812","-638.3157348632812","-638.3157348632812"
"738","1477","1477","1477","-638.5653686523438","-638.5653686523438","-638.5653686523438"
"739","1479","1479","1479","-638.4286499023438","-638.4286499023438","-638.4286499023438"
"740","1481","1481","1481","-638.466796875","-638.466796875","-638.466796875"
"741","1483","1483","1483","-639.3543701171875","-639.3543701171875","-639.3543701171875"
"742","1485","1485","1485","-639.5486450195312","-639.5486450195312","-639.5486450195312"
"743","1487","1487","1487","-639.147216796875","-639.147216796875","-639.147216796875"
"744","1489","1489","1489","-638.2109985351562","-638.2109985351562","-638.2109985351562"
"745","1491","1491","1491","-638.9314575195312","-638.9314575195312","-638.9314575195312"
"746","1493","1493","1493","-637.8392333984375","-637.8392333984375","-637.8392333984375"
"747","1495","1495","1495","-638.2938232421875","-638.2938232421875","-638.2938232421875"
"748","1497","1497","1497","-639.388916015625","-639.388916015625","-639.388916015625"
"749","1499","1499","1499","-639.1646728515625","-639.1646728515625","-639.1646728515625"
"750","1501","1501","1501","-639.8765258789062","-639.8765258789062","-639.8765258789062"
"751","1503","1503","1503","-639.12060546875","-639.12060546875","-639.12060546875"
"752","1505","1505","1505","-640.9382934570312","-640.9382934570312","-640.9382934570312"
"753","1507","1507","1507","-640.0314331054688","-640.0314331054688","-640.0314331054688"
"754","1509","1509","1509","-640.76806640625","-640.76806640625","-640.76806640625"
"755","1511","1511","1511","-639.8192749023438","-639.8192749023438","-639.8192749023438"
"756","1513","1513","1513","-641.2522583007812","-641.2522583007812","-641.2522583007812"
"757","1515","1515","1515","-640.1619262695312","-640.1619262695312","-640.1619262695312"
"758","1517","1517","1517","-639.3421020507812","-639.3421020507812","-639.3421020507812"
"759","1519","1519","1519","-640.6134643554688","-640.6134643554688","-640.6134643554688"
"760","1521","1521","1521","-638.7753295898438","-638.7753295898438","-638.7753295898438"
"761","1523","1523","1523","-639.722900390625","-639.722900390625","-639.722900390625"
"762","1525","1525","1525","-639.4539184570312","-639.4539184570312","-639.4539184570312"
"763","1527","1527","1527","-638.6998901367188","-638.6998901367188","-638.6998901367188"
"764","1529","1529","1529","-638.7611083984375","-638.7611083984375","-638.7611083984375"
"765","1531","1531","1531","-639.0233154296875","-639.0233154296875","-639.0233154296875"
"766","1533","1533","1533","-639.6487426757812","-639.6487426757812","-639.6487426757812"
"767","1535","1535","1535","-640.8115234375","-640.8115234375","-640.8115234375"
"768","1537","1537","1537","-638.7887573242188","-638.7887573242188","-638.7887573242188"
"769","1539","1539","1539","-639.2711181640625","-639.2711181640625","-639.2711181640625"
"770","1541","1541","1541","-638.8928833007812","-638.8928833007812","-638.8928833007812"
"771","1543","1543","1543","-638.7186889648438","-638.7186889648438","-638.7186889648438"
"772","1545","1545","1545","-637.8162841796875","-637.8162841796875","-637.8162841796875"
"773","1547","1547","1547","-638.5270385742188","-638.5270385742188","-638.5270385742188"
"774","1549","1549","1549","-638.7239379882812","-638.7239379882812","-638.7239379882812"
"775","1551","1551","1551","-638.0311279296875","-638.0311279296875","-638.0311279296875"
"776","1553","1553","1553","-639.1954345703125","-639.1954345703125","-639.1954345703125"
"777","1555","1555","1555","-639.105224609375","-639.105224609375","-639.105224609375"
"778","1557","1557","1557","-638.7675170898438","-638.7675170898438","-638.7675170898438"
"779","1559","1559","1559","-638.8339233398438","-638.8339233398438","-638.8339233398438"
"780","1561","1561","1561","-637.3464965820312","-637.3464965820312","-637.3464965820312"
"781","1563","1563","1563","-640.1148681640625","-640.1148681640625","-640.1148681640625"
"782","1565","1565","1565","-637.4873046875","-637.4873046875","-637.4873046875"
"783","1567","1567","1567","-638.7276611328125","-638.7276611328125","-638.7276611328125"
"784","1569","1569","1569","-641.400146484375","-641.400146484375","-641.400146484375"
"785","1571","1571","1571","-639.245361328125","-639.245361328125","-639.245361328125"
"786","1573","1573","1573","-637.1666870117188","-637.1666870117188","-637.1666870117188"
"787","1575","1575","1575","-640.1272583007812","-640.1272583007812","-640.1272583007812"
"788","1577","1577","1577","-640.1766967773438","-640.1766967773438","-640.1766967773438"
"789","1579","1579","1579","-639.6370239257812","-639.6370239257812","-639.6370239257812"
"790","1581","1581","1581","-638.3334350585938","-638.3334350585938","-638.3334350585938"
"791","1583","1583","1583","-638.5565185546875","-638.5565185546875","-638.5565185546875"
"792","1585","1585","1585","-639.8624877929688","-639.8624877929688","-639.8624877929688"
"793","1587","1587","1587","-639.0511474609375","-639.0511474609375","-639.0511474609375"
"794","1589","1589","1589","-637.9603881835938","-637.9603881835938","-637.9603881835938"
"795","1591","1591","1591","-639.6089477539062","-639.6089477539062","-639.6089477539062"
"796","1593","1593","1593","-638.6076049804688","-638.6076049804688","-638.6076049804688"
"797","1595","1595","1595","-640.0845336914062","-640.0845336914062","-640.0845336914062"
"798","1597","1597","1597","-639.350830078125","-639.350830078125","-639.350830078125"
"799","1599","1599","1599","-637.8463134765625","-637.8463134765625","-637.8463134765625"
"800","1601","1601","1601","-639.2041625976562","-639.2041625976562","-639.2041625976562"
"801","1603","1603","1603","-638.4347534179688","-638.4347534179688","-638.4347534179688"
"802","1605","1605","1605","-637.726318359375","-637.726318359375","-637.726318359375"
"803","1607","1607","1607","-639.6200561523438","-639.6200561523438","-639.6200561523438"
"804","1609","1609","1609","-639.4276733398438","-639.4276733398438","-639.4276733398438"
"805","1611","1611","1611","-638.9874877929688","-638.9874877929688","-638.9874877929688"
"806","1613","1613","1613","-637.8269653320312","-637.8269653320312","-637.8269653320312"
"807","1615","1615","1615","-639.8274536132812","-639.8274536132812","-639.8274536132812"
"808","1617","1617","1617","-638.6087646484375","-638.6087646484375","-638.6087646484375"
"809","1619","1619","1619","-638.89404296875","-638.89404296875","-638.89404296875"
"810","1621","1621","1621","-639.324951171875","-639.324951171875","-639.324951171875"
"811","1623","1623","1623","-638.4129028320312","-638.4129028320312","-638.4129028320312"
"812","1625","1625","1625","-638.9874877929688","-638.9874877929688","-638.9874877929688"
"813","1627","1627","1627","-640.723876953125","-640.723876953125","-640.723876953125"
"814","1629","1629","1629","-638.4354858398438","-638.4354858398438","-638.4354858398438"
"815","1631","1631","1631","-639.5340576171875","-639.5340576171875","-639.5340576171875"
"816","1633","1633","1633","-639.9759521484375","-639.9759521484375","-639.9759521484375"
"817","1635","1635","1635","-638.9774169921875","-638.9774169921875","-638.9774169921875"
"818","1637","1637","1637","-639.730224609375","-639.730224609375","-639.730224609375"
"819","1639","1639","1639","-640.1459350585938","-640.1459350585938","-640.1459350585938"