"epoch","18/04 13:01:40 - training only discriminator - _step","18/04 13:01:40 - training only discriminator - _step__MIN","18/04 13:01:40 - training only discriminator - _step__MAX","18/04 13:01:40 - training only discriminator - D_Loss","18/04 13:01:40 - training only discriminator - D_Loss__MIN","18/04 13:01:40 - training only discriminator - D_Loss__MAX"
"0","1","1","1","-71.76212310791016","-71.76212310791016","-71.76212310791016"
"1","3","3","3","-160.4507293701172","-160.4507293701172","-160.4507293701172"
"2","5","5","5","-175.20938110351562","-175.20938110351562","-175.20938110351562"
"3","7","7","7","-183.04322814941406","-183.04322814941406","-183.04322814941406"
"4","9","9","9","-189.0709686279297","-189.0709686279297","-189.0709686279297"
"5","11","11","11","-192.3488006591797","-192.3488006591797","-192.3488006591797"
"6","13","13","13","-194.557373046875","-194.557373046875","-194.557373046875"
"7","15","15","15","-196.21014404296875","-196.21014404296875","-196.21014404296875"
"8","17","17","17","-198.11553955078125","-198.11553955078125","-198.11553955078125"
"9","19","19","19","-199.1169891357422","-199.1169891357422","-199.1169891357422"
"10","21","21","21","-201.3700714111328","-201.3700714111328","-201.3700714111328"
"11","23","23","23","-202.29348754882812","-202.29348754882812","-202.29348754882812"
"12","25","25","25","-203.4072723388672","-203.4072723388672","-203.4072723388672"
"13","27","27","27","-204.6887969970703","-204.6887969970703","-204.6887969970703"
"14","29","29","29","-205.34669494628906","-205.34669494628906","-205.34669494628906"
"15","31","31","31","-206.6622314453125","-206.6622314453125","-206.6622314453125"
"16","33","33","33","-206.3754119873047","-206.3754119873047","-206.3754119873047"
"17","35","35","35","-208.15447998046875","-208.15447998046875","-208.15447998046875"
"18","37","37","37","-208.5935821533203","-208.5935821533203","-208.5935821533203"
"19","39","39","39","-209.0944366455078","-209.0944366455078","-209.0944366455078"
"20","41","41","41","-209.29681396484375","-209.29681396484375","-209.29681396484375"
"21","43","43","43","-209.41700744628906","-209.41700744628906","-209.41700744628906"
"22","45","45","45","-210.24647521972656","-210.24647521972656","-210.24647521972656"
"23","47","47","47","-210.4167938232422","-210.4167938232422","-210.4167938232422"
"24","49","49","49","-211.27490234375","-211.27490234375","-211.27490234375"
"25","51","51","51","-211.65057373046875","-211.65057373046875","-211.65057373046875"
"26","53","53","53","-212.49362182617188","-212.49362182617188","-212.49362182617188"
"27","55","55","55","-212.79637145996094","-212.79637145996094","-212.79637145996094"
"28","57","57","57","-213.09591674804688","-213.09591674804688","-213.09591674804688"
"29","59","59","59","-212.85450744628906","-212.85450744628906","-212.85450744628906"
"30","61","61","61","-214.08802795410156","-214.08802795410156","-214.08802795410156"
"31","63","63","63","-213.2906494140625","-213.2906494140625","-213.2906494140625"
"32","65","65","65","-213.56959533691406","-213.56959533691406","-213.56959533691406"
"33","67","67","67","-214.45053100585938","-214.45053100585938","-214.45053100585938"
"34","69","69","69","-215.19564819335938","-215.19564819335938","-215.19564819335938"
"35","71","71","71","-215.4163360595703","-215.4163360595703","-215.4163360595703"
"36","73","73","73","-215.62493896484375","-215.62493896484375","-215.62493896484375"
"37","75","75","75","-215.79885864257812","-215.79885864257812","-215.79885864257812"
"38","77","77","77","-215.5511474609375","-215.5511474609375","-215.5511474609375"
"39","79","79","79","-216.24375915527344","-216.24375915527344","-216.24375915527344"
"40","81","81","81","-216.4205322265625","-216.4205322265625","-216.4205322265625"
"41","83","83","83","-216.27528381347656","-216.27528381347656","-216.27528381347656"
"42","85","85","85","-217.50192260742188","-217.50192260742188","-217.50192260742188"
"43","87","87","87","-217.1461944580078","-217.1461944580078","-217.1461944580078"
"44","89","89","89","-217.70132446289062","-217.70132446289062","-217.70132446289062"
"45","91","91","91","-217.64794921875","-217.64794921875","-217.64794921875"
"46","93","93","93","-217.83392333984375","-217.83392333984375","-217.83392333984375"
"47","95","95","95","-218.4437713623047","-218.4437713623047","-218.4437713623047"
"48","97","97","97","-218.73162841796875","-218.73162841796875","-218.73162841796875"
"49","99","99","99","-218.59857177734375","-218.59857177734375","-218.59857177734375"
"50","101","101","101","-218.64498901367188","-218.64498901367188","-218.64498901367188"
"51","103","103","103","-219.526123046875","-219.526123046875","-219.526123046875"
"52","105","105","105","-218.7953338623047","-218.7953338623047","-218.7953338623047"
"53","107","107","107","-219.23458862304688","-219.23458862304688","-219.23458862304688"
"54","109","109","109","-219.7041473388672","-219.7041473388672","-219.7041473388672"
"55","111","111","111","-219.6585235595703","-219.6585235595703","-219.6585235595703"
"56","113","113","113","-219.8838348388672","-219.8838348388672","-219.8838348388672"
"57","115","115","115","-220.04920959472656","-220.04920959472656","-220.04920959472656"
"58","117","117","117","-219.41522216796875","-219.41522216796875","-219.41522216796875"
"59","119","119","119","-220.47134399414062","-220.47134399414062","-220.47134399414062"
"60","121","121","121","-220.60653686523438","-220.60653686523438","-220.60653686523438"
"61","123","123","123","-220.9247283935547","-220.9247283935547","-220.9247283935547"
"62","125","125","125","-220.6051025390625","-220.6051025390625","-220.6051025390625"
"63","127","127","127","-221.08901977539062","-221.08901977539062","-221.08901977539062"
"64","129","129","129","-221.08006286621094","-221.08006286621094","-221.08006286621094"
"65","131","131","131","-220.33392333984375","-220.33392333984375","-220.33392333984375"
"66","133","133","133","-221.7857208251953","-221.7857208251953","-221.7857208251953"
"67","135","135","135","-221.1057586669922","-221.1057586669922","-221.1057586669922"
"68","137","137","137","-221.52169799804688","-221.52169799804688","-221.52169799804688"
"69","139","139","139","-221.91134643554688","-221.91134643554688","-221.91134643554688"
"70","141","141","141","-221.85211181640625","-221.85211181640625","-221.85211181640625"
"71","143","143","143","-222.06204223632812","-222.06204223632812","-222.06204223632812"
"72","145","145","145","-222.41184997558594","-222.41184997558594","-222.41184997558594"
"73","147","147","147","-221.5643310546875","-221.5643310546875","-221.5643310546875"
"74","149","149","149","-221.67323303222656","-221.67323303222656","-221.67323303222656"
"75","151","151","151","-222.02999877929688","-222.02999877929688","-222.02999877929688"
"76","153","153","153","-221.76698303222656","-221.76698303222656","-221.76698303222656"
"77","155","155","155","-221.6343994140625","-221.6343994140625","-221.6343994140625"
"78","157","157","157","-222.33108520507812","-222.33108520507812","-222.33108520507812"
"79","159","159","159","-222.4306640625","-222.4306640625","-222.4306640625"
"80","161","161","161","-222.86888122558594","-222.86888122558594","-222.86888122558594"
"81","163","163","163","-222.64149475097656","-222.64149475097656","-222.64149475097656"
"82","165","165","165","-222.919677734375","-222.919677734375","-222.919677734375"
"83","167","167","167","-222.89634704589844","-222.89634704589844","-222.89634704589844"
"84","169","169","169","-223.27206420898438","-223.27206420898438","-223.27206420898438"
"85","171","171","171","-222.73179626464844","-222.73179626464844","-222.73179626464844"
"86","173","173","173","-223.09776306152344","-223.09776306152344","-223.09776306152344"
"87","175","175","175","-223.25831604003906","-223.25831604003906","-223.25831604003906"
"88","177","177","177","-223.1185760498047","-223.1185760498047","-223.1185760498047"
"89","179","179","179","-223.01162719726562","-223.01162719726562","-223.01162719726562"
"90","181","181","181","-223.49679565429688","-223.49679565429688","-223.49679565429688"
"91","183","183","183","-223.314697265625","-223.314697265625","-223.314697265625"
"92","185","185","185","-223.6363067626953","-223.6363067626953","-223.6363067626953"
"93","187","187","187","-223.97201538085938","-223.97201538085938","-223.97201538085938"
"94","189","189","189","-223.736083984375","-223.736083984375","-223.736083984375"
"95","191","191","191","-224.12136840820312","-224.12136840820312","-224.12136840820312"
"96","193","193","193","-224.5935821533203","-224.5935821533203","-224.5935821533203"
"97","195","195","195","-224.4820556640625","-224.4820556640625","-224.4820556640625"
"98","197","197","197","-223.62188720703125","-223.62188720703125","-223.62188720703125"
"99","199","199","199","-224.18157958984375","-224.18157958984375","-224.18157958984375"
"100","201","201","201","-224.9036407470703","-224.9036407470703","-224.9036407470703"
"101","203","203","203","-224.34902954101562","-224.34902954101562","-224.34902954101562"
"102","205","205","205","-224.37147521972656","-224.37147521972656","-224.37147521972656"
"103","207","207","207","-224.78782653808594","-224.78782653808594","-224.78782653808594"
"104","209","209","209","-224.1273193359375","-224.1273193359375","-224.1273193359375"
"105","211","211","211","-224.978759765625","-224.978759765625","-224.978759765625"
"106","213","213","213","-224.40179443359375","-224.40179443359375","-224.40179443359375"
"107","215","215","215","-226.2581329345703","-226.2581329345703","-226.2581329345703"
"108","217","217","217","-226.10289001464844","-226.10289001464844","-226.10289001464844"
"109","219","219","219","-225.32240295410156","-225.32240295410156","-225.32240295410156"
"110","221","221","221","-226.54364013671875","-226.54364013671875","-226.54364013671875"
"111","223","223","223","-226.20155334472656","-226.20155334472656","-226.20155334472656"
"112","225","225","225","-225.68931579589844","-225.68931579589844","-225.68931579589844"
"113","227","227","227","-225.76275634765625","-225.76275634765625","-225.76275634765625"
"114","229","229","229","-226.18470764160156","-226.18470764160156","-226.18470764160156"
"115","231","231","231","-226.0918426513672","-226.0918426513672","-226.0918426513672"
"116","233","233","233","-225.32470703125","-225.32470703125","-225.32470703125"
"117","235","235","235","-226.11920166015625","-226.11920166015625","-226.11920166015625"
"118","237","237","237","-226.55911254882812","-226.55911254882812","-226.55911254882812"
"119","239","239","239","-225.71717834472656","-225.71717834472656","-225.71717834472656"
"120","241","241","241","-226.61032104492188","-226.61032104492188","-226.61032104492188"
"121","243","243","243","-226.03956604003906","-226.03956604003906","-226.03956604003906"
"122","245","245","245","-226.0026092529297","-226.0026092529297","-226.0026092529297"
"123","247","247","247","-226.49412536621094","-226.49412536621094","-226.49412536621094"
"124","249","249","249","-226.39695739746094","-226.39695739746094","-226.39695739746094"
"125","251","251","251","-226.5617218017578","-226.5617218017578","-226.5617218017578"
"126","253","253","253","-227.5347442626953","-227.5347442626953","-227.5347442626953"
"127","255","255","255","-226.3126220703125","-226.3126220703125","-226.3126220703125"
"128","257","257","257","-226.6611785888672","-226.6611785888672","-226.6611785888672"
"129","259","259","259","-226.58262634277344","-226.58262634277344","-226.58262634277344"
"130","261","261","261","-227.148681640625","-227.148681640625","-227.148681640625"
"131","263","263","263","-226.6895294189453","-226.6895294189453","-226.6895294189453"
"132","265","265","265","-226.80111694335938","-226.80111694335938","-226.80111694335938"
"133","267","267","267","-227.4664764404297","-227.4664764404297","-227.4664764404297"
"134","269","269","269","-227.5872039794922","-227.5872039794922","-227.5872039794922"
"135","271","271","271","-226.89772033691406","-226.89772033691406","-226.89772033691406"
"136","273","273","273","-227.45684814453125","-227.45684814453125","-227.45684814453125"
"137","275","275","275","-226.8761444091797","-226.8761444091797","-226.8761444091797"
"138","277","277","277","-227.60739135742188","-227.60739135742188","-227.60739135742188"
"139","279","279","279","-227.74172973632812","-227.74172973632812","-227.74172973632812"
"140","281","281","281","-227.53146362304688","-227.53146362304688","-227.53146362304688"
"141","283","283","283","-227.2576446533203","-227.2576446533203","-227.2576446533203"
"142","285","285","285","-228.0757293701172","-228.0757293701172","-228.0757293701172"
"143","287","287","287","-227.52008056640625","-227.52008056640625","-227.52008056640625"
"144","289","289","289","-227.68267822265625","-227.68267822265625","-227.68267822265625"
"145","291","291","291","-227.72528076171875","-227.72528076171875","-227.72528076171875"
"146","293","293","293","-228.79324340820312","-228.79324340820312","-228.79324340820312"
"147","295","295","295","-227.90322875976562","-227.90322875976562","-227.90322875976562"
"148","297","297","297","-228.32546997070312","-228.32546997070312","-228.32546997070312"
"149","299","299","299","-228.4910125732422","-228.4910125732422","-228.4910125732422"
"150","301","301","301","-228.67347717285156","-228.67347717285156","-228.67347717285156"
"151","303","303","303","-228.35963439941406","-228.35963439941406","-228.35963439941406"
"152","305","305","305","-228.7752685546875","-228.7752685546875","-228.7752685546875"
"153","307","307","307","-229.47903442382812","-229.47903442382812","-229.47903442382812"
"154","309","309","309","-228.86228942871094","-228.86228942871094","-228.86228942871094"
"155","311","311","311","-228.31072998046875","-228.31072998046875","-228.31072998046875"
"156","313","313","313","-228.568359375","-228.568359375","-228.568359375"
"157","315","315","315","-229.254150390625","-229.254150390625","-229.254150390625"
"158","317","317","317","-228.57469177246094","-228.57469177246094","-228.57469177246094"
"159","319","319","319","-228.7906036376953","-228.7906036376953","-228.7906036376953"
"160","321","321","321","-229.4803924560547","-229.4803924560547","-229.4803924560547"
"161","323","323","323","-229.72898864746094","-229.72898864746094","-229.72898864746094"
"162","325","325","325","-229.35853576660156","-229.35853576660156","-229.35853576660156"
"163","327","327","327","-228.83070373535156","-228.83070373535156","-228.83070373535156"
"164","329","329","329","-229.48709106445312","-229.48709106445312","-229.48709106445312"
"165","331","331","331","-229.5363311767578","-229.5363311767578","-229.5363311767578"
"166","333","333","333","-229.27760314941406","-229.27760314941406","-229.27760314941406"
"167","335","335","335","-229.41424560546875","-229.41424560546875","-229.41424560546875"
"168","337","337","337","-229.91708374023438","-229.91708374023438","-229.91708374023438"
"169","339","339","339","-229.29147338867188","-229.29147338867188","-229.29147338867188"
"170","341","341","341","-229.81248474121094","-229.81248474121094","-229.81248474121094"
"171","343","343","343","-229.01806640625","-229.01806640625","-229.01806640625"
"172","345","345","345","-229.23692321777344","-229.23692321777344","-229.23692321777344"
"173","347","347","347","-229.74180603027344","-229.74180603027344","-229.74180603027344"
"174","349","349","349","-229.59764099121094","-229.59764099121094","-229.59764099121094"
"175","351","351","351","-229.50067138671875","-229.50067138671875","-229.50067138671875"
"176","353","353","353","-230.5330047607422","-230.5330047607422","-230.5330047607422"
"177","355","355","355","-230.41542053222656","-230.41542053222656","-230.41542053222656"
"178","357","357","357","-229.67974853515625","-229.67974853515625","-229.67974853515625"
"179","359","359","359","-230.06591796875","-230.06591796875","-230.06591796875"
"180","361","361","361","-230.75767517089844","-230.75767517089844","-230.75767517089844"
"181","363","363","363","-230.2898712158203","-230.2898712158203","-230.2898712158203"
"182","365","365","365","-230.8480224609375","-230.8480224609375","-230.8480224609375"
"183","367","367","367","-230.9315948486328","-230.9315948486328","-230.9315948486328"
"184","369","369","369","-230.07359313964844","-230.07359313964844","-230.07359313964844"
"185","371","371","371","-229.96620178222656","-229.96620178222656","-229.96620178222656"
"186","373","373","373","-230.2024383544922","-230.2024383544922","-230.2024383544922"
"187","375","375","375","-230.4661102294922","-230.4661102294922","-230.4661102294922"
"188","377","377","377","-230.84132385253906","-230.84132385253906","-230.84132385253906"
"189","379","379","379","-231.01356506347656","-231.01356506347656","-231.01356506347656"
"190","381","381","381","-230.2794189453125","-230.2794189453125","-230.2794189453125"
"191","383","383","383","-230.4842071533203","-230.4842071533203","-230.4842071533203"
"192","385","385","385","-230.85528564453125","-230.85528564453125","-230.85528564453125"
"193","387","387","387","-230.6884765625","-230.6884765625","-230.6884765625"
"194","389","389","389","-230.48452758789062","-230.48452758789062","-230.48452758789062"
"195","391","391","391","-230.00762939453125","-230.00762939453125","-230.00762939453125"
"196","393","393","393","-230.74349975585938","-230.74349975585938","-230.74349975585938"
"197","395","395","395","-230.35987854003906","-230.35987854003906","-230.35987854003906"
"198","397","397","397","-230.70925903320312","-230.70925903320312","-230.70925903320312"
"199","399","399","399","-231.1937255859375","-231.1937255859375","-231.1937255859375"
"200","401","401","401","-230.96017456054688","-230.96017456054688","-230.96017456054688"
"201","403","403","403","-231.3015594482422","-231.3015594482422","-231.3015594482422"
"202","405","405","405","-230.63778686523438","-230.63778686523438","-230.63778686523438"
"203","407","407","407","-231.28848266601562","-231.28848266601562","-231.28848266601562"
"204","409","409","409","-230.56825256347656","-230.56825256347656","-230.56825256347656"
"205","411","411","411","-230.62957763671875","-230.62957763671875","-230.62957763671875"
"206","413","413","413","-230.86546325683594","-230.86546325683594","-230.86546325683594"
"207","415","415","415","-230.775390625","-230.775390625","-230.775390625"
"208","417","417","417","-231.0860137939453","-231.0860137939453","-231.0860137939453"
"209","419","419","419","-232.2235870361328","-232.2235870361328","-232.2235870361328"
"210","421","421","421","-231.9110107421875","-231.9110107421875","-231.9110107421875"
"211","423","423","423","-231.6213836669922","-231.6213836669922","-231.6213836669922"
"212","425","425","425","-231.84866333007812","-231.84866333007812","-231.84866333007812"
"213","427","427","427","-231.59913635253906","-231.59913635253906","-231.59913635253906"
"214","429","429","429","-231.24314880371094","-231.24314880371094","-231.24314880371094"
"215","431","431","431","-231.57797241210938","-231.57797241210938","-231.57797241210938"
"216","433","433","433","-232.2405548095703","-232.2405548095703","-232.2405548095703"
"217","435","435","435","-231.47373962402344","-231.47373962402344","-231.47373962402344"
"218","437","437","437","-233.0191650390625","-233.0191650390625","-233.0191650390625"
"219","439","439","439","-231.8140411376953","-231.8140411376953","-231.8140411376953"
"220","441","441","441","-231.7390594482422","-231.7390594482422","-231.7390594482422"
"221","443","443","443","-232.00445556640625","-232.00445556640625","-232.00445556640625"
"222","445","445","445","-231.89019775390625","-231.89019775390625","-231.89019775390625"
"223","447","447","447","-231.9742431640625","-231.9742431640625","-231.9742431640625"
"224","449","449","449","-232.09396362304688","-232.09396362304688","-232.09396362304688"
"225","451","451","451","-232.27439880371094","-232.27439880371094","-232.27439880371094"
"226","453","453","453","-231.97616577148438","-231.97616577148438","-231.97616577148438"
"227","455","455","455","-231.9735870361328","-231.9735870361328","-231.9735870361328"
"228","457","457","457","-231.78785705566406","-231.78785705566406","-231.78785705566406"
"229","459","459","459","-232.34706115722656","-232.34706115722656","-232.34706115722656"
"230","461","461","461","-232.2727508544922","-232.2727508544922","-232.2727508544922"
"231","463","463","463","-233.01898193359375","-233.01898193359375","-233.01898193359375"
"232","465","465","465","-232.37744140625","-232.37744140625","-232.37744140625"
"233","467","467","467","-232.72637939453125","-232.72637939453125","-232.72637939453125"
"234","469","469","469","-232.7817840576172","-232.7817840576172","-232.7817840576172"
"235","471","471","471","-232.91000366210938","-232.91000366210938","-232.91000366210938"
"236","473","473","473","-232.87734985351562","-232.87734985351562","-232.87734985351562"
"237","475","475","475","-232.5304718017578","-232.5304718017578","-232.5304718017578"
"238","477","477","477","-232.86134338378906","-232.86134338378906","-232.86134338378906"
"239","479","479","479","-232.24264526367188","-232.24264526367188","-232.24264526367188"
"240","481","481","481","-233.587158203125","-233.587158203125","-233.587158203125"
"241","483","483","483","-233.03785705566406","-233.03785705566406","-233.03785705566406"
"242","485","485","485","-233.43226623535156","-233.43226623535156","-233.43226623535156"
"243","487","487","487","-233.46629333496094","-233.46629333496094","-233.46629333496094"
"244","489","489","489","-233.7616424560547","-233.7616424560547","-233.7616424560547"
"245","491","491","491","-233.31924438476562","-233.31924438476562","-233.31924438476562"
"246","493","493","493","-233.19772338867188","-233.19772338867188","-233.19772338867188"
"247","495","495","495","-233.63290405273438","-233.63290405273438","-233.63290405273438"
"248","497","497","497","-233.49212646484375","-233.49212646484375","-233.49212646484375"
"249","499","499","499","-234.0092315673828","-234.0092315673828","-234.0092315673828"
"250","501","501","501","-233.46743774414062","-233.46743774414062","-233.46743774414062"
"251","503","503","503","-233.35406494140625","-233.35406494140625","-233.35406494140625"
"252","505","505","505","-233.18313598632812","-233.18313598632812","-233.18313598632812"
"253","507","507","507","-233.42645263671875","-233.42645263671875","-233.42645263671875"
"254","509","509","509","-233.59344482421875","-233.59344482421875","-233.59344482421875"
"255","511","511","511","-233.23936462402344","-233.23936462402344","-233.23936462402344"
"256","513","513","513","-233.6377716064453","-233.6377716064453","-233.6377716064453"
"257","515","515","515","-233.9077606201172","-233.9077606201172","-233.9077606201172"
"258","517","517","517","-233.67893981933594","-233.67893981933594","-233.67893981933594"
"259","519","519","519","-233.81617736816406","-233.81617736816406","-233.81617736816406"
"260","521","521","521","-233.52626037597656","-233.52626037597656","-233.52626037597656"
"261","523","523","523","-233.3326416015625","-233.3326416015625","-233.3326416015625"
"262","525","525","525","-233.6344451904297","-233.6344451904297","-233.6344451904297"
"263","527","527","527","-233.5041046142578","-233.5041046142578","-233.5041046142578"
"264","529","529","529","-233.7420196533203","-233.7420196533203","-233.7420196533203"
"265","531","531","531","-233.84814453125","-233.84814453125","-233.84814453125"
"266","533","533","533","-233.8538818359375","-233.8538818359375","-233.8538818359375"
"267","535","535","535","-233.7476806640625","-233.7476806640625","-233.7476806640625"
"268","537","537","537","-234.2183380126953","-234.2183380126953","-234.2183380126953"
"269","539","539","539","-233.93377685546875","-233.93377685546875","-233.93377685546875"
"270","541","541","541","-233.95068359375","-233.95068359375","-233.95068359375"
"271","543","543","543","-234.50784301757812","-234.50784301757812","-234.50784301757812"
"272","545","545","545","-234.33729553222656","-234.33729553222656","-234.33729553222656"
"273","547","547","547","-234.42286682128906","-234.42286682128906","-234.42286682128906"
"274","549","549","549","-234.03759765625","-234.03759765625","-234.03759765625"
"275","551","551","551","-234.40016174316406","-234.40016174316406","-234.40016174316406"
"276","553","553","553","-233.86561584472656","-233.86561584472656","-233.86561584472656"
"277","555","555","555","-234.38917541503906","-234.38917541503906","-234.38917541503906"
"278","557","557","557","-234.45184326171875","-234.45184326171875","-234.45184326171875"
"279","559","559","559","-234.11239624023438","-234.11239624023438","-234.11239624023438"
"280","561","561","561","-234.058349609375","-234.058349609375","-234.058349609375"
"281","563","563","563","-234.55538940429688","-234.55538940429688","-234.55538940429688"
"282","565","565","565","-234.38760375976562","-234.38760375976562","-234.38760375976562"
"283","567","567","567","-234.17689514160156","-234.17689514160156","-234.17689514160156"
"284","569","569","569","-234.53741455078125","-234.53741455078125","-234.53741455078125"
"285","571","571","571","-233.96458435058594","-233.96458435058594","-233.96458435058594"
"286","573","573","573","-234.43003845214844","-234.43003845214844","-234.43003845214844"
"287","575","575","575","-234.09878540039062","-234.09878540039062","-234.09878540039062"
"288","577","577","577","-234.35765075683594","-234.35765075683594","-234.35765075683594"
"289","579","579","579","-234.63031005859375","-234.63031005859375","-234.63031005859375"
"290","581","581","581","-234.31436157226562","-234.31436157226562","-234.31436157226562"
"291","583","583","583","-233.838623046875","-233.838623046875","-233.838623046875"
"292","585","585","585","-234.02658081054688","-234.02658081054688","-234.02658081054688"
"293","587","587","587","-235.15415954589844","-235.15415954589844","-235.15415954589844"
"294","589","589","589","-234.72372436523438","-234.72372436523438","-234.72372436523438"
"295","591","591","591","-234.62130737304688","-234.62130737304688","-234.62130737304688"
"296","593","593","593","-234.83154296875","-234.83154296875","-234.83154296875"
"297","595","595","595","-234.57232666015625","-234.57232666015625","-234.57232666015625"
"298","597","597","597","-234.34095764160156","-234.34095764160156","-234.34095764160156"
"299","599","599","599","-234.53561401367188","-234.53561401367188","-234.53561401367188"
"300","601","601","601","-235.04527282714844","-235.04527282714844","-235.04527282714844"
"301","603","603","603","-235.01480102539062","-235.01480102539062","-235.01480102539062"
"302","605","605","605","-234.5311279296875","-234.5311279296875","-234.5311279296875"
"303","607","607","607","-234.99107360839844","-234.99107360839844","-234.99107360839844"
"304","609","609","609","-235.2107696533203","-235.2107696533203","-235.2107696533203"
"305","611","611","611","-235.26141357421875","-235.26141357421875","-235.26141357421875"
"306","613","613","613","-234.86134338378906","-234.86134338378906","-234.86134338378906"
"307","615","615","615","-234.89395141601562","-234.89395141601562","-234.89395141601562"
"308","617","617","617","-234.98416137695312","-234.98416137695312","-234.98416137695312"
"309","619","619","619","-235.21043395996094","-235.21043395996094","-235.21043395996094"
"310","621","621","621","-234.90956115722656","-234.90956115722656","-234.90956115722656"
"311","623","623","623","-234.97897338867188","-234.97897338867188","-234.97897338867188"
"312","625","625","625","-235.21243286132812","-235.21243286132812","-235.21243286132812"
"313","627","627","627","-234.6688995361328","-234.6688995361328","-234.6688995361328"
"314","629","629","629","-235.2418975830078","-235.2418975830078","-235.2418975830078"
"315","631","631","631","-235.02928161621094","-235.02928161621094","-235.02928161621094"
"316","633","633","633","-235.4796600341797","-235.4796600341797","-235.4796600341797"
"317","635","635","635","-235.4922637939453","-235.4922637939453","-235.4922637939453"
"318","637","637","637","-235.43038940429688","-235.43038940429688","-235.43038940429688"
"319","639","639","639","-235.9744110107422","-235.9744110107422","-235.9744110107422"
"320","641","641","641","-235.9488525390625","-235.9488525390625","-235.9488525390625"
"321","643","643","643","-235.63502502441406","-235.63502502441406","-235.63502502441406"
"322","645","645","645","-235.45932006835938","-235.45932006835938","-235.45932006835938"
"323","647","647","647","-235.3991241455078","-235.3991241455078","-235.3991241455078"
"324","649","649","649","-235.47488403320312","-235.47488403320312","-235.47488403320312"
"325","651","651","651","-236.2550506591797","-236.2550506591797","-236.2550506591797"
"326","653","653","653","-236.2624969482422","-236.2624969482422","-236.2624969482422"
"327","655","655","655","-235.4455108642578","-235.4455108642578","-235.4455108642578"
"328","657","657","657","-235.3469696044922","-235.3469696044922","-235.3469696044922"
"329","659","659","659","-236.35247802734375","-236.35247802734375","-236.35247802734375"
"330","661","661","661","-236.0392303466797","-236.0392303466797","-236.0392303466797"
"331","663","663","663","-236.13414001464844","-236.13414001464844","-236.13414001464844"
"332","665","665","665","-236.10958862304688","-236.10958862304688","-236.10958862304688"
"333","667","667","667","-235.85044860839844","-235.85044860839844","-235.85044860839844"
"334","669","669","669","-235.44932556152344","-235.44932556152344","-235.44932556152344"
"335","671","671","671","-235.89224243164062","-235.89224243164062","-235.89224243164062"
"336","673","673","673","-235.93385314941406","-235.93385314941406","-235.93385314941406"
"337","675","675","675","-236.4857635498047","-236.4857635498047","-236.4857635498047"
"338","677","677","677","-234.96173095703125","-234.96173095703125","-234.96173095703125"
"339","679","679","679","-235.7859649658203","-235.7859649658203","-235.7859649658203"
"340","681","681","681","-235.25518798828125","-235.25518798828125","-235.25518798828125"
"341","683","683","683","-235.34291076660156","-235.34291076660156","-235.34291076660156"
"342","685","685","685","-235.29859924316406","-235.29859924316406","-235.29859924316406"
"343","687","687","687","-235.46563720703125","-235.46563720703125","-235.46563720703125"
"344","689","689","689","-235.5128631591797","-235.5128631591797","-235.5128631591797"
"345","691","691","691","-235.617431640625","-235.617431640625","-235.617431640625"
"346","693","693","693","-234.7000274658203","-234.7000274658203","-234.7000274658203"
"347","695","695","695","-235.0084991455078","-235.0084991455078","-235.0084991455078"
"348","697","697","697","-235.20350646972656","-235.20350646972656","-235.20350646972656"
"349","699","699","699","-234.5763702392578","-234.5763702392578","-234.5763702392578"
"350","701","701","701","-235.80514526367188","-235.80514526367188","-235.80514526367188"
"351","703","703","703","-235.9405517578125","-235.9405517578125","-235.9405517578125"
"352","705","705","705","-235.75306701660156","-235.75306701660156","-235.75306701660156"
"353","707","707","707","-235.4784393310547","-235.4784393310547","-235.4784393310547"
"354","709","709","709","-236.4478302001953","-236.4478302001953","-236.4478302001953"
"355","711","711","711","-236.6810760498047","-236.6810760498047","-236.6810760498047"
"356","713","713","713","-235.51904296875","-235.51904296875","-235.51904296875"
"357","715","715","715","-236.17926025390625","-236.17926025390625","-236.17926025390625"
"358","717","717","717","-236.43211364746094","-236.43211364746094","-236.43211364746094"
"359","719","719","719","-236.0679931640625","-236.0679931640625","-236.0679931640625"
"360","721","721","721","-235.9886474609375","-235.9886474609375","-235.9886474609375"
"361","723","723","723","-236.68826293945312","-236.68826293945312","-236.68826293945312"
"362","725","725","725","-236.83517456054688","-236.83517456054688","-236.83517456054688"
"363","727","727","727","-236.73431396484375","-236.73431396484375","-236.73431396484375"
"364","729","729","729","-236.37454223632812","-236.37454223632812","-236.37454223632812"
"365","731","731","731","-236.5232391357422","-236.5232391357422","-236.5232391357422"
"366","733","733","733","-236.60740661621094","-236.60740661621094","-236.60740661621094"
"367","735","735","735","-236.75009155273438","-236.75009155273438","-236.75009155273438"
"368","737","737","737","-236.49278259277344","-236.49278259277344","-236.49278259277344"
"369","739","739","739","-236.99594116210938","-236.99594116210938","-236.99594116210938"
"370","741","741","741","-236.15663146972656","-236.15663146972656","-236.15663146972656"
"371","743","743","743","-236.037841796875","-236.037841796875","-236.037841796875"
"372","745","745","745","-237.31390380859375","-237.31390380859375","-237.31390380859375"
"373","747","747","747","-237.08082580566406","-237.08082580566406","-237.08082580566406"
"374","749","749","749","-236.68951416015625","-236.68951416015625","-236.68951416015625"
"375","751","751","751","-236.7057647705078","-236.7057647705078","-236.7057647705078"
"376","753","753","753","-236.68362426757812","-236.68362426757812","-236.68362426757812"
"377","755","755","755","-236.8575439453125","-236.8575439453125","-236.8575439453125"
"378","757","757","757","-236.66615295410156","-236.66615295410156","-236.66615295410156"
"379","759","759","759","-237.00401306152344","-237.00401306152344","-237.00401306152344"
"380","761","761","761","-236.9684295654297","-236.9684295654297","-236.9684295654297"
"381","763","763","763","-237.33384704589844","-237.33384704589844","-237.33384704589844"
"382","765","765","765","-236.51097106933594","-236.51097106933594","-236.51097106933594"
"383","767","767","767","-236.44314575195312","-236.44314575195312","-236.44314575195312"
"384","769","769","769","-236.99034118652344","-236.99034118652344","-236.99034118652344"
"385","771","771","771","-237.0475616455078","-237.0475616455078","-237.0475616455078"
"386","773","773","773","-237.2780303955078","-237.2780303955078","-237.2780303955078"
"387","775","775","775","-237.1597442626953","-237.1597442626953","-237.1597442626953"
"388","777","777","777","-237.3838653564453","-237.3838653564453","-237.3838653564453"
"389","779","779","779","-237.15589904785156","-237.15589904785156","-237.15589904785156"
"390","781","781","781","-237.3475799560547","-237.3475799560547","-237.3475799560547"
"391","783","783","783","-237.0832977294922","-237.0832977294922","-237.0832977294922"
"392","785","785","785","-237.09312438964844","-237.09312438964844","-237.09312438964844"
"393","787","787","787","-237.98646545410156","-237.98646545410156","-237.98646545410156"
"394","789","789","789","-237.40283203125","-237.40283203125","-237.40283203125"
"395","791","791","791","-237.46510314941406","-237.46510314941406","-237.46510314941406"
"396","793","793","793","-236.96527099609375","-236.96527099609375","-236.96527099609375"
"397","795","795","795","-236.77020263671875","-236.77020263671875","-236.77020263671875"
"398","797","797","797","-237.55294799804688","-237.55294799804688","-237.55294799804688"
"399","799","799","799","-236.9188995361328","-236.9188995361328","-236.9188995361328"
"400","801","801","801","-237.00172424316406","-237.00172424316406","-237.00172424316406"
"401","803","803","803","-237.734375","-237.734375","-237.734375"
"402","805","805","805","-236.84820556640625","-236.84820556640625","-236.84820556640625"
"403","807","807","807","-237.75343322753906","-237.75343322753906","-237.75343322753906"
"404","809","809","809","-237.7394561767578","-237.7394561767578","-237.7394561767578"
"405","811","811","811","-237.3046112060547","-237.3046112060547","-237.3046112060547"
"406","813","813","813","-237.50352478027344","-237.50352478027344","-237.50352478027344"
"407","815","815","815","-238.06300354003906","-238.06300354003906","-238.06300354003906"
"408","817","817","817","-237.4940185546875","-237.4940185546875","-237.4940185546875"
"409","819","819","819","-236.6697998046875","-236.6697998046875","-236.6697998046875"
"410","821","821","821","-237.60557556152344","-237.60557556152344","-237.60557556152344"
"411","823","823","823","-237.6844482421875","-237.6844482421875","-237.6844482421875"
"412","825","825","825","-237.3930206298828","-237.3930206298828","-237.3930206298828"
"413","827","827","827","-237.24534606933594","-237.24534606933594","-237.24534606933594"
"414","829","829","829","-237.3291473388672","-237.3291473388672","-237.3291473388672"
"415","831","831","831","-237.6295623779297","-237.6295623779297","-237.6295623779297"
"416","833","833","833","-238.27243041992188","-238.27243041992188","-238.27243041992188"
"417","835","835","835","-237.95977783203125","-237.95977783203125","-237.95977783203125"
"418","837","837","837","-237.5284881591797","-237.5284881591797","-237.5284881591797"
"419","839","839","839","-237.6048126220703","-237.6048126220703","-237.6048126220703"
"420","841","841","841","-237.17111206054688","-237.17111206054688","-237.17111206054688"
"421","843","843","843","-237.91537475585938","-237.91537475585938","-237.91537475585938"
"422","845","845","845","-237.44825744628906","-237.44825744628906","-237.44825744628906"
"423","847","847","847","-238.0465087890625","-238.0465087890625","-238.0465087890625"
"424","849","849","849","-237.57740783691406","-237.57740783691406","-237.57740783691406"
"425","851","851","851","-237.75706481933594","-237.75706481933594","-237.75706481933594"
"426","853","853","853","-238.549560546875","-238.549560546875","-238.549560546875"
"427","855","855","855","-238.22998046875","-238.22998046875","-238.22998046875"
"428","857","857","857","-237.6787109375","-237.6787109375","-237.6787109375"
"429","859","859","859","-237.50271606445312","-237.50271606445312","-237.50271606445312"
"430","861","861","861","-238.0926513671875","-238.0926513671875","-238.0926513671875"
"431","863","863","863","-237.77557373046875","-237.77557373046875","-237.77557373046875"
"432","865","865","865","-237.5102081298828","-237.5102081298828","-237.5102081298828"
"433","867","867","867","-237.71075439453125","-237.71075439453125","-237.71075439453125"
"434","869","869","869","-238.10699462890625","-238.10699462890625","-238.10699462890625"
"435","871","871","871","-238.22415161132812","-238.22415161132812","-238.22415161132812"
"436","873","873","873","-237.75375366210938","-237.75375366210938","-237.75375366210938"
"437","875","875","875","-237.5305633544922","-237.5305633544922","-237.5305633544922"
"438","877","877","877","-237.48309326171875","-237.48309326171875","-237.48309326171875"
"439","879","879","879","-237.81617736816406","-237.81617736816406","-237.81617736816406"
"440","881","881","881","-238.14068603515625","-238.14068603515625","-238.14068603515625"
"441","883","883","883","-237.49142456054688","-237.49142456054688","-237.49142456054688"
"442","885","885","885","-238.2522430419922","-238.2522430419922","-238.2522430419922"
"443","887","887","887","-238.59820556640625","-238.59820556640625","-238.59820556640625"
"444","889","889","889","-237.94964599609375","-237.94964599609375","-237.94964599609375"
"445","891","891","891","-238.0371856689453","-238.0371856689453","-238.0371856689453"
"446","893","893","893","-237.8185577392578","-237.8185577392578","-237.8185577392578"
"447","895","895","895","-238.52349853515625","-238.52349853515625","-238.52349853515625"
"448","897","897","897","-238.1432342529297","-238.1432342529297","-238.1432342529297"
"449","899","899","899","-237.80767822265625","-237.80767822265625","-237.80767822265625"
"450","901","901","901","-237.9427490234375","-237.9427490234375","-237.9427490234375"
"451","903","903","903","-238.0498809814453","-238.0498809814453","-238.0498809814453"
"452","905","905","905","-238.51683044433594","-238.51683044433594","-238.51683044433594"
"453","907","907","907","-238.08380126953125","-238.08380126953125","-238.08380126953125"
"454","909","909","909","-238.0516357421875","-238.0516357421875","-238.0516357421875"
"455","911","911","911","-237.9305877685547","-237.9305877685547","-237.9305877685547"
"456","913","913","913","-237.333740234375","-237.333740234375","-237.333740234375"
"457","915","915","915","-237.7029266357422","-237.7029266357422","-237.7029266357422"
"458","917","917","917","-238.2251434326172","-238.2251434326172","-238.2251434326172"
"459","919","919","919","-238.16893005371094","-238.16893005371094","-238.16893005371094"
"460","921","921","921","-237.77967834472656","-237.77967834472656","-237.77967834472656"
"461","923","923","923","-238.2332305908203","-238.2332305908203","-238.2332305908203"
"462","925","925","925","-238.35494995117188","-238.35494995117188","-238.35494995117188"
"463","927","927","927","-237.6444091796875","-237.6444091796875","-237.6444091796875"
"464","929","929","929","-238.58517456054688","-238.58517456054688","-238.58517456054688"
"465","931","931","931","-237.92811584472656","-237.92811584472656","-237.92811584472656"
"466","933","933","933","-238.0186309814453","-238.0186309814453","-238.0186309814453"
"467","935","935","935","-238.64068603515625","-238.64068603515625","-238.64068603515625"
"468","937","937","937","-238.62982177734375","-238.62982177734375","-238.62982177734375"
"469","939","939","939","-238.20909118652344","-238.20909118652344","-238.20909118652344"
"470","941","941","941","-238.8187255859375","-238.8187255859375","-238.8187255859375"
"471","943","943","943","-238.7403564453125","-238.7403564453125","-238.7403564453125"
"472","945","945","945","-238.57473754882812","-238.57473754882812","-238.57473754882812"
"473","947","947","947","-238.23370361328125","-238.23370361328125","-238.23370361328125"
"474","949","949","949","-237.97592163085938","-237.97592163085938","-237.97592163085938"
"475","951","951","951","-238.6218719482422","-238.6218719482422","-238.6218719482422"
"476","953","953","953","-238.3037109375","-238.3037109375","-238.3037109375"
"477","955","955","955","-238.60791015625","-238.60791015625","-238.60791015625"
"478","957","957","957","-238.2811279296875","-238.2811279296875","-238.2811279296875"
"479","959","959","959","-238.4641876220703","-238.4641876220703","-238.4641876220703"
"480","961","961","961","-238.11019897460938","-238.11019897460938","-238.11019897460938"
"481","963","963","963","-238.3015899658203","-238.3015899658203","-238.3015899658203"
"482","965","965","965","-238.41708374023438","-238.41708374023438","-238.41708374023438"
"483","967","967","967","-238.31004333496094","-238.31004333496094","-238.31004333496094"
"484","969","969","969","-238.05787658691406","-238.05787658691406","-238.05787658691406"
"485","971","971","971","-237.71258544921875","-237.71258544921875","-237.71258544921875"
"486","973","973","973","-238.2065887451172","-238.2065887451172","-238.2065887451172"
"487","975","975","975","-238.060302734375","-238.060302734375","-238.060302734375"
"488","977","977","977","-237.95799255371094","-237.95799255371094","-237.95799255371094"
"489","979","979","979","-238.7048797607422","-238.7048797607422","-238.7048797607422"
"490","981","981","981","-238.52621459960938","-238.52621459960938","-238.52621459960938"
"491","983","983","983","-238.17955017089844","-238.17955017089844","-238.17955017089844"
"492","985","985","985","-238.54635620117188","-238.54635620117188","-238.54635620117188"
"493","987","987","987","-238.84532165527344","-238.84532165527344","-238.84532165527344"
"494","989","989","989","-238.11129760742188","-238.11129760742188","-238.11129760742188"
"495","991","991","991","-238.23239135742188","-238.23239135742188","-238.23239135742188"
"496","993","993","993","-238.3960723876953","-238.3960723876953","-238.3960723876953"
"497","995","995","995","-238.99508666992188","-238.99508666992188","-238.99508666992188"
"498","997","997","997","-239.07843017578125","-239.07843017578125","-239.07843017578125"
"499","999","999","999","-238.37164306640625","-238.37164306640625","-238.37164306640625"
"500","1001","1001","1001","-238.60475158691406","-238.60475158691406","-238.60475158691406"
"501","1003","1003","1003","-238.6378631591797","-238.6378631591797","-238.6378631591797"
"502","1005","1005","1005","-238.5434112548828","-238.5434112548828","-238.5434112548828"
"503","1007","1007","1007","-238.44320678710938","-238.44320678710938","-238.44320678710938"
"504","1009","1009","1009","-239.02377319335938","-239.02377319335938","-239.02377319335938"
"505","1011","1011","1011","-238.55929565429688","-238.55929565429688","-238.55929565429688"
"506","1013","1013","1013","-238.54067993164062","-238.54067993164062","-238.54067993164062"
"507","1015","1015","1015","-239.14068603515625","-239.14068603515625","-239.14068603515625"
"508","1017","1017","1017","-237.8352508544922","-237.8352508544922","-237.8352508544922"
"509","1019","1019","1019","-238.8477325439453","-238.8477325439453","-238.8477325439453"
"510","1021","1021","1021","-238.97328186035156","-238.97328186035156","-238.97328186035156"
"511","1023","1023","1023","-238.57351684570312","-238.57351684570312","-238.57351684570312"
"512","1025","1025","1025","-237.93551635742188","-237.93551635742188","-237.93551635742188"
"513","1027","1027","1027","-238.3104705810547","-238.3104705810547","-238.3104705810547"
"514","1029","1029","1029","-238.5943603515625","-238.5943603515625","-238.5943603515625"
"515","1031","1031","1031","-238.5142364501953","-238.5142364501953","-238.5142364501953"
"516","1033","1033","1033","-238.55807495117188","-238.55807495117188","-238.55807495117188"
"517","1035","1035","1035","-239.12379455566406","-239.12379455566406","-239.12379455566406"
"518","1037","1037","1037","-239.10879516601562","-239.10879516601562","-239.10879516601562"
"519","1039","1039","1039","-238.80104064941406","-238.80104064941406","-238.80104064941406"
"520","1041","1041","1041","-238.5818634033203","-238.5818634033203","-238.5818634033203"
"521","1043","1043","1043","-238.92581176757812","-238.92581176757812","-238.92581176757812"
"522","1045","1045","1045","-238.52389526367188","-238.52389526367188","-238.52389526367188"
"523","1047","1047","1047","-238.976318359375","-238.976318359375","-238.976318359375"
"524","1049","1049","1049","-239.2422637939453","-239.2422637939453","-239.2422637939453"
"525","1051","1051","1051","-238.6082763671875","-238.6082763671875","-238.6082763671875"
"526","1053","1053","1053","-238.67877197265625","-238.67877197265625","-238.67877197265625"
"527","1055","1055","1055","-238.42518615722656","-238.42518615722656","-238.42518615722656"
"528","1057","1057","1057","-238.20433044433594","-238.20433044433594","-238.20433044433594"
"529","1059","1059","1059","-238.54945373535156","-238.54945373535156","-238.54945373535156"
"530","1061","1061","1061","-238.70077514648438","-238.70077514648438","-238.70077514648438"
"531","1063","1063","1063","-238.791748046875","-238.791748046875","-238.791748046875"
"532","1065","1065","1065","-238.59234619140625","-238.59234619140625","-238.59234619140625"
"533","1067","1067","1067","-238.5722198486328","-238.5722198486328","-238.5722198486328"
"534","1069","1069","1069","-239.01426696777344","-239.01426696777344","-239.01426696777344"
"535","1071","1071","1071","-238.59710693359375","-238.59710693359375","-238.59710693359375"
"536","1073","1073","1073","-239.72698974609375","-239.72698974609375","-239.72698974609375"
"537","1075","1075","1075","-239.33248901367188","-239.33248901367188","-239.33248901367188"
"538","1077","1077","1077","-239.36944580078125","-239.36944580078125","-239.36944580078125"
"539","1079","1079","1079","-239.07444763183594","-239.07444763183594","-239.07444763183594"
"540","1081","1081","1081","-239.55990600585938","-239.55990600585938","-239.55990600585938"
"541","1083","1083","1083","-239.23011779785156","-239.23011779785156","-239.23011779785156"
"542","1085","1085","1085","-238.70742797851562","-238.70742797851562","-238.70742797851562"
"543","1087","1087","1087","-238.55316162109375","-238.55316162109375","-238.55316162109375"
"544","1089","1089","1089","-239.6311798095703","-239.6311798095703","-239.6311798095703"
"545","1091","1091","1091","-239.87889099121094","-239.87889099121094","-239.87889099121094"
"546","1093","1093","1093","-239.2183837890625","-239.2183837890625","-239.2183837890625"
"547","1095","1095","1095","-238.52589416503906","-238.52589416503906","-238.52589416503906"
"548","1097","1097","1097","-239.48721313476562","-239.48721313476562","-239.48721313476562"
"549","1099","1099","1099","-239.45826721191406","-239.45826721191406","-239.45826721191406"
"550","1101","1101","1101","-239.3663330078125","-239.3663330078125","-239.3663330078125"
"551","1103","1103","1103","-239.44113159179688","-239.44113159179688","-239.44113159179688"
"552","1105","1105","1105","-239.1458740234375","-239.1458740234375","-239.1458740234375"
"553","1107","1107","1107","-239.677490234375","-239.677490234375","-239.677490234375"
"554","1109","1109","1109","-239.6925506591797","-239.6925506591797","-239.6925506591797"
"555","1111","1111","1111","-239.1902618408203","-239.1902618408203","-239.1902618408203"
"556","1113","1113","1113","-239.4718780517578","-239.4718780517578","-239.4718780517578"
"557","1115","1115","1115","-239.30345153808594","-239.30345153808594","-239.30345153808594"
"558","1117","1117","1117","-239.65289306640625","-239.65289306640625","-239.65289306640625"
"559","1119","1119","1119","-239.27072143554688","-239.27072143554688","-239.27072143554688"
"560","1121","1121","1121","-239.26583862304688","-239.26583862304688","-239.26583862304688"
"561","1123","1123","1123","-238.81700134277344","-238.81700134277344","-238.81700134277344"
"562","1125","1125","1125","-239.26187133789062","-239.26187133789062","-239.26187133789062"
"563","1127","1127","1127","-239.57958984375","-239.57958984375","-239.57958984375"
"564","1129","1129","1129","-239.4301300048828","-239.4301300048828","-239.4301300048828"
"565","1131","1131","1131","-239.82188415527344","-239.82188415527344","-239.82188415527344"
"566","1133","1133","1133","-239.21438598632812","-239.21438598632812","-239.21438598632812"
"567","1135","1135","1135","-238.85775756835938","-238.85775756835938","-238.85775756835938"
"568","1137","1137","1137","-238.903076171875","-238.903076171875","-238.903076171875"
"569","1139","1139","1139","-239.31544494628906","-239.31544494628906","-239.31544494628906"
"570","1141","1141","1141","-239.37461853027344","-239.37461853027344","-239.37461853027344"
"571","1143","1143","1143","-239.39686584472656","-239.39686584472656","-239.39686584472656"
"572","1145","1145","1145","-239.5323944091797","-239.5323944091797","-239.5323944091797"
"573","1147","1147","1147","-239.65737915039062","-239.65737915039062","-239.65737915039062"
"574","1149","1149","1149","-239.14788818359375","-239.14788818359375","-239.14788818359375"
"575","1151","1151","1151","-239.47384643554688","-239.47384643554688","-239.47384643554688"
"576","1153","1153","1153","-239.04733276367188","-239.04733276367188","-239.04733276367188"
"577","1155","1155","1155","-239.5211181640625","-239.5211181640625","-239.5211181640625"
"578","1157","1157","1157","-239.23609924316406","-239.23609924316406","-239.23609924316406"
"579","1159","1159","1159","-239.588134765625","-239.588134765625","-239.588134765625"
"580","1161","1161","1161","-239.48184204101562","-239.48184204101562","-239.48184204101562"
"581","1163","1163","1163","-239.5542449951172","-239.5542449951172","-239.5542449951172"
"582","1165","1165","1165","-239.66824340820312","-239.66824340820312","-239.66824340820312"
"583","1167","1167","1167","-240.3201141357422","-240.3201141357422","-240.3201141357422"
"584","1169","1169","1169","-239.8452606201172","-239.8452606201172","-239.8452606201172"
"585","1171","1171","1171","-239.4359588623047","-239.4359588623047","-239.4359588623047"
"586","1173","1173","1173","-239.46873474121094","-239.46873474121094","-239.46873474121094"
"587","1175","1175","1175","-239.8331756591797","-239.8331756591797","-239.8331756591797"
"588","1177","1177","1177","-239.78872680664062","-239.78872680664062","-239.78872680664062"
"589","1179","1179","1179","-239.1508026123047","-239.1508026123047","-239.1508026123047"
"590","1181","1181","1181","-239.15740966796875","-239.15740966796875","-239.15740966796875"
"591","1183","1183","1183","-239.46397399902344","-239.46397399902344","-239.46397399902344"
"592","1185","1185","1185","-239.64508056640625","-239.64508056640625","-239.64508056640625"
"593","1187","1187","1187","-239.61968994140625","-239.61968994140625","-239.61968994140625"
"594","1189","1189","1189","-240.2108154296875","-240.2108154296875","-240.2108154296875"
"595","1191","1191","1191","-240.16294860839844","-240.16294860839844","-240.16294860839844"
"596","1193","1193","1193","-239.77793884277344","-239.77793884277344","-239.77793884277344"
"597","1195","1195","1195","-238.98475646972656","-238.98475646972656","-238.98475646972656"
"598","1197","1197","1197","-239.69821166992188","-239.69821166992188","-239.69821166992188"
"599","1199","1199","1199","-239.43142700195312","-239.43142700195312","-239.43142700195312"
"600","1201","1201","1201","-239.2552032470703","-239.2552032470703","-239.2552032470703"
"601","1203","1203","1203","-239.88357543945312","-239.88357543945312","-239.88357543945312"
"602","1205","1205","1205","-238.67544555664062","-238.67544555664062","-238.67544555664062"
"603","1207","1207","1207","-239.57330322265625","-239.57330322265625","-239.57330322265625"
"604","1209","1209","1209","-239.58050537109375","-239.58050537109375","-239.58050537109375"
"605","1211","1211","1211","-240.0851287841797","-240.0851287841797","-240.0851287841797"
"606","1213","1213","1213","-239.9279022216797","-239.9279022216797","-239.9279022216797"
"607","1215","1215","1215","-239.74349975585938","-239.74349975585938","-239.74349975585938"
"608","1217","1217","1217","-240.63282775878906","-240.63282775878906","-240.63282775878906"
"609","1219","1219","1219","-239.52059936523438","-239.52059936523438","-239.52059936523438"
"610","1221","1221","1221","-239.79443359375","-239.79443359375","-239.79443359375"
"611","1223","1223","1223","-239.64146423339844","-239.64146423339844","-239.64146423339844"
"612","1225","1225","1225","-239.77801513671875","-239.77801513671875","-239.77801513671875"
"613","1227","1227","1227","-239.62179565429688","-239.62179565429688","-239.62179565429688"
"614","1229","1229","1229","-240.1309356689453","-240.1309356689453","-240.1309356689453"
"615","1231","1231","1231","-239.6705780029297","-239.6705780029297","-239.6705780029297"
"616","1233","1233","1233","-240.50181579589844","-240.50181579589844","-240.50181579589844"
"617","1235","1235","1235","-239.527099609375","-239.527099609375","-239.527099609375"
"618","1237","1237","1237","-239.09906005859375","-239.09906005859375","-239.09906005859375"
"619","1239","1239","1239","-239.85946655273438","-239.85946655273438","-239.85946655273438"
"620","1241","1241","1241","-239.87501525878906","-239.87501525878906","-239.87501525878906"
"621","1243","1243","1243","-240.7698211669922","-240.7698211669922","-240.7698211669922"
"622","1245","1245","1245","-239.78086853027344","-239.78086853027344","-239.78086853027344"
"623","1247","1247","1247","-239.91409301757812","-239.91409301757812","-239.91409301757812"
"624","1249","1249","1249","-240.0732421875","-240.0732421875","-240.0732421875"
"625","1251","1251","1251","-240.24107360839844","-240.24107360839844","-240.24107360839844"
"626","1253","1253","1253","-241.07952880859375","-241.07952880859375","-241.07952880859375"
"627","1255","1255","1255","-239.6046142578125","-239.6046142578125","-239.6046142578125"
"628","1257","1257","1257","-239.18106079101562","-239.18106079101562","-239.18106079101562"
"629","1259","1259","1259","-239.69720458984375","-239.69720458984375","-239.69720458984375"
"630","1261","1261","1261","-240.05796813964844","-240.05796813964844","-240.05796813964844"
"631","1263","1263","1263","-239.8941650390625","-239.8941650390625","-239.8941650390625"
"632","1265","1265","1265","-240.1409454345703","-240.1409454345703","-240.1409454345703"
"633","1267","1267","1267","-239.56256103515625","-239.56256103515625","-239.56256103515625"
"634","1269","1269","1269","-240.2300262451172","-240.2300262451172","-240.2300262451172"
"635","1271","1271","1271","-239.60691833496094","-239.60691833496094","-239.60691833496094"
"636","1273","1273","1273","-239.69781494140625","-239.69781494140625","-239.69781494140625"
"637","1275","1275","1275","-239.46224975585938","-239.46224975585938","-239.46224975585938"
"638","1277","1277","1277","-240.01272583007812","-240.01272583007812","-240.01272583007812"
"639","1279","1279","1279","-240.21087646484375","-240.21087646484375","-240.21087646484375"
"640","1281","1281","1281","-240.34010314941406","-240.34010314941406","-240.34010314941406"
"641","1283","1283","1283","-240.00274658203125","-240.00274658203125","-240.00274658203125"
"642","1285","1285","1285","-240.0528564453125","-240.0528564453125","-240.0528564453125"
"643","1287","1287","1287","-240.37705993652344","-240.37705993652344","-240.37705993652344"
"644","1289","1289","1289","-240.30892944335938","-240.30892944335938","-240.30892944335938"
"645","1291","1291","1291","-240.24574279785156","-240.24574279785156","-240.24574279785156"
"646","1293","1293","1293","-240.53131103515625","-240.53131103515625","-240.53131103515625"
"647","1295","1295","1295","-240.12307739257812","-240.12307739257812","-240.12307739257812"
"648","1297","1297","1297","-240.23062133789062","-240.23062133789062","-240.23062133789062"
"649","1299","1299","1299","-240.20126342773438","-240.20126342773438","-240.20126342773438"
"650","1301","1301","1301","-240.1865997314453","-240.1865997314453","-240.1865997314453"
"651","1303","1303","1303","-240.68922424316406","-240.68922424316406","-240.68922424316406"
"652","1305","1305","1305","-239.6153564453125","-239.6153564453125","-239.6153564453125"
"653","1307","1307","1307","-240.67529296875","-240.67529296875","-240.67529296875"
"654","1309","1309","1309","-240.04708862304688","-240.04708862304688","-240.04708862304688"
"655","1311","1311","1311","-240.75234985351562","-240.75234985351562","-240.75234985351562"
"656","1313","1313","1313","-240.4195556640625","-240.4195556640625","-240.4195556640625"
"657","1315","1315","1315","-239.7126922607422","-239.7126922607422","-239.7126922607422"
"658","1317","1317","1317","-240.0840606689453","-240.0840606689453","-240.0840606689453"
"659","1319","1319","1319","-240.8805694580078","-240.8805694580078","-240.8805694580078"
"660","1321","1321","1321","-239.95436096191406","-239.95436096191406","-239.95436096191406"
"661","1323","1323","1323","-240.20919799804688","-240.20919799804688","-240.20919799804688"
"662","1325","1325","1325","-240.3362579345703","-240.3362579345703","-240.3362579345703"
"663","1327","1327","1327","-240.320068359375","-240.320068359375","-240.320068359375"
"664","1329","1329","1329","-240.76148986816406","-240.76148986816406","-240.76148986816406"
"665","1331","1331","1331","-239.7700958251953","-239.7700958251953","-239.7700958251953"
"666","1333","1333","1333","-240.00732421875","-240.00732421875","-240.00732421875"
"667","1335","1335","1335","-240.2916259765625","-240.2916259765625","-240.2916259765625"
"668","1337","1337","1337","-240.946533203125","-240.946533203125","-240.946533203125"
"669","1339","1339","1339","-240.89785766601562","-240.89785766601562","-240.89785766601562"
"670","1341","1341","1341","-240.3604736328125","-240.3604736328125","-240.3604736328125"
"671","1343","1343","1343","-241.08445739746094","-241.08445739746094","-241.08445739746094"
"672","1345","1345","1345","-240.27626037597656","-240.27626037597656","-240.27626037597656"
"673","1347","1347","1347","-240.68756103515625","-240.68756103515625","-240.68756103515625"
"674","1349","1349","1349","-240.43170166015625","-240.43170166015625","-240.43170166015625"
"675","1351","1351","1351","-240.46539306640625","-240.46539306640625","-240.46539306640625"
"676","1353","1353","1353","-240.67103576660156","-240.67103576660156","-240.67103576660156"
"677","1355","1355","1355","-240.4055633544922","-240.4055633544922","-240.4055633544922"
"678","1357","1357","1357","-240.45509338378906","-240.45509338378906","-240.45509338378906"
"679","1359","1359","1359","-241.07656860351562","-241.07656860351562","-241.07656860351562"
"680","1361","1361","1361","-240.3846435546875","-240.3846435546875","-240.3846435546875"
"681","1363","1363","1363","-240.32972717285156","-240.32972717285156","-240.32972717285156"
"682","1365","1365","1365","-240.4162139892578","-240.4162139892578","-240.4162139892578"
"683","1367","1367","1367","-240.8945770263672","-240.8945770263672","-240.8945770263672"
"684","1369","1369","1369","-241.0440673828125","-241.0440673828125","-241.0440673828125"
"685","1371","1371","1371","-240.6688232421875","-240.6688232421875","-240.6688232421875"
"686","1373","1373","1373","-240.0540008544922","-240.0540008544922","-240.0540008544922"
"687","1375","1375","1375","-241.11216735839844","-241.11216735839844","-241.11216735839844"
"688","1377","1377","1377","-240.7334442138672","-240.7334442138672","-240.7334442138672"
"689","1379","1379","1379","-240.68637084960938","-240.68637084960938","-240.68637084960938"
"690","1381","1381","1381","-240.96255493164062","-240.96255493164062","-240.96255493164062"
"691","1383","1383","1383","-240.89794921875","-240.89794921875","-240.89794921875"
"692","1385","1385","1385","-240.9828643798828","-240.9828643798828","-240.9828643798828"
"693","1387","1387","1387","-240.7323455810547","-240.7323455810547","-240.7323455810547"
"694","1389","1389","1389","-241.02944946289062","-241.02944946289062","-241.02944946289062"
"695","1391","1391","1391","-240.66378784179688","-240.66378784179688","-240.66378784179688"
"696","1393","1393","1393","-240.58724975585938","-240.58724975585938","-240.58724975585938"
"697","1395","1395","1395","-240.7893829345703","-240.7893829345703","-240.7893829345703"
"698","1397","1397","1397","-241.26199340820312","-241.26199340820312","-241.26199340820312"
"699","1399","1399","1399","-240.56466674804688","-240.56466674804688","-240.56466674804688"
"700","1401","1401","1401","-240.97756958007812","-240.97756958007812","-240.97756958007812"
"701","1403","1403","1403","-241.02980041503906","-241.02980041503906","-241.02980041503906"
"702","1405","1405","1405","-240.47767639160156","-240.47767639160156","-240.47767639160156"
"703","1407","1407","1407","-240.14024353027344","-240.14024353027344","-240.14024353027344"
"704","1409","1409","1409","-241.01986694335938","-241.01986694335938","-241.01986694335938"
"705","1411","1411","1411","-240.83384704589844","-240.83384704589844","-240.83384704589844"
"706","1413","1413","1413","-241.20562744140625","-241.20562744140625","-241.20562744140625"
"707","1415","1415","1415","-240.51390075683594","-240.51390075683594","-240.51390075683594"
"708","1417","1417","1417","-241.01177978515625","-241.01177978515625","-241.01177978515625"
"709","1419","1419","1419","-240.94973754882812","-240.94973754882812","-240.94973754882812"
"710","1421","1421","1421","-240.64846801757812","-240.64846801757812","-240.64846801757812"
"711","1423","1423","1423","-240.9685516357422","-240.9685516357422","-240.9685516357422"
"712","1425","1425","1425","-240.9253692626953","-240.9253692626953","-240.9253692626953"
"713","1427","1427","1427","-241.05197143554688","-241.05197143554688","-241.05197143554688"
"714","1429","1429","1429","-241.07125854492188","-241.07125854492188","-241.07125854492188"
"715","1431","1431","1431","-241.33206176757812","-241.33206176757812","-241.33206176757812"
"716","1433","1433","1433","-240.68231201171875","-240.68231201171875","-240.68231201171875"
"717","1435","1435","1435","-240.5566864013672","-240.5566864013672","-240.5566864013672"
"718","1437","1437","1437","-241.06796264648438","-241.06796264648438","-241.06796264648438"
"719","1439","1439","1439","-240.654052734375","-240.654052734375","-240.654052734375"
"720","1441","1441","1441","-240.9728546142578","-240.9728546142578","-240.9728546142578"
"721","1443","1443","1443","-241.7431640625","-241.7431640625","-241.7431640625"
"722","1445","1445","1445","-240.4828643798828","-240.4828643798828","-240.4828643798828"
"723","1447","1447","1447","-241.55197143554688","-241.55197143554688","-241.55197143554688"
"724","1449","1449","1449","-241.19384765625","-241.19384765625","-241.19384765625"
"725","1451","1451","1451","-240.5802459716797","-240.5802459716797","-240.5802459716797"
"726","1453","1453","1453","-240.56484985351562","-240.56484985351562","-240.56484985351562"
"727","1455","1455","1455","-241.41403198242188","-241.41403198242188","-241.41403198242188"
"728","1457","1457","1457","-240.79396057128906","-240.79396057128906","-240.79396057128906"
"729","1459","1459","1459","-241.1637725830078","-241.1637725830078","-241.1637725830078"
"730","1461","1461","1461","-240.76402282714844","-240.76402282714844","-240.76402282714844"
"731","1463","1463","1463","-240.5426788330078","-240.5426788330078","-240.5426788330078"
"732","1465","1465","1465","-241.8314971923828","-241.8314971923828","-241.8314971923828"
"733","1467","1467","1467","-240.97067260742188","-240.97067260742188","-240.97067260742188"
"734","1469","1469","1469","-240.75196838378906","-240.75196838378906","-240.75196838378906"
"735","1471","1471","1471","-241.09982299804688","-241.09982299804688","-241.09982299804688"
"736","1473","1473","1473","-241.73988342285156","-241.73988342285156","-241.73988342285156"
"737","1475","1475","1475","-241.37998962402344","-241.37998962402344","-241.37998962402344"
"738","1477","1477","1477","-240.6761932373047","-240.6761932373047","-240.6761932373047"
"739","1479","1479","1479","-241.14471435546875","-241.14471435546875","-241.14471435546875"
"740","1481","1481","1481","-241.17918395996094","-241.17918395996094","-241.17918395996094"
"741","1483","1483","1483","-241.83155822753906","-241.83155822753906","-241.83155822753906"
"742","1485","1485","1485","-241.43345642089844","-241.43345642089844","-241.43345642089844"
"743","1487","1487","1487","-241.6914825439453","-241.6914825439453","-241.6914825439453"
"744","1489","1489","1489","-240.6643829345703","-240.6643829345703","-240.6643829345703"
"745","1491","1491","1491","-240.9975128173828","-240.9975128173828","-240.9975128173828"
"746","1493","1493","1493","-240.8058624267578","-240.8058624267578","-240.8058624267578"
"747","1495","1495","1495","-240.64300537109375","-240.64300537109375","-240.64300537109375"
"748","1497","1497","1497","-241.0741729736328","-241.0741729736328","-241.0741729736328"
"749","1499","1499","1499","-241.58953857421875","-241.58953857421875","-241.58953857421875"
"750","1501","1501","1501","-241.26344299316406","-241.26344299316406","-241.26344299316406"
"751","1503","1503","1503","-240.8887939453125","-240.8887939453125","-240.8887939453125"
"752","1505","1505","1505","-241.18490600585938","-241.18490600585938","-241.18490600585938"
"753","1507","1507","1507","-241.41465759277344","-241.41465759277344","-241.41465759277344"
"754","1509","1509","1509","-241.2309112548828","-241.2309112548828","-241.2309112548828"
"755","1511","1511","1511","-240.897216796875","-240.897216796875","-240.897216796875"
"756","1513","1513","1513","-241.6448974609375","-241.6448974609375","-241.6448974609375"
"757","1515","1515","1515","-240.82391357421875","-240.82391357421875","-240.82391357421875"
"758","1517","1517","1517","-241.2328338623047","-241.2328338623047","-241.2328338623047"
"759","1519","1519","1519","-240.8017120361328","-240.8017120361328","-240.8017120361328"
"760","1521","1521","1521","-241.02285766601562","-241.02285766601562","-241.02285766601562"
"761","1523","1523","1523","-240.8970184326172","-240.8970184326172","-240.8970184326172"
"762","1525","1525","1525","-241.1581573486328","-241.1581573486328","-241.1581573486328"
"763","1527","1527","1527","-240.88314819335938","-240.88314819335938","-240.88314819335938"
"764","1529","1529","1529","-240.57362365722656","-240.57362365722656","-240.57362365722656"
"765","1531","1531","1531","-240.85546875","-240.85546875","-240.85546875"
"766","1533","1533","1533","-241.6262969970703","-241.6262969970703","-241.6262969970703"
"767","1535","1535","1535","-241.03489685058594","-241.03489685058594","-241.03489685058594"
"768","1537","1537","1537","-241.56939697265625","-241.56939697265625","-241.56939697265625"
"769","1539","1539","1539","-241.03005981445312","-241.03005981445312","-241.03005981445312"
"770","1541","1541","1541","-241.21490478515625","-241.21490478515625","-241.21490478515625"
"771","1543","1543","1543","-240.86709594726562","-240.86709594726562","-240.86709594726562"
"772","1545","1545","1545","-240.83709716796875","-240.83709716796875","-240.83709716796875"
"773","1547","1547","1547","-241.3035888671875","-241.3035888671875","-241.3035888671875"
"774","1549","1549","1549","-240.8399658203125","-240.8399658203125","-240.8399658203125"
"775","1551","1551","1551","-240.646240234375","-240.646240234375","-240.646240234375"
"776","1553","1553","1553","-240.76478576660156","-240.76478576660156","-240.76478576660156"
"777","1555","1555","1555","-241.0634307861328","-241.0634307861328","-241.0634307861328"
"778","1557","1557","1557","-240.6767120361328","-240.6767120361328","-240.6767120361328"
"779","1559","1559","1559","-241.28021240234375","-241.28021240234375","-241.28021240234375"
"780","1561","1561","1561","-241.1410369873047","-241.1410369873047","-241.1410369873047"
"781","1563","1563","1563","-241.35475158691406","-241.35475158691406","-241.35475158691406"
"782","1565","1565","1565","-240.5986785888672","-240.5986785888672","-240.5986785888672"
"783","1567","1567","1567","-240.909423828125","-240.909423828125","-240.909423828125"
"784","1569","1569","1569","-241.8463592529297","-241.8463592529297","-241.8463592529297"
"785","1571","1571","1571","-241.5924072265625","-241.5924072265625","-241.5924072265625"
"786","1573","1573","1573","-240.54302978515625","-240.54302978515625","-240.54302978515625"
"787","1575","1575","1575","-241.63111877441406","-241.63111877441406","-241.63111877441406"
"788","1577","1577","1577","-241.32408142089844","-241.32408142089844","-241.32408142089844"
"789","1579","1579","1579","-240.8036651611328","-240.8036651611328","-240.8036651611328"
"790","1581","1581","1581","-241.24261474609375","-241.24261474609375","-241.24261474609375"
"791","1583","1583","1583","-240.580322265625","-240.580322265625","-240.580322265625"
"792","1585","1585","1585","-241.57704162597656","-241.57704162597656","-241.57704162597656"
"793","1587","1587","1587","-241.5409393310547","-241.5409393310547","-241.5409393310547"
"794","1589","1589","1589","-240.9762420654297","-240.9762420654297","-240.9762420654297"
"795","1591","1591","1591","-241.37759399414062","-241.37759399414062","-241.37759399414062"
"796","1593","1593","1593","-241.87538146972656","-241.87538146972656","-241.87538146972656"
"797","1595","1595","1595","-241.3512725830078","-241.3512725830078","-241.3512725830078"
"798","1597","1597","1597","-241.7387237548828","-241.7387237548828","-241.7387237548828"
"799","1599","1599","1599","-241.02735900878906","-241.02735900878906","-241.02735900878906"
"800","1601","1601","1601","-241.5246124267578","-241.5246124267578","-241.5246124267578"
"801","1603","1603","1603","-241.06443786621094","-241.06443786621094","-241.06443786621094"
"802","1605","1605","1605","-240.91744995117188","-240.91744995117188","-240.91744995117188"
"803","1607","1607","1607","-241.2444610595703","-241.2444610595703","-241.2444610595703"
"804","1609","1609","1609","-241.31936645507812","-241.31936645507812","-241.31936645507812"
"805","1611","1611","1611","-241.47274780273438","-241.47274780273438","-241.47274780273438"
"806","1613","1613","1613","-241.2740936279297","-241.2740936279297","-241.2740936279297"
"807","1615","1615","1615","-241.17845153808594","-241.17845153808594","-241.17845153808594"
"808","1617","1617","1617","-241.1458282470703","-241.1458282470703","-241.1458282470703"
"809","1619","1619","1619","-241.56240844726562","-241.56240844726562","-241.56240844726562"
"810","1621","1621","1621","-241.60354614257812","-241.60354614257812","-241.60354614257812"
"811","1623","1623","1623","-241.53834533691406","-241.53834533691406","-241.53834533691406"
"812","1625","1625","1625","-241.8710479736328","-241.8710479736328","-241.8710479736328"
"813","1627","1627","1627","-242.05018615722656","-242.05018615722656","-242.05018615722656"
"814","1629","1629","1629","-241.1371307373047","-241.1371307373047","-241.1371307373047"
"815","1631","1631","1631","-241.81121826171875","-241.81121826171875","-241.81121826171875"
"816","1633","1633","1633","-242.09463500976562","-242.09463500976562","-242.09463500976562"
"817","1635","1635","1635","-241.85232543945312","-241.85232543945312","-241.85232543945312"
"818","1637","1637","1637","-241.8616943359375","-241.8616943359375","-241.8616943359375"
"819","1639","1639","1639","-241.30599975585938","-241.30599975585938","-241.30599975585938"