"epoch","18/04 13:01:40 - training only discriminator - _step","18/04 13:01:40 - training only discriminator - _step__MIN","18/04 13:01:40 - training only discriminator - _step__MAX","18/04 13:01:40 - training only discriminator - D_Real","18/04 13:01:40 - training only discriminator - D_Real__MIN","18/04 13:01:40 - training only discriminator - D_Real__MAX"
"0","1","1","1","-164.73568725585938","-164.73568725585938","-164.73568725585938"
"1","3","3","3","-275.2204284667969","-275.2204284667969","-275.2204284667969"
"2","5","5","5","-276.0489807128906","-276.0489807128906","-276.0489807128906"
"3","7","7","7","-273.6694641113281","-273.6694641113281","-273.6694641113281"
"4","9","9","9","-272.60992431640625","-272.60992431640625","-272.60992431640625"
"5","11","11","11","-270.3236389160156","-270.3236389160156","-270.3236389160156"
"6","13","13","13","-270.90283203125","-270.90283203125","-270.90283203125"
"7","15","15","15","-272.86541748046875","-272.86541748046875","-272.86541748046875"
"8","17","17","17","-272.2110900878906","-272.2110900878906","-272.2110900878906"
"9","19","19","19","-271.9705810546875","-271.9705810546875","-271.9705810546875"
"10","21","21","21","-273.3419189453125","-273.3419189453125","-273.3419189453125"
"11","23","23","23","-272.9976806640625","-272.9976806640625","-272.9976806640625"
"12","25","25","25","-274.22064208984375","-274.22064208984375","-274.22064208984375"
"13","27","27","27","-274.94244384765625","-274.94244384765625","-274.94244384765625"
"14","29","29","29","-275.98687744140625","-275.98687744140625","-275.98687744140625"
"15","31","31","31","-276.4132385253906","-276.4132385253906","-276.4132385253906"
"16","33","33","33","-277.26336669921875","-277.26336669921875","-277.26336669921875"
"17","35","35","35","-278.3052673339844","-278.3052673339844","-278.3052673339844"
"18","37","37","37","-278.13909912109375","-278.13909912109375","-278.13909912109375"
"19","39","39","39","-277.9694519042969","-277.9694519042969","-277.9694519042969"
"20","41","41","41","-278.0042724609375","-278.0042724609375","-278.0042724609375"
"21","43","43","43","-279.163818359375","-279.163818359375","-279.163818359375"
"22","45","45","45","-278.525634765625","-278.525634765625","-278.525634765625"
"23","47","47","47","-278.51226806640625","-278.51226806640625","-278.51226806640625"
"24","49","49","49","-279.26947021484375","-279.26947021484375","-279.26947021484375"
"25","51","51","51","-279.06610107421875","-279.06610107421875","-279.06610107421875"
"26","53","53","53","-278.744140625","-278.744140625","-278.744140625"
"27","55","55","55","-279.97967529296875","-279.97967529296875","-279.97967529296875"
"28","57","57","57","-280.5771179199219","-280.5771179199219","-280.5771179199219"
"29","59","59","59","-280.1375427246094","-280.1375427246094","-280.1375427246094"
"30","61","61","61","-280.7406005859375","-280.7406005859375","-280.7406005859375"
"31","63","63","63","-279.78350830078125","-279.78350830078125","-279.78350830078125"
"32","65","65","65","-281.4810791015625","-281.4810791015625","-281.4810791015625"
"33","67","67","67","-280.6881408691406","-280.6881408691406","-280.6881408691406"
"34","69","69","69","-280.3999938964844","-280.3999938964844","-280.3999938964844"
"35","71","71","71","-280.9751892089844","-280.9751892089844","-280.9751892089844"
"36","73","73","73","-281.6395568847656","-281.6395568847656","-281.6395568847656"
"37","75","75","75","-281.7223205566406","-281.7223205566406","-281.7223205566406"
"38","77","77","77","-281.2686767578125","-281.2686767578125","-281.2686767578125"
"39","79","79","79","-281.788818359375","-281.788818359375","-281.788818359375"
"40","81","81","81","-282.2525634765625","-282.2525634765625","-282.2525634765625"
"41","83","83","83","-281.9676818847656","-281.9676818847656","-281.9676818847656"
"42","85","85","85","-282.8736267089844","-282.8736267089844","-282.8736267089844"
"43","87","87","87","-281.53900146484375","-281.53900146484375","-281.53900146484375"
"44","89","89","89","-283.5267028808594","-283.5267028808594","-283.5267028808594"
"45","91","91","91","-282.12237548828125","-282.12237548828125","-282.12237548828125"
"46","93","93","93","-282.87713623046875","-282.87713623046875","-282.87713623046875"
"47","95","95","95","-283.3988952636719","-283.3988952636719","-283.3988952636719"
"48","97","97","97","-282.05889892578125","-282.05889892578125","-282.05889892578125"
"49","99","99","99","-283.1057434082031","-283.1057434082031","-283.1057434082031"
"50","101","101","101","-282.305419921875","-282.305419921875","-282.305419921875"
"51","103","103","103","-284.2952880859375","-284.2952880859375","-284.2952880859375"
"52","105","105","105","-282.8200988769531","-282.8200988769531","-282.8200988769531"
"53","107","107","107","-283.33074951171875","-283.33074951171875","-283.33074951171875"
"54","109","109","109","-283.0581970214844","-283.0581970214844","-283.0581970214844"
"55","111","111","111","-282.65771484375","-282.65771484375","-282.65771484375"
"56","113","113","113","-281.9833068847656","-281.9833068847656","-281.9833068847656"
"57","115","115","115","-282.6171875","-282.6171875","-282.6171875"
"58","117","117","117","-282.76458740234375","-282.76458740234375","-282.76458740234375"
"59","119","119","119","-282.1278991699219","-282.1278991699219","-282.1278991699219"
"60","121","121","121","-283.0590515136719","-283.0590515136719","-283.0590515136719"
"61","123","123","123","-283.000244140625","-283.000244140625","-283.000244140625"
"62","125","125","125","-283.5069885253906","-283.5069885253906","-283.5069885253906"
"63","127","127","127","-283.1864013671875","-283.1864013671875","-283.1864013671875"
"64","129","129","129","-283.1933898925781","-283.1933898925781","-283.1933898925781"
"65","131","131","131","-283.68914794921875","-283.68914794921875","-283.68914794921875"
"66","133","133","133","-283.13134765625","-283.13134765625","-283.13134765625"
"67","135","135","135","-282.7352600097656","-282.7352600097656","-282.7352600097656"
"68","137","137","137","-282.772705078125","-282.772705078125","-282.772705078125"
"69","139","139","139","-282.28759765625","-282.28759765625","-282.28759765625"
"70","141","141","141","-283.0137023925781","-283.0137023925781","-283.0137023925781"
"71","143","143","143","-282.3374328613281","-282.3374328613281","-282.3374328613281"
"72","145","145","145","-283.55767822265625","-283.55767822265625","-283.55767822265625"
"73","147","147","147","-282.6570739746094","-282.6570739746094","-282.6570739746094"
"74","149","149","149","-283.25885009765625","-283.25885009765625","-283.25885009765625"
"75","151","151","151","-283.7594909667969","-283.7594909667969","-283.7594909667969"
"76","153","153","153","-283.57952880859375","-283.57952880859375","-283.57952880859375"
"77","155","155","155","-283.32757568359375","-283.32757568359375","-283.32757568359375"
"78","157","157","157","-283.8046875","-283.8046875","-283.8046875"
"79","159","159","159","-283.4901123046875","-283.4901123046875","-283.4901123046875"
"80","161","161","161","-282.43963623046875","-282.43963623046875","-282.43963623046875"
"81","163","163","163","-283.2055358886719","-283.2055358886719","-283.2055358886719"
"82","165","165","165","-283.55584716796875","-283.55584716796875","-283.55584716796875"
"83","167","167","167","-283.3603515625","-283.3603515625","-283.3603515625"
"84","169","169","169","-283.85870361328125","-283.85870361328125","-283.85870361328125"
"85","171","171","171","-282.9615173339844","-282.9615173339844","-282.9615173339844"
"86","173","173","173","-282.6026611328125","-282.6026611328125","-282.6026611328125"
"87","175","175","175","-283.6044006347656","-283.6044006347656","-283.6044006347656"
"88","177","177","177","-283.1715393066406","-283.1715393066406","-283.1715393066406"
"89","179","179","179","-284.2086486816406","-284.2086486816406","-284.2086486816406"
"90","181","181","181","-283.4720153808594","-283.4720153808594","-283.4720153808594"
"91","183","183","183","-282.86505126953125","-282.86505126953125","-282.86505126953125"
"92","185","185","185","-282.9193115234375","-282.9193115234375","-282.9193115234375"
"93","187","187","187","-282.8258361816406","-282.8258361816406","-282.8258361816406"
"94","189","189","189","-283.55657958984375","-283.55657958984375","-283.55657958984375"
"95","191","191","191","-282.8789367675781","-282.8789367675781","-282.8789367675781"
"96","193","193","193","-283.1092529296875","-283.1092529296875","-283.1092529296875"
"97","195","195","195","-283.5963439941406","-283.5963439941406","-283.5963439941406"
"98","197","197","197","-282.3265380859375","-282.3265380859375","-282.3265380859375"
"99","199","199","199","-282.4357604980469","-282.4357604980469","-282.4357604980469"
"100","201","201","201","-282.6953125","-282.6953125","-282.6953125"
"101","203","203","203","-283.4864807128906","-283.4864807128906","-283.4864807128906"
"102","205","205","205","-283.6014099121094","-283.6014099121094","-283.6014099121094"
"103","207","207","207","-282.3973083496094","-282.3973083496094","-282.3973083496094"
"104","209","209","209","-283.08953857421875","-283.08953857421875","-283.08953857421875"
"105","211","211","211","-282.0617370605469","-282.0617370605469","-282.0617370605469"
"106","213","213","213","-283.6174011230469","-283.6174011230469","-283.6174011230469"
"107","215","215","215","-281.9717102050781","-281.9717102050781","-281.9717102050781"
"108","217","217","217","-283.6239929199219","-283.6239929199219","-283.6239929199219"
"109","219","219","219","-283.8208923339844","-283.8208923339844","-283.8208923339844"
"110","221","221","221","-283.3948974609375","-283.3948974609375","-283.3948974609375"
"111","223","223","223","-283.7906188964844","-283.7906188964844","-283.7906188964844"
"112","225","225","225","-282.56610107421875","-282.56610107421875","-282.56610107421875"
"113","227","227","227","-283.7060852050781","-283.7060852050781","-283.7060852050781"
"114","229","229","229","-282.95819091796875","-282.95819091796875","-282.95819091796875"
"115","231","231","231","-283.85565185546875","-283.85565185546875","-283.85565185546875"
"116","233","233","233","-283.87347412109375","-283.87347412109375","-283.87347412109375"
"117","235","235","235","-283.0728454589844","-283.0728454589844","-283.0728454589844"
"118","237","237","237","-283.33135986328125","-283.33135986328125","-283.33135986328125"
"119","239","239","239","-284.8778381347656","-284.8778381347656","-284.8778381347656"
"120","241","241","241","-283.6250305175781","-283.6250305175781","-283.6250305175781"
"121","243","243","243","-283.8861083984375","-283.8861083984375","-283.8861083984375"
"122","245","245","245","-283.2944030761719","-283.2944030761719","-283.2944030761719"
"123","247","247","247","-283.7372131347656","-283.7372131347656","-283.7372131347656"
"124","249","249","249","-283.7889404296875","-283.7889404296875","-283.7889404296875"
"125","251","251","251","-283.7590637207031","-283.7590637207031","-283.7590637207031"
"126","253","253","253","-284.0898742675781","-284.0898742675781","-284.0898742675781"
"127","255","255","255","-284.45294189453125","-284.45294189453125","-284.45294189453125"
"128","257","257","257","-283.230224609375","-283.230224609375","-283.230224609375"
"129","259","259","259","-283.86822509765625","-283.86822509765625","-283.86822509765625"
"130","261","261","261","-285.308837890625","-285.308837890625","-285.308837890625"
"131","263","263","263","-283.1474914550781","-283.1474914550781","-283.1474914550781"
"132","265","265","265","-284.32196044921875","-284.32196044921875","-284.32196044921875"
"133","267","267","267","-283.337646484375","-283.337646484375","-283.337646484375"
"134","269","269","269","-283.12530517578125","-283.12530517578125","-283.12530517578125"
"135","271","271","271","-283.37103271484375","-283.37103271484375","-283.37103271484375"
"136","273","273","273","-283.1353759765625","-283.1353759765625","-283.1353759765625"
"137","275","275","275","-283.9605712890625","-283.9605712890625","-283.9605712890625"
"138","277","277","277","-283.8927001953125","-283.8927001953125","-283.8927001953125"
"139","279","279","279","-283.1916198730469","-283.1916198730469","-283.1916198730469"
"140","281","281","281","-283.705078125","-283.705078125","-283.705078125"
"141","283","283","283","-283.9160461425781","-283.9160461425781","-283.9160461425781"
"142","285","285","285","-283.8827819824219","-283.8827819824219","-283.8827819824219"
"143","287","287","287","-284.4771423339844","-284.4771423339844","-284.4771423339844"
"144","289","289","289","-283.996826171875","-283.996826171875","-283.996826171875"
"145","291","291","291","-284.4559631347656","-284.4559631347656","-284.4559631347656"
"146","293","293","293","-283.8125915527344","-283.8125915527344","-283.8125915527344"
"147","295","295","295","-284.99041748046875","-284.99041748046875","-284.99041748046875"
"148","297","297","297","-283.3536071777344","-283.3536071777344","-283.3536071777344"
"149","299","299","299","-284.7094421386719","-284.7094421386719","-284.7094421386719"
"150","301","301","301","-284.4959716796875","-284.4959716796875","-284.4959716796875"
"151","303","303","303","-284.5795593261719","-284.5795593261719","-284.5795593261719"
"152","305","305","305","-284.1986389160156","-284.1986389160156","-284.1986389160156"
"153","307","307","307","-284.8581237792969","-284.8581237792969","-284.8581237792969"
"154","309","309","309","-284.492919921875","-284.492919921875","-284.492919921875"
"155","311","311","311","-285.4239196777344","-285.4239196777344","-285.4239196777344"
"156","313","313","313","-284.2045593261719","-284.2045593261719","-284.2045593261719"
"157","315","315","315","-284.8233337402344","-284.8233337402344","-284.8233337402344"
"158","317","317","317","-283.7988586425781","-283.7988586425781","-283.7988586425781"
"159","319","319","319","-285.532958984375","-285.532958984375","-285.532958984375"
"160","321","321","321","-284.6048278808594","-284.6048278808594","-284.6048278808594"
"161","323","323","323","-284.3194885253906","-284.3194885253906","-284.3194885253906"
"162","325","325","325","-284.81201171875","-284.81201171875","-284.81201171875"
"163","327","327","327","-284.5097961425781","-284.5097961425781","-284.5097961425781"
"164","329","329","329","-285.0569152832031","-285.0569152832031","-285.0569152832031"
"165","331","331","331","-284.1024169921875","-284.1024169921875","-284.1024169921875"
"166","333","333","333","-285.42974853515625","-285.42974853515625","-285.42974853515625"
"167","335","335","335","-285.4049377441406","-285.4049377441406","-285.4049377441406"
"168","337","337","337","-284.3768310546875","-284.3768310546875","-284.3768310546875"
"169","339","339","339","-285.12652587890625","-285.12652587890625","-285.12652587890625"
"170","341","341","341","-285.0914306640625","-285.0914306640625","-285.0914306640625"
"171","343","343","343","-284.36083984375","-284.36083984375","-284.36083984375"
"172","345","345","345","-285.2309265136719","-285.2309265136719","-285.2309265136719"
"173","347","347","347","-285.7747497558594","-285.7747497558594","-285.7747497558594"
"174","349","349","349","-285.8603820800781","-285.8603820800781","-285.8603820800781"
"175","351","351","351","-286.0927429199219","-286.0927429199219","-286.0927429199219"
"176","353","353","353","-285.4486999511719","-285.4486999511719","-285.4486999511719"
"177","355","355","355","-285.2890930175781","-285.2890930175781","-285.2890930175781"
"178","357","357","357","-285.8101806640625","-285.8101806640625","-285.8101806640625"
"179","359","359","359","-284.8121337890625","-284.8121337890625","-284.8121337890625"
"180","361","361","361","-286.48907470703125","-286.48907470703125","-286.48907470703125"
"181","363","363","363","-285.652099609375","-285.652099609375","-285.652099609375"
"182","365","365","365","-285.6253662109375","-285.6253662109375","-285.6253662109375"
"183","367","367","367","-285.9584045410156","-285.9584045410156","-285.9584045410156"
"184","369","369","369","-286.51251220703125","-286.51251220703125","-286.51251220703125"
"185","371","371","371","-285.6600036621094","-285.6600036621094","-285.6600036621094"
"186","373","373","373","-286.28033447265625","-286.28033447265625","-286.28033447265625"
"187","375","375","375","-285.605712890625","-285.605712890625","-285.605712890625"
"188","377","377","377","-285.7228698730469","-285.7228698730469","-285.7228698730469"
"189","379","379","379","-285.4370422363281","-285.4370422363281","-285.4370422363281"
"190","381","381","381","-287.0613708496094","-287.0613708496094","-287.0613708496094"
"191","383","383","383","-285.94598388671875","-285.94598388671875","-285.94598388671875"
"192","385","385","385","-285.71923828125","-285.71923828125","-285.71923828125"
"193","387","387","387","-286.0277404785156","-286.0277404785156","-286.0277404785156"
"194","389","389","389","-284.7176818847656","-284.7176818847656","-284.7176818847656"
"195","391","391","391","-286.1974182128906","-286.1974182128906","-286.1974182128906"
"196","393","393","393","-286.0487976074219","-286.0487976074219","-286.0487976074219"
"197","395","395","395","-285.85223388671875","-285.85223388671875","-285.85223388671875"
"198","397","397","397","-286.36993408203125","-286.36993408203125","-286.36993408203125"
"199","399","399","399","-285.9975891113281","-285.9975891113281","-285.9975891113281"
"200","401","401","401","-286.2459716796875","-286.2459716796875","-286.2459716796875"
"201","403","403","403","-286.40216064453125","-286.40216064453125","-286.40216064453125"
"202","405","405","405","-285.399169921875","-285.399169921875","-285.399169921875"
"203","407","407","407","-286.1484680175781","-286.1484680175781","-286.1484680175781"
"204","409","409","409","-286.3069763183594","-286.3069763183594","-286.3069763183594"
"205","411","411","411","-286.0526123046875","-286.0526123046875","-286.0526123046875"
"206","413","413","413","-285.6111145019531","-285.6111145019531","-285.6111145019531"
"207","415","415","415","-286.3221740722656","-286.3221740722656","-286.3221740722656"
"208","417","417","417","-286.90948486328125","-286.90948486328125","-286.90948486328125"
"209","419","419","419","-285.0738525390625","-285.0738525390625","-285.0738525390625"
"210","421","421","421","-286.6256408691406","-286.6256408691406","-286.6256408691406"
"211","423","423","423","-286.75262451171875","-286.75262451171875","-286.75262451171875"
"212","425","425","425","-286.3972473144531","-286.3972473144531","-286.3972473144531"
"213","427","427","427","-285.525634765625","-285.525634765625","-285.525634765625"
"214","429","429","429","-286.293701171875","-286.293701171875","-286.293701171875"
"215","431","431","431","-286.4859619140625","-286.4859619140625","-286.4859619140625"
"216","433","433","433","-287.0982971191406","-287.0982971191406","-287.0982971191406"
"217","435","435","435","-286.1532287597656","-286.1532287597656","-286.1532287597656"
"218","437","437","437","-285.83251953125","-285.83251953125","-285.83251953125"
"219","439","439","439","-286.4158020019531","-286.4158020019531","-286.4158020019531"
"220","441","441","441","-286.4371643066406","-286.4371643066406","-286.4371643066406"
"221","443","443","443","-284.8986511230469","-284.8986511230469","-284.8986511230469"
"222","445","445","445","-286.472412109375","-286.472412109375","-286.472412109375"
"223","447","447","447","-285.6300354003906","-285.6300354003906","-285.6300354003906"
"224","449","449","449","-285.982421875","-285.982421875","-285.982421875"
"225","451","451","451","-285.84942626953125","-285.84942626953125","-285.84942626953125"
"226","453","453","453","-286.2421875","-286.2421875","-286.2421875"
"227","455","455","455","-286.4321594238281","-286.4321594238281","-286.4321594238281"
"228","457","457","457","-285.6098327636719","-285.6098327636719","-285.6098327636719"
"229","459","459","459","-286.06610107421875","-286.06610107421875","-286.06610107421875"
"230","461","461","461","-285.5767822265625","-285.5767822265625","-285.5767822265625"
"231","463","463","463","-286.1161804199219","-286.1161804199219","-286.1161804199219"
"232","465","465","465","-284.8560791015625","-284.8560791015625","-284.8560791015625"
"233","467","467","467","-286.4908447265625","-286.4908447265625","-286.4908447265625"
"234","469","469","469","-285.02093505859375","-285.02093505859375","-285.02093505859375"
"235","471","471","471","-286.5740661621094","-286.5740661621094","-286.5740661621094"
"236","473","473","473","-286.7513732910156","-286.7513732910156","-286.7513732910156"
"237","475","475","475","-285.0889892578125","-285.0889892578125","-285.0889892578125"
"238","477","477","477","-286.701904296875","-286.701904296875","-286.701904296875"
"239","479","479","479","-285.5677795410156","-285.5677795410156","-285.5677795410156"
"240","481","481","481","-286.6386413574219","-286.6386413574219","-286.6386413574219"
"241","483","483","483","-286.0783386230469","-286.0783386230469","-286.0783386230469"
"242","485","485","485","-285.3214111328125","-285.3214111328125","-285.3214111328125"
"243","487","487","487","-286.92938232421875","-286.92938232421875","-286.92938232421875"
"244","489","489","489","-285.8943786621094","-285.8943786621094","-285.8943786621094"
"245","491","491","491","-286.9619140625","-286.9619140625","-286.9619140625"
"246","493","493","493","-285.4173278808594","-285.4173278808594","-285.4173278808594"
"247","495","495","495","-285.5160217285156","-285.5160217285156","-285.5160217285156"
"248","497","497","497","-286.7099304199219","-286.7099304199219","-286.7099304199219"
"249","499","499","499","-285.9551086425781","-285.9551086425781","-285.9551086425781"
"250","501","501","501","-286.3927917480469","-286.3927917480469","-286.3927917480469"
"251","503","503","503","-286.57891845703125","-286.57891845703125","-286.57891845703125"
"252","505","505","505","-285.8619384765625","-285.8619384765625","-285.8619384765625"
"253","507","507","507","-286.4255676269531","-286.4255676269531","-286.4255676269531"
"254","509","509","509","-285.1557312011719","-285.1557312011719","-285.1557312011719"
"255","511","511","511","-286.282470703125","-286.282470703125","-286.282470703125"
"256","513","513","513","-286.2085876464844","-286.2085876464844","-286.2085876464844"
"257","515","515","515","-285.957763671875","-285.957763671875","-285.957763671875"
"258","517","517","517","-285.933837890625","-285.933837890625","-285.933837890625"
"259","519","519","519","-286.4521484375","-286.4521484375","-286.4521484375"
"260","521","521","521","-286.1541442871094","-286.1541442871094","-286.1541442871094"
"261","523","523","523","-286.3830261230469","-286.3830261230469","-286.3830261230469"
"262","525","525","525","-286.4943542480469","-286.4943542480469","-286.4943542480469"
"263","527","527","527","-286.33148193359375","-286.33148193359375","-286.33148193359375"
"264","529","529","529","-285.02886962890625","-285.02886962890625","-285.02886962890625"
"265","531","531","531","-287.2729187011719","-287.2729187011719","-287.2729187011719"
"266","533","533","533","-286.3592834472656","-286.3592834472656","-286.3592834472656"
"267","535","535","535","-285.74566650390625","-285.74566650390625","-285.74566650390625"
"268","537","537","537","-286.0000915527344","-286.0000915527344","-286.0000915527344"
"269","539","539","539","-286.70013427734375","-286.70013427734375","-286.70013427734375"
"270","541","541","541","-286.5249938964844","-286.5249938964844","-286.5249938964844"
"271","543","543","543","-286.2838134765625","-286.2838134765625","-286.2838134765625"
"272","545","545","545","-285.5428466796875","-285.5428466796875","-285.5428466796875"
"273","547","547","547","-285.6819152832031","-285.6819152832031","-285.6819152832031"
"274","549","549","549","-286.4236755371094","-286.4236755371094","-286.4236755371094"
"275","551","551","551","-285.94354248046875","-285.94354248046875","-285.94354248046875"
"276","553","553","553","-286.5351867675781","-286.5351867675781","-286.5351867675781"
"277","555","555","555","-286.64666748046875","-286.64666748046875","-286.64666748046875"
"278","557","557","557","-286.7055358886719","-286.7055358886719","-286.7055358886719"
"279","559","559","559","-286.25537109375","-286.25537109375","-286.25537109375"
"280","561","561","561","-286.4832458496094","-286.4832458496094","-286.4832458496094"
"281","563","563","563","-285.7261047363281","-285.7261047363281","-285.7261047363281"
"282","565","565","565","-286.9560852050781","-286.9560852050781","-286.9560852050781"
"283","567","567","567","-286.1440734863281","-286.1440734863281","-286.1440734863281"
"284","569","569","569","-286.7569274902344","-286.7569274902344","-286.7569274902344"
"285","571","571","571","-286.548095703125","-286.548095703125","-286.548095703125"
"286","573","573","573","-285.9347229003906","-285.9347229003906","-285.9347229003906"
"287","575","575","575","-285.7861633300781","-285.7861633300781","-285.7861633300781"
"288","577","577","577","-286.5282897949219","-286.5282897949219","-286.5282897949219"
"289","579","579","579","-285.8958435058594","-285.8958435058594","-285.8958435058594"
"290","581","581","581","-286.53759765625","-286.53759765625","-286.53759765625"
"291","583","583","583","-286.9097900390625","-286.9097900390625","-286.9097900390625"
"292","585","585","585","-286.3843994140625","-286.3843994140625","-286.3843994140625"
"293","587","587","587","-286.99151611328125","-286.99151611328125","-286.99151611328125"
"294","589","589","589","-286.9161071777344","-286.9161071777344","-286.9161071777344"
"295","591","591","591","-286.3133544921875","-286.3133544921875","-286.3133544921875"
"296","593","593","593","-286.7419738769531","-286.7419738769531","-286.7419738769531"
"297","595","595","595","-286.0069274902344","-286.0069274902344","-286.0069274902344"
"298","597","597","597","-286.9488220214844","-286.9488220214844","-286.9488220214844"
"299","599","599","599","-285.0738220214844","-285.0738220214844","-285.0738220214844"
"300","601","601","601","-286.1363220214844","-286.1363220214844","-286.1363220214844"
"301","603","603","603","-285.9310607910156","-285.9310607910156","-285.9310607910156"
"302","605","605","605","-286.9336853027344","-286.9336853027344","-286.9336853027344"
"303","607","607","607","-286.1715087890625","-286.1715087890625","-286.1715087890625"
"304","609","609","609","-286.69500732421875","-286.69500732421875","-286.69500732421875"
"305","611","611","611","-286.4528503417969","-286.4528503417969","-286.4528503417969"
"306","613","613","613","-287.5530090332031","-287.5530090332031","-287.5530090332031"
"307","615","615","615","-286.474609375","-286.474609375","-286.474609375"
"308","617","617","617","-286.35101318359375","-286.35101318359375","-286.35101318359375"
"309","619","619","619","-287.52508544921875","-287.52508544921875","-287.52508544921875"
"310","621","621","621","-286.4582824707031","-286.4582824707031","-286.4582824707031"
"311","623","623","623","-287.4992980957031","-287.4992980957031","-287.4992980957031"
"312","625","625","625","-285.45684814453125","-285.45684814453125","-285.45684814453125"
"313","627","627","627","-287.1291198730469","-287.1291198730469","-287.1291198730469"
"314","629","629","629","-287.2451477050781","-287.2451477050781","-287.2451477050781"
"315","631","631","631","-287.51422119140625","-287.51422119140625","-287.51422119140625"
"316","633","633","633","-286.860595703125","-286.860595703125","-286.860595703125"
"317","635","635","635","-286.7538757324219","-286.7538757324219","-286.7538757324219"
"318","637","637","637","-286.5386047363281","-286.5386047363281","-286.5386047363281"
"319","639","639","639","-286.26678466796875","-286.26678466796875","-286.26678466796875"
"320","641","641","641","-287.2306213378906","-287.2306213378906","-287.2306213378906"
"321","643","643","643","-287.15960693359375","-287.15960693359375","-287.15960693359375"
"322","645","645","645","-286.56256103515625","-286.56256103515625","-286.56256103515625"
"323","647","647","647","-286.88421630859375","-286.88421630859375","-286.88421630859375"
"324","649","649","649","-286.1579284667969","-286.1579284667969","-286.1579284667969"
"325","651","651","651","-286.8941345214844","-286.8941345214844","-286.8941345214844"
"326","653","653","653","-287.11968994140625","-287.11968994140625","-287.11968994140625"
"327","655","655","655","-286.4604187011719","-286.4604187011719","-286.4604187011719"
"328","657","657","657","-287.68975830078125","-287.68975830078125","-287.68975830078125"
"329","659","659","659","-287.37213134765625","-287.37213134765625","-287.37213134765625"
"330","661","661","661","-287.3232421875","-287.3232421875","-287.3232421875"
"331","663","663","663","-287.2548522949219","-287.2548522949219","-287.2548522949219"
"332","665","665","665","-287.1399841308594","-287.1399841308594","-287.1399841308594"
"333","667","667","667","-287.87408447265625","-287.87408447265625","-287.87408447265625"
"334","669","669","669","-287.1599426269531","-287.1599426269531","-287.1599426269531"
"335","671","671","671","-287.6045837402344","-287.6045837402344","-287.6045837402344"
"336","673","673","673","-287.91839599609375","-287.91839599609375","-287.91839599609375"
"337","675","675","675","-288.589111328125","-288.589111328125","-288.589111328125"
"338","677","677","677","-287.8493347167969","-287.8493347167969","-287.8493347167969"
"339","679","679","679","-288.232177734375","-288.232177734375","-288.232177734375"
"340","681","681","681","-288.01007080078125","-288.01007080078125","-288.01007080078125"
"341","683","683","683","-289.8496398925781","-289.8496398925781","-289.8496398925781"
"342","685","685","685","-288.6640319824219","-288.6640319824219","-288.6640319824219"
"343","687","687","687","-288.3613586425781","-288.3613586425781","-288.3613586425781"
"344","689","689","689","-288.489013671875","-288.489013671875","-288.489013671875"
"345","691","691","691","-287.7151794433594","-287.7151794433594","-287.7151794433594"
"346","693","693","693","-288.5785217285156","-288.5785217285156","-288.5785217285156"
"347","695","695","695","-289.6455078125","-289.6455078125","-289.6455078125"
"348","697","697","697","-288.38671875","-288.38671875","-288.38671875"
"349","699","699","699","-289.6857604980469","-289.6857604980469","-289.6857604980469"
"350","701","701","701","-289.508544921875","-289.508544921875","-289.508544921875"
"351","703","703","703","-289.3028259277344","-289.3028259277344","-289.3028259277344"
"352","705","705","705","-289.1145324707031","-289.1145324707031","-289.1145324707031"
"353","707","707","707","-288.5890197753906","-288.5890197753906","-288.5890197753906"
"354","709","709","709","-289.8934326171875","-289.8934326171875","-289.8934326171875"
"355","711","711","711","-289.62969970703125","-289.62969970703125","-289.62969970703125"
"356","713","713","713","-288.14959716796875","-288.14959716796875","-288.14959716796875"
"357","715","715","715","-290.40264892578125","-290.40264892578125","-290.40264892578125"
"358","717","717","717","-289.47918701171875","-289.47918701171875","-289.47918701171875"
"359","719","719","719","-289.7678527832031","-289.7678527832031","-289.7678527832031"
"360","721","721","721","-290.26409912109375","-290.26409912109375","-290.26409912109375"
"361","723","723","723","-289.9219665527344","-289.9219665527344","-289.9219665527344"
"362","725","725","725","-289.6806640625","-289.6806640625","-289.6806640625"
"363","727","727","727","-289.0433349609375","-289.0433349609375","-289.0433349609375"
"364","729","729","729","-290.0090637207031","-290.0090637207031","-290.0090637207031"
"365","731","731","731","-289.6233215332031","-289.6233215332031","-289.6233215332031"
"366","733","733","733","-290.07965087890625","-290.07965087890625","-290.07965087890625"
"367","735","735","735","-289.860595703125","-289.860595703125","-289.860595703125"
"368","737","737","737","-289.6171875","-289.6171875","-289.6171875"
"369","739","739","739","-290.4657897949219","-290.4657897949219","-290.4657897949219"
"370","741","741","741","-289.9010925292969","-289.9010925292969","-289.9010925292969"
"371","743","743","743","-290.4373779296875","-290.4373779296875","-290.4373779296875"
"372","745","745","745","-289.58660888671875","-289.58660888671875","-289.58660888671875"
"373","747","747","747","-290.77978515625","-290.77978515625","-290.77978515625"
"374","749","749","749","-289.09674072265625","-289.09674072265625","-289.09674072265625"
"375","751","751","751","-291.29498291015625","-291.29498291015625","-291.29498291015625"
"376","753","753","753","-291.2738037109375","-291.2738037109375","-291.2738037109375"
"377","755","755","755","-290.366455078125","-290.366455078125","-290.366455078125"
"378","757","757","757","-289.515869140625","-289.515869140625","-289.515869140625"
"379","759","759","759","-290.6431579589844","-290.6431579589844","-290.6431579589844"
"380","761","761","761","-290.54559326171875","-290.54559326171875","-290.54559326171875"
"381","763","763","763","-290.7080383300781","-290.7080383300781","-290.7080383300781"
"382","765","765","765","-290.2691650390625","-290.2691650390625","-290.2691650390625"
"383","767","767","767","-289.9273681640625","-289.9273681640625","-289.9273681640625"
"384","769","769","769","-290.0162353515625","-290.0162353515625","-290.0162353515625"
"385","771","771","771","-290.53717041015625","-290.53717041015625","-290.53717041015625"
"386","773","773","773","-291.11328125","-291.11328125","-291.11328125"
"387","775","775","775","-289.5152893066406","-289.5152893066406","-289.5152893066406"
"388","777","777","777","-289.6277160644531","-289.6277160644531","-289.6277160644531"
"389","779","779","779","-290.26434326171875","-290.26434326171875","-290.26434326171875"
"390","781","781","781","-290.6583251953125","-290.6583251953125","-290.6583251953125"
"391","783","783","783","-289.6423645019531","-289.6423645019531","-289.6423645019531"
"392","785","785","785","-289.7843933105469","-289.7843933105469","-289.7843933105469"
"393","787","787","787","-291.5978088378906","-291.5978088378906","-291.5978088378906"
"394","789","789","789","-290.5061950683594","-290.5061950683594","-290.5061950683594"
"395","791","791","791","-291.4501647949219","-291.4501647949219","-291.4501647949219"
"396","793","793","793","-289.8126220703125","-289.8126220703125","-289.8126220703125"
"397","795","795","795","-291.5069885253906","-291.5069885253906","-291.5069885253906"
"398","797","797","797","-290.1589660644531","-290.1589660644531","-290.1589660644531"
"399","799","799","799","-290.266357421875","-290.266357421875","-290.266357421875"
"400","801","801","801","-289.306396484375","-289.306396484375","-289.306396484375"
"401","803","803","803","-290.82196044921875","-290.82196044921875","-290.82196044921875"
"402","805","805","805","-290.8409423828125","-290.8409423828125","-290.8409423828125"
"403","807","807","807","-290.9294128417969","-290.9294128417969","-290.9294128417969"
"404","809","809","809","-290.0857849121094","-290.0857849121094","-290.0857849121094"
"405","811","811","811","-291.1717529296875","-291.1717529296875","-291.1717529296875"
"406","813","813","813","-290.1850891113281","-290.1850891113281","-290.1850891113281"
"407","815","815","815","-291.1710510253906","-291.1710510253906","-291.1710510253906"
"408","817","817","817","-291.4640808105469","-291.4640808105469","-291.4640808105469"
"409","819","819","819","-289.70770263671875","-289.70770263671875","-289.70770263671875"
"410","821","821","821","-290.4089050292969","-290.4089050292969","-290.4089050292969"
"411","823","823","823","-290.300048828125","-290.300048828125","-290.300048828125"
"412","825","825","825","-289.5557861328125","-289.5557861328125","-289.5557861328125"
"413","827","827","827","-289.5851135253906","-289.5851135253906","-289.5851135253906"
"414","829","829","829","-290.5536193847656","-290.5536193847656","-290.5536193847656"
"415","831","831","831","-290.1473388671875","-290.1473388671875","-290.1473388671875"
"416","833","833","833","-290.06231689453125","-290.06231689453125","-290.06231689453125"
"417","835","835","835","-289.9903259277344","-289.9903259277344","-289.9903259277344"
"418","837","837","837","-290.4861755371094","-290.4861755371094","-290.4861755371094"
"419","839","839","839","-290.4722900390625","-290.4722900390625","-290.4722900390625"
"420","841","841","841","-289.548095703125","-289.548095703125","-289.548095703125"
"421","843","843","843","-290.4880065917969","-290.4880065917969","-290.4880065917969"
"422","845","845","845","-291.2563171386719","-291.2563171386719","-291.2563171386719"
"423","847","847","847","-289.3775329589844","-289.3775329589844","-289.3775329589844"
"424","849","849","849","-289.9701232910156","-289.9701232910156","-289.9701232910156"
"425","851","851","851","-289.8132019042969","-289.8132019042969","-289.8132019042969"
"426","853","853","853","-290.2079162597656","-290.2079162597656","-290.2079162597656"
"427","855","855","855","-290.7591552734375","-290.7591552734375","-290.7591552734375"
"428","857","857","857","-289.6720275878906","-289.6720275878906","-289.6720275878906"
"429","859","859","859","-291.08612060546875","-291.08612060546875","-291.08612060546875"
"430","861","861","861","-290.8696594238281","-290.8696594238281","-290.8696594238281"
"431","863","863","863","-289.7121276855469","-289.7121276855469","-289.7121276855469"
"432","865","865","865","-290.2898864746094","-290.2898864746094","-290.2898864746094"
"433","867","867","867","-290.0048522949219","-290.0048522949219","-290.0048522949219"
"434","869","869","869","-289.8708190917969","-289.8708190917969","-289.8708190917969"
"435","871","871","871","-290.36016845703125","-290.36016845703125","-290.36016845703125"
"436","873","873","873","-290.3484191894531","-290.3484191894531","-290.3484191894531"
"437","875","875","875","-290.1285400390625","-290.1285400390625","-290.1285400390625"
"438","877","877","877","-289.8876953125","-289.8876953125","-289.8876953125"
"439","879","879","879","-290.7699279785156","-290.7699279785156","-290.7699279785156"
"440","881","881","881","-290.50299072265625","-290.50299072265625","-290.50299072265625"
"441","883","883","883","-289.2530517578125","-289.2530517578125","-289.2530517578125"
"442","885","885","885","-290.4792175292969","-290.4792175292969","-290.4792175292969"
"443","887","887","887","-291.0010681152344","-291.0010681152344","-291.0010681152344"
"444","889","889","889","-289.1130676269531","-289.1130676269531","-289.1130676269531"
"445","891","891","891","-290.96807861328125","-290.96807861328125","-290.96807861328125"
"446","893","893","893","-290.01239013671875","-290.01239013671875","-290.01239013671875"
"447","895","895","895","-289.8928527832031","-289.8928527832031","-289.8928527832031"
"448","897","897","897","-290.4156799316406","-290.4156799316406","-290.4156799316406"
"449","899","899","899","-289.8769836425781","-289.8769836425781","-289.8769836425781"
"450","901","901","901","-291.47515869140625","-291.47515869140625","-291.47515869140625"
"451","903","903","903","-289.5577697753906","-289.5577697753906","-289.5577697753906"
"452","905","905","905","-291.45672607421875","-291.45672607421875","-291.45672607421875"
"453","907","907","907","-290.020263671875","-290.020263671875","-290.020263671875"
"454","909","909","909","-291.0184631347656","-291.0184631347656","-291.0184631347656"
"455","911","911","911","-289.85845947265625","-289.85845947265625","-289.85845947265625"
"456","913","913","913","-289.3062744140625","-289.3062744140625","-289.3062744140625"
"457","915","915","915","-289.24017333984375","-289.24017333984375","-289.24017333984375"
"458","917","917","917","-289.9158630371094","-289.9158630371094","-289.9158630371094"
"459","919","919","919","-290.130615234375","-290.130615234375","-290.130615234375"
"460","921","921","921","-289.1692810058594","-289.1692810058594","-289.1692810058594"
"461","923","923","923","-289.6483459472656","-289.6483459472656","-289.6483459472656"
"462","925","925","925","-289.1554870605469","-289.1554870605469","-289.1554870605469"
"463","927","927","927","-290.4212646484375","-290.4212646484375","-290.4212646484375"
"464","929","929","929","-288.7237548828125","-288.7237548828125","-288.7237548828125"
"465","931","931","931","-289.0917053222656","-289.0917053222656","-289.0917053222656"
"466","933","933","933","-289.7247009277344","-289.7247009277344","-289.7247009277344"
"467","935","935","935","-289.2768859863281","-289.2768859863281","-289.2768859863281"
"468","937","937","937","-289.8187561035156","-289.8187561035156","-289.8187561035156"
"469","939","939","939","-289.5836181640625","-289.5836181640625","-289.5836181640625"
"470","941","941","941","-289.27545166015625","-289.27545166015625","-289.27545166015625"
"471","943","943","943","-289.3930358886719","-289.3930358886719","-289.3930358886719"
"472","945","945","945","-290.2311096191406","-290.2311096191406","-290.2311096191406"
"473","947","947","947","-289.6549377441406","-289.6549377441406","-289.6549377441406"
"474","949","949","949","-289.8877868652344","-289.8877868652344","-289.8877868652344"
"475","951","951","951","-289.0615234375","-289.0615234375","-289.0615234375"
"476","953","953","953","-289.7804870605469","-289.7804870605469","-289.7804870605469"
"477","955","955","955","-289.638427734375","-289.638427734375","-289.638427734375"
"478","957","957","957","-289.1138916015625","-289.1138916015625","-289.1138916015625"
"479","959","959","959","-289.5050354003906","-289.5050354003906","-289.5050354003906"
"480","961","961","961","-289.19219970703125","-289.19219970703125","-289.19219970703125"
"481","963","963","963","-288.6159973144531","-288.6159973144531","-288.6159973144531"
"482","965","965","965","-289.0929870605469","-289.0929870605469","-289.0929870605469"
"483","967","967","967","-290.16717529296875","-290.16717529296875","-290.16717529296875"
"484","969","969","969","-289.7227478027344","-289.7227478027344","-289.7227478027344"
"485","971","971","971","-289.1937561035156","-289.1937561035156","-289.1937561035156"
"486","973","973","973","-288.3177795410156","-288.3177795410156","-288.3177795410156"
"487","975","975","975","-289.2318115234375","-289.2318115234375","-289.2318115234375"
"488","977","977","977","-287.7681884765625","-287.7681884765625","-287.7681884765625"
"489","979","979","979","-289.6643981933594","-289.6643981933594","-289.6643981933594"
"490","981","981","981","-287.89013671875","-287.89013671875","-287.89013671875"
"491","983","983","983","-288.54876708984375","-288.54876708984375","-288.54876708984375"
"492","985","985","985","-288.15802001953125","-288.15802001953125","-288.15802001953125"
"493","987","987","987","-288.34503173828125","-288.34503173828125","-288.34503173828125"
"494","989","989","989","-289.3554382324219","-289.3554382324219","-289.3554382324219"
"495","991","991","991","-287.8172912597656","-287.8172912597656","-287.8172912597656"
"496","993","993","993","-287.52850341796875","-287.52850341796875","-287.52850341796875"
"497","995","995","995","-287.78070068359375","-287.78070068359375","-287.78070068359375"
"498","997","997","997","-288.0555725097656","-288.0555725097656","-288.0555725097656"
"499","999","999","999","-288.650146484375","-288.650146484375","-288.650146484375"
"500","1001","1001","1001","-288.31341552734375","-288.31341552734375","-288.31341552734375"
"501","1003","1003","1003","-288.0399475097656","-288.0399475097656","-288.0399475097656"
"502","1005","1005","1005","-288.542236328125","-288.542236328125","-288.542236328125"
"503","1007","1007","1007","-288.107421875","-288.107421875","-288.107421875"
"504","1009","1009","1009","-288.801025390625","-288.801025390625","-288.801025390625"
"505","1011","1011","1011","-288.21875","-288.21875","-288.21875"
"506","1013","1013","1013","-288.02789306640625","-288.02789306640625","-288.02789306640625"
"507","1015","1015","1015","-287.8033142089844","-287.8033142089844","-287.8033142089844"
"508","1017","1017","1017","-288.0841979980469","-288.0841979980469","-288.0841979980469"
"509","1019","1019","1019","-289.0093994140625","-289.0093994140625","-289.0093994140625"
"510","1021","1021","1021","-288.1915283203125","-288.1915283203125","-288.1915283203125"
"511","1023","1023","1023","-287.95831298828125","-287.95831298828125","-287.95831298828125"
"512","1025","1025","1025","-288.7412109375","-288.7412109375","-288.7412109375"
"513","1027","1027","1027","-288.8387451171875","-288.8387451171875","-288.8387451171875"
"514","1029","1029","1029","-287.7818298339844","-287.7818298339844","-287.7818298339844"
"515","1031","1031","1031","-288.41815185546875","-288.41815185546875","-288.41815185546875"
"516","1033","1033","1033","-287.8316955566406","-287.8316955566406","-287.8316955566406"
"517","1035","1035","1035","-287.8769226074219","-287.8769226074219","-287.8769226074219"
"518","1037","1037","1037","-288.22003173828125","-288.22003173828125","-288.22003173828125"
"519","1039","1039","1039","-287.9891662597656","-287.9891662597656","-287.9891662597656"
"520","1041","1041","1041","-288.146728515625","-288.146728515625","-288.146728515625"
"521","1043","1043","1043","-287.8608093261719","-287.8608093261719","-287.8608093261719"
"522","1045","1045","1045","-288.9635925292969","-288.9635925292969","-288.9635925292969"
"523","1047","1047","1047","-288.5189514160156","-288.5189514160156","-288.5189514160156"
"524","1049","1049","1049","-287.5411071777344","-287.5411071777344","-287.5411071777344"
"525","1051","1051","1051","-288.633544921875","-288.633544921875","-288.633544921875"
"526","1053","1053","1053","-288.6648864746094","-288.6648864746094","-288.6648864746094"
"527","1055","1055","1055","-288.12213134765625","-288.12213134765625","-288.12213134765625"
"528","1057","1057","1057","-289.7469482421875","-289.7469482421875","-289.7469482421875"
"529","1059","1059","1059","-288.2344665527344","-288.2344665527344","-288.2344665527344"
"530","1061","1061","1061","-288.4817199707031","-288.4817199707031","-288.4817199707031"
"531","1063","1063","1063","-288.8628234863281","-288.8628234863281","-288.8628234863281"
"532","1065","1065","1065","-287.969970703125","-287.969970703125","-287.969970703125"
"533","1067","1067","1067","-290.0648193359375","-290.0648193359375","-290.0648193359375"
"534","1069","1069","1069","-288.63458251953125","-288.63458251953125","-288.63458251953125"
"535","1071","1071","1071","-287.84259033203125","-287.84259033203125","-287.84259033203125"
"536","1073","1073","1073","-289.7479553222656","-289.7479553222656","-289.7479553222656"
"537","1075","1075","1075","-289.2216796875","-289.2216796875","-289.2216796875"
"538","1077","1077","1077","-289.3996887207031","-289.3996887207031","-289.3996887207031"
"539","1079","1079","1079","-288.9360656738281","-288.9360656738281","-288.9360656738281"
"540","1081","1081","1081","-289.77886962890625","-289.77886962890625","-289.77886962890625"
"541","1083","1083","1083","-288.9324645996094","-288.9324645996094","-288.9324645996094"
"542","1085","1085","1085","-289.0798034667969","-289.0798034667969","-289.0798034667969"
"543","1087","1087","1087","-288.537841796875","-288.537841796875","-288.537841796875"
"544","1089","1089","1089","-289.7773742675781","-289.7773742675781","-289.7773742675781"
"545","1091","1091","1091","-289.1067810058594","-289.1067810058594","-289.1067810058594"
"546","1093","1093","1093","-289.3246154785156","-289.3246154785156","-289.3246154785156"
"547","1095","1095","1095","-288.504150390625","-288.504150390625","-288.504150390625"
"548","1097","1097","1097","-289.2787780761719","-289.2787780761719","-289.2787780761719"
"549","1099","1099","1099","-289.088134765625","-289.088134765625","-289.088134765625"
"550","1101","1101","1101","-289.5621337890625","-289.5621337890625","-289.5621337890625"
"551","1103","1103","1103","-288.4743957519531","-288.4743957519531","-288.4743957519531"
"552","1105","1105","1105","-289.6836853027344","-289.6836853027344","-289.6836853027344"
"553","1107","1107","1107","-288.3647766113281","-288.3647766113281","-288.3647766113281"
"554","1109","1109","1109","-288.1531677246094","-288.1531677246094","-288.1531677246094"
"555","1111","1111","1111","-289.84283447265625","-289.84283447265625","-289.84283447265625"
"556","1113","1113","1113","-289.6351623535156","-289.6351623535156","-289.6351623535156"
"557","1115","1115","1115","-288.3080139160156","-288.3080139160156","-288.3080139160156"
"558","1117","1117","1117","-289.5390625","-289.5390625","-289.5390625"
"559","1119","1119","1119","-288.8007507324219","-288.8007507324219","-288.8007507324219"
"560","1121","1121","1121","-289.00372314453125","-289.00372314453125","-289.00372314453125"
"561","1123","1123","1123","-289.0736389160156","-289.0736389160156","-289.0736389160156"
"562","1125","1125","1125","-289.10009765625","-289.10009765625","-289.10009765625"
"563","1127","1127","1127","-289.16644287109375","-289.16644287109375","-289.16644287109375"
"564","1129","1129","1129","-288.0577697753906","-288.0577697753906","-288.0577697753906"
"565","1131","1131","1131","-289.9564208984375","-289.9564208984375","-289.9564208984375"
"566","1133","1133","1133","-288.3891906738281","-288.3891906738281","-288.3891906738281"
"567","1135","1135","1135","-289.57843017578125","-289.57843017578125","-289.57843017578125"
"568","1137","1137","1137","-288.7988586425781","-288.7988586425781","-288.7988586425781"
"569","1139","1139","1139","-288.66754150390625","-288.66754150390625","-288.66754150390625"
"570","1141","1141","1141","-289.40777587890625","-289.40777587890625","-289.40777587890625"
"571","1143","1143","1143","-287.9044494628906","-287.9044494628906","-287.9044494628906"
"572","1145","1145","1145","-288.3543701171875","-288.3543701171875","-288.3543701171875"
"573","1147","1147","1147","-289.467529296875","-289.467529296875","-289.467529296875"
"574","1149","1149","1149","-288.2703552246094","-288.2703552246094","-288.2703552246094"
"575","1151","1151","1151","-288.5634460449219","-288.5634460449219","-288.5634460449219"
"576","1153","1153","1153","-288.1717224121094","-288.1717224121094","-288.1717224121094"
"577","1155","1155","1155","-288.3912658691406","-288.3912658691406","-288.3912658691406"
"578","1157","1157","1157","-289.31781005859375","-289.31781005859375","-289.31781005859375"
"579","1159","1159","1159","-288.427490234375","-288.427490234375","-288.427490234375"
"580","1161","1161","1161","-288.8583679199219","-288.8583679199219","-288.8583679199219"
"581","1163","1163","1163","-289.9927673339844","-289.9927673339844","-289.9927673339844"
"582","1165","1165","1165","-288.9215393066406","-288.9215393066406","-288.9215393066406"
"583","1167","1167","1167","-289.01214599609375","-289.01214599609375","-289.01214599609375"
"584","1169","1169","1169","-288.7135009765625","-288.7135009765625","-288.7135009765625"
"585","1171","1171","1171","-289.47723388671875","-289.47723388671875","-289.47723388671875"
"586","1173","1173","1173","-288.569580078125","-288.569580078125","-288.569580078125"
"587","1175","1175","1175","-289.9692077636719","-289.9692077636719","-289.9692077636719"
"588","1177","1177","1177","-290.2223205566406","-290.2223205566406","-290.2223205566406"
"589","1179","1179","1179","-289.3309020996094","-289.3309020996094","-289.3309020996094"
"590","1181","1181","1181","-290.0215759277344","-290.0215759277344","-290.0215759277344"
"591","1183","1183","1183","-289.4433898925781","-289.4433898925781","-289.4433898925781"
"592","1185","1185","1185","-290.8720703125","-290.8720703125","-290.8720703125"
"593","1187","1187","1187","-290.33209228515625","-290.33209228515625","-290.33209228515625"
"594","1189","1189","1189","-291.0952453613281","-291.0952453613281","-291.0952453613281"
"595","1191","1191","1191","-290.2398376464844","-290.2398376464844","-290.2398376464844"
"596","1193","1193","1193","-291.9007263183594","-291.9007263183594","-291.9007263183594"
"597","1195","1195","1195","-291.0514221191406","-291.0514221191406","-291.0514221191406"
"598","1197","1197","1197","-290.98028564453125","-290.98028564453125","-290.98028564453125"
"599","1199","1199","1199","-291.8706970214844","-291.8706970214844","-291.8706970214844"
"600","1201","1201","1201","-291.31201171875","-291.31201171875","-291.31201171875"
"601","1203","1203","1203","-291.1172180175781","-291.1172180175781","-291.1172180175781"
"602","1205","1205","1205","-291.3280334472656","-291.3280334472656","-291.3280334472656"
"603","1207","1207","1207","-290.55645751953125","-290.55645751953125","-290.55645751953125"
"604","1209","1209","1209","-291.7781677246094","-291.7781677246094","-291.7781677246094"
"605","1211","1211","1211","-291.03973388671875","-291.03973388671875","-291.03973388671875"
"606","1213","1213","1213","-292.4834289550781","-292.4834289550781","-292.4834289550781"
"607","1215","1215","1215","-291.4182434082031","-291.4182434082031","-291.4182434082031"
"608","1217","1217","1217","-291.9491271972656","-291.9491271972656","-291.9491271972656"
"609","1219","1219","1219","-291.1183776855469","-291.1183776855469","-291.1183776855469"
"610","1221","1221","1221","-292.26690673828125","-292.26690673828125","-292.26690673828125"
"611","1223","1223","1223","-290.94366455078125","-290.94366455078125","-290.94366455078125"
"612","1225","1225","1225","-291.75396728515625","-291.75396728515625","-291.75396728515625"
"613","1227","1227","1227","-292.1510314941406","-292.1510314941406","-292.1510314941406"
"614","1229","1229","1229","-291.981689453125","-291.981689453125","-291.981689453125"
"615","1231","1231","1231","-291.948486328125","-291.948486328125","-291.948486328125"
"616","1233","1233","1233","-291.7297058105469","-291.7297058105469","-291.7297058105469"
"617","1235","1235","1235","-292.5565490722656","-292.5565490722656","-292.5565490722656"
"618","1237","1237","1237","-293.0135803222656","-293.0135803222656","-293.0135803222656"
"619","1239","1239","1239","-292.47393798828125","-292.47393798828125","-292.47393798828125"
"620","1241","1241","1241","-292.48797607421875","-292.48797607421875","-292.48797607421875"
"621","1243","1243","1243","-292.3000183105469","-292.3000183105469","-292.3000183105469"
"622","1245","1245","1245","-293.0343017578125","-293.0343017578125","-293.0343017578125"
"623","1247","1247","1247","-292.75537109375","-292.75537109375","-292.75537109375"
"624","1249","1249","1249","-292.64251708984375","-292.64251708984375","-292.64251708984375"
"625","1251","1251","1251","-293.72528076171875","-293.72528076171875","-293.72528076171875"
"626","1253","1253","1253","-292.0850524902344","-292.0850524902344","-292.0850524902344"
"627","1255","1255","1255","-294.6439208984375","-294.6439208984375","-294.6439208984375"
"628","1257","1257","1257","-293.2112731933594","-293.2112731933594","-293.2112731933594"
"629","1259","1259","1259","-294.2347106933594","-294.2347106933594","-294.2347106933594"
"630","1261","1261","1261","-294.0380554199219","-294.0380554199219","-294.0380554199219"
"631","1263","1263","1263","-293.8854675292969","-293.8854675292969","-293.8854675292969"
"632","1265","1265","1265","-293.45428466796875","-293.45428466796875","-293.45428466796875"
"633","1267","1267","1267","-292.51129150390625","-292.51129150390625","-292.51129150390625"
"634","1269","1269","1269","-293.8139343261719","-293.8139343261719","-293.8139343261719"
"635","1271","1271","1271","-294.0091552734375","-294.0091552734375","-294.0091552734375"
"636","1273","1273","1273","-292.92169189453125","-292.92169189453125","-292.92169189453125"
"637","1275","1275","1275","-292.8812561035156","-292.8812561035156","-292.8812561035156"
"638","1277","1277","1277","-293.3170166015625","-293.3170166015625","-293.3170166015625"
"639","1279","1279","1279","-292.97723388671875","-292.97723388671875","-292.97723388671875"
"640","1281","1281","1281","-293.0304870605469","-293.0304870605469","-293.0304870605469"
"641","1283","1283","1283","-292.97247314453125","-292.97247314453125","-292.97247314453125"
"642","1285","1285","1285","-292.95977783203125","-292.95977783203125","-292.95977783203125"
"643","1287","1287","1287","-293.6712341308594","-293.6712341308594","-293.6712341308594"
"644","1289","1289","1289","-292.8224792480469","-292.8224792480469","-292.8224792480469"
"645","1291","1291","1291","-293.2744445800781","-293.2744445800781","-293.2744445800781"
"646","1293","1293","1293","-293.0127258300781","-293.0127258300781","-293.0127258300781"
"647","1295","1295","1295","-293.1044921875","-293.1044921875","-293.1044921875"
"648","1297","1297","1297","-293.2797546386719","-293.2797546386719","-293.2797546386719"
"649","1299","1299","1299","-292.1605224609375","-292.1605224609375","-292.1605224609375"
"650","1301","1301","1301","-293.78497314453125","-293.78497314453125","-293.78497314453125"
"651","1303","1303","1303","-292.7996826171875","-292.7996826171875","-292.7996826171875"
"652","1305","1305","1305","-292.9909362792969","-292.9909362792969","-292.9909362792969"
"653","1307","1307","1307","-292.0666198730469","-292.0666198730469","-292.0666198730469"
"654","1309","1309","1309","-294.1458740234375","-294.1458740234375","-294.1458740234375"
"655","1311","1311","1311","-292.4669189453125","-292.4669189453125","-292.4669189453125"
"656","1313","1313","1313","-293.33941650390625","-293.33941650390625","-293.33941650390625"
"657","1315","1315","1315","-292.5835266113281","-292.5835266113281","-292.5835266113281"
"658","1317","1317","1317","-293.08599853515625","-293.08599853515625","-293.08599853515625"
"659","1319","1319","1319","-293.6410217285156","-293.6410217285156","-293.6410217285156"
"660","1321","1321","1321","-293.9595642089844","-293.9595642089844","-293.9595642089844"
"661","1323","1323","1323","-293.1502990722656","-293.1502990722656","-293.1502990722656"
"662","1325","1325","1325","-291.9597473144531","-291.9597473144531","-291.9597473144531"
"663","1327","1327","1327","-293.9819641113281","-293.9819641113281","-293.9819641113281"
"664","1329","1329","1329","-292.26885986328125","-292.26885986328125","-292.26885986328125"
"665","1331","1331","1331","-293.5546569824219","-293.5546569824219","-293.5546569824219"
"666","1333","1333","1333","-292.91925048828125","-292.91925048828125","-292.91925048828125"
"667","1335","1335","1335","-292.3048400878906","-292.3048400878906","-292.3048400878906"
"668","1337","1337","1337","-292.3906555175781","-292.3906555175781","-292.3906555175781"
"669","1339","1339","1339","-293.2041931152344","-293.2041931152344","-293.2041931152344"
"670","1341","1341","1341","-293.3954162597656","-293.3954162597656","-293.3954162597656"
"671","1343","1343","1343","-293.06195068359375","-293.06195068359375","-293.06195068359375"
"672","1345","1345","1345","-293.82879638671875","-293.82879638671875","-293.82879638671875"
"673","1347","1347","1347","-293.78594970703125","-293.78594970703125","-293.78594970703125"
"674","1349","1349","1349","-292.9332275390625","-292.9332275390625","-292.9332275390625"
"675","1351","1351","1351","-293.1032409667969","-293.1032409667969","-293.1032409667969"
"676","1353","1353","1353","-294.3341979980469","-294.3341979980469","-294.3341979980469"
"677","1355","1355","1355","-293.0547790527344","-293.0547790527344","-293.0547790527344"
"678","1357","1357","1357","-293.365478515625","-293.365478515625","-293.365478515625"
"679","1359","1359","1359","-293.268798828125","-293.268798828125","-293.268798828125"
"680","1361","1361","1361","-293.4158630371094","-293.4158630371094","-293.4158630371094"
"681","1363","1363","1363","-293.17724609375","-293.17724609375","-293.17724609375"
"682","1365","1365","1365","-293.25823974609375","-293.25823974609375","-293.25823974609375"
"683","1367","1367","1367","-292.5023498535156","-292.5023498535156","-292.5023498535156"
"684","1369","1369","1369","-294.0333251953125","-294.0333251953125","-294.0333251953125"
"685","1371","1371","1371","-293.0730895996094","-293.0730895996094","-293.0730895996094"
"686","1373","1373","1373","-293.5247802734375","-293.5247802734375","-293.5247802734375"
"687","1375","1375","1375","-292.80889892578125","-292.80889892578125","-292.80889892578125"
"688","1377","1377","1377","-293.58587646484375","-293.58587646484375","-293.58587646484375"
"689","1379","1379","1379","-293.7547912597656","-293.7547912597656","-293.7547912597656"
"690","1381","1381","1381","-293.63232421875","-293.63232421875","-293.63232421875"
"691","1383","1383","1383","-292.79034423828125","-292.79034423828125","-292.79034423828125"
"692","1385","1385","1385","-293.51959228515625","-293.51959228515625","-293.51959228515625"
"693","1387","1387","1387","-294.1859436035156","-294.1859436035156","-294.1859436035156"
"694","1389","1389","1389","-293.9151916503906","-293.9151916503906","-293.9151916503906"
"695","1391","1391","1391","-295.1228942871094","-295.1228942871094","-295.1228942871094"
"696","1393","1393","1393","-293.5856018066406","-293.5856018066406","-293.5856018066406"
"697","1395","1395","1395","-293.8052673339844","-293.8052673339844","-293.8052673339844"
"698","1397","1397","1397","-294.8361511230469","-294.8361511230469","-294.8361511230469"
"699","1399","1399","1399","-294.21978759765625","-294.21978759765625","-294.21978759765625"
"700","1401","1401","1401","-294.884521484375","-294.884521484375","-294.884521484375"
"701","1403","1403","1403","-293.5998840332031","-293.5998840332031","-293.5998840332031"
"702","1405","1405","1405","-293.8982238769531","-293.8982238769531","-293.8982238769531"
"703","1407","1407","1407","-294.3409423828125","-294.3409423828125","-294.3409423828125"
"704","1409","1409","1409","-295.87744140625","-295.87744140625","-295.87744140625"
"705","1411","1411","1411","-294.2748718261719","-294.2748718261719","-294.2748718261719"
"706","1413","1413","1413","-294.0290222167969","-294.0290222167969","-294.0290222167969"
"707","1415","1415","1415","-294.8656921386719","-294.8656921386719","-294.8656921386719"
"708","1417","1417","1417","-294.3481140136719","-294.3481140136719","-294.3481140136719"
"709","1419","1419","1419","-295.54315185546875","-295.54315185546875","-295.54315185546875"
"710","1421","1421","1421","-293.69000244140625","-293.69000244140625","-293.69000244140625"
"711","1423","1423","1423","-294.4595642089844","-294.4595642089844","-294.4595642089844"
"712","1425","1425","1425","-295.0896301269531","-295.0896301269531","-295.0896301269531"
"713","1427","1427","1427","-294.1324768066406","-294.1324768066406","-294.1324768066406"
"714","1429","1429","1429","-294.7065734863281","-294.7065734863281","-294.7065734863281"
"715","1431","1431","1431","-294.5069885253906","-294.5069885253906","-294.5069885253906"
"716","1433","1433","1433","-294.0691223144531","-294.0691223144531","-294.0691223144531"
"717","1435","1435","1435","-294.5041198730469","-294.5041198730469","-294.5041198730469"
"718","1437","1437","1437","-295.5213623046875","-295.5213623046875","-295.5213623046875"
"719","1439","1439","1439","-295.5839538574219","-295.5839538574219","-295.5839538574219"
"720","1441","1441","1441","-293.7527160644531","-293.7527160644531","-293.7527160644531"
"721","1443","1443","1443","-295.1693420410156","-295.1693420410156","-295.1693420410156"
"722","1445","1445","1445","-294.2433166503906","-294.2433166503906","-294.2433166503906"
"723","1447","1447","1447","-294.3770446777344","-294.3770446777344","-294.3770446777344"
"724","1449","1449","1449","-294.2474670410156","-294.2474670410156","-294.2474670410156"
"725","1451","1451","1451","-295.2885437011719","-295.2885437011719","-295.2885437011719"
"726","1453","1453","1453","-296.2424621582031","-296.2424621582031","-296.2424621582031"
"727","1455","1455","1455","-293.22796630859375","-293.22796630859375","-293.22796630859375"
"728","1457","1457","1457","-296.76947021484375","-296.76947021484375","-296.76947021484375"
"729","1459","1459","1459","-294.65740966796875","-294.65740966796875","-294.65740966796875"
"730","1461","1461","1461","-294.9200744628906","-294.9200744628906","-294.9200744628906"
"731","1463","1463","1463","-293.4594421386719","-293.4594421386719","-293.4594421386719"
"732","1465","1465","1465","-296.01959228515625","-296.01959228515625","-296.01959228515625"
"733","1467","1467","1467","-294.85101318359375","-294.85101318359375","-294.85101318359375"
"734","1469","1469","1469","-295.5326843261719","-295.5326843261719","-295.5326843261719"
"735","1471","1471","1471","-295.4893798828125","-295.4893798828125","-295.4893798828125"
"736","1473","1473","1473","-295.5906066894531","-295.5906066894531","-295.5906066894531"
"737","1475","1475","1475","-294.1402587890625","-294.1402587890625","-294.1402587890625"
"738","1477","1477","1477","-295.37652587890625","-295.37652587890625","-295.37652587890625"
"739","1479","1479","1479","-294.34033203125","-294.34033203125","-294.34033203125"
"740","1481","1481","1481","-294.73016357421875","-294.73016357421875","-294.73016357421875"
"741","1483","1483","1483","-294.6695251464844","-294.6695251464844","-294.6695251464844"
"742","1485","1485","1485","-294.9450378417969","-294.9450378417969","-294.9450378417969"
"743","1487","1487","1487","-294.740478515625","-294.740478515625","-294.740478515625"
"744","1489","1489","1489","-295.043212890625","-295.043212890625","-295.043212890625"
"745","1491","1491","1491","-295.0027160644531","-295.0027160644531","-295.0027160644531"
"746","1493","1493","1493","-294.56256103515625","-294.56256103515625","-294.56256103515625"
"747","1495","1495","1495","-295.0876770019531","-295.0876770019531","-295.0876770019531"
"748","1497","1497","1497","-295.3218078613281","-295.3218078613281","-295.3218078613281"
"749","1499","1499","1499","-294.9971618652344","-294.9971618652344","-294.9971618652344"
"750","1501","1501","1501","-295.485595703125","-295.485595703125","-295.485595703125"
"751","1503","1503","1503","-295.3089294433594","-295.3089294433594","-295.3089294433594"
"752","1505","1505","1505","-296.626708984375","-296.626708984375","-296.626708984375"
"753","1507","1507","1507","-296.3617858886719","-296.3617858886719","-296.3617858886719"
"754","1509","1509","1509","-296.9447021484375","-296.9447021484375","-296.9447021484375"
"755","1511","1511","1511","-296.16229248046875","-296.16229248046875","-296.16229248046875"
"756","1513","1513","1513","-296.9516296386719","-296.9516296386719","-296.9516296386719"
"757","1515","1515","1515","-296.5662536621094","-296.5662536621094","-296.5662536621094"
"758","1517","1517","1517","-295.5611877441406","-295.5611877441406","-295.5611877441406"
"759","1519","1519","1519","-296.5279541015625","-296.5279541015625","-296.5279541015625"
"760","1521","1521","1521","-295.4763488769531","-295.4763488769531","-295.4763488769531"
"761","1523","1523","1523","-296.03472900390625","-296.03472900390625","-296.03472900390625"
"762","1525","1525","1525","-295.8948974609375","-295.8948974609375","-295.8948974609375"
"763","1527","1527","1527","-295.0041198730469","-295.0041198730469","-295.0041198730469"
"764","1529","1529","1529","-295.9580383300781","-295.9580383300781","-295.9580383300781"
"765","1531","1531","1531","-295.81121826171875","-295.81121826171875","-295.81121826171875"
"766","1533","1533","1533","-295.7355651855469","-295.7355651855469","-295.7355651855469"
"767","1535","1535","1535","-296.6727294921875","-296.6727294921875","-296.6727294921875"
"768","1537","1537","1537","-295.3406677246094","-295.3406677246094","-295.3406677246094"
"769","1539","1539","1539","-295.95068359375","-295.95068359375","-295.95068359375"
"770","1541","1541","1541","-295.33770751953125","-295.33770751953125","-295.33770751953125"
"771","1543","1543","1543","-295.6775817871094","-295.6775817871094","-295.6775817871094"
"772","1545","1545","1545","-295.17071533203125","-295.17071533203125","-295.17071533203125"
"773","1547","1547","1547","-295.2600402832031","-295.2600402832031","-295.2600402832031"
"774","1549","1549","1549","-295.32904052734375","-295.32904052734375","-295.32904052734375"
"775","1551","1551","1551","-295.3450927734375","-295.3450927734375","-295.3450927734375"
"776","1553","1553","1553","-296.1354064941406","-296.1354064941406","-296.1354064941406"
"777","1555","1555","1555","-296.1217346191406","-296.1217346191406","-296.1217346191406"
"778","1557","1557","1557","-295.5180969238281","-295.5180969238281","-295.5180969238281"
"779","1559","1559","1559","-294.9534606933594","-294.9534606933594","-294.9534606933594"
"780","1561","1561","1561","-294.4477233886719","-294.4477233886719","-294.4477233886719"
"781","1563","1563","1563","-295.7699890136719","-295.7699890136719","-295.7699890136719"
"782","1565","1565","1565","-294.681640625","-294.681640625","-294.681640625"
"783","1567","1567","1567","-295.2015075683594","-295.2015075683594","-295.2015075683594"
"784","1569","1569","1569","-295.9984130859375","-295.9984130859375","-295.9984130859375"
"785","1571","1571","1571","-295.34814453125","-295.34814453125","-295.34814453125"
"786","1573","1573","1573","-294.5032653808594","-294.5032653808594","-294.5032653808594"
"787","1575","1575","1575","-295.49615478515625","-295.49615478515625","-295.49615478515625"
"788","1577","1577","1577","-296.0693664550781","-296.0693664550781","-296.0693664550781"
"789","1579","1579","1579","-295.6791687011719","-295.6791687011719","-295.6791687011719"
"790","1581","1581","1581","-294.6502685546875","-294.6502685546875","-294.6502685546875"
"791","1583","1583","1583","-295.0242919921875","-295.0242919921875","-295.0242919921875"
"792","1585","1585","1585","-295.59869384765625","-295.59869384765625","-295.59869384765625"
"793","1587","1587","1587","-294.5715637207031","-294.5715637207031","-294.5715637207031"
"794","1589","1589","1589","-294.66357421875","-294.66357421875","-294.66357421875"
"795","1591","1591","1591","-295.3479309082031","-295.3479309082031","-295.3479309082031"
"796","1593","1593","1593","-294.13067626953125","-294.13067626953125","-294.13067626953125"
"797","1595","1595","1595","-295.26904296875","-295.26904296875","-295.26904296875"
"798","1597","1597","1597","-294.7560119628906","-294.7560119628906","-294.7560119628906"
"799","1599","1599","1599","-294.5270690917969","-294.5270690917969","-294.5270690917969"
"800","1601","1601","1601","-294.82525634765625","-294.82525634765625","-294.82525634765625"
"801","1603","1603","1603","-294.3725891113281","-294.3725891113281","-294.3725891113281"
"802","1605","1605","1605","-294.2722473144531","-294.2722473144531","-294.2722473144531"
"803","1607","1607","1607","-295.4589538574219","-295.4589538574219","-295.4589538574219"
"804","1609","1609","1609","-295.11407470703125","-295.11407470703125","-295.11407470703125"
"805","1611","1611","1611","-294.5345153808594","-294.5345153808594","-294.5345153808594"
"806","1613","1613","1613","-294.04681396484375","-294.04681396484375","-294.04681396484375"
"807","1615","1615","1615","-295.30780029296875","-295.30780029296875","-295.30780029296875"
"808","1617","1617","1617","-294.84234619140625","-294.84234619140625","-294.84234619140625"
"809","1619","1619","1619","-294.3785095214844","-294.3785095214844","-294.3785095214844"
"810","1621","1621","1621","-294.825927734375","-294.825927734375","-294.825927734375"
"811","1623","1623","1623","-294.1257629394531","-294.1257629394531","-294.1257629394531"
"812","1625","1625","1625","-294.6680603027344","-294.6680603027344","-294.6680603027344"
"813","1627","1627","1627","-295.4701232910156","-295.4701232910156","-295.4701232910156"
"814","1629","1629","1629","-294.47735595703125","-294.47735595703125","-294.47735595703125"
"815","1631","1631","1631","-294.7709655761719","-294.7709655761719","-294.7709655761719"
"816","1633","1633","1633","-294.9011535644531","-294.9011535644531","-294.9011535644531"
"817","1635","1635","1635","-294.2869873046875","-294.2869873046875","-294.2869873046875"
"818","1637","1637","1637","-294.9257507324219","-294.9257507324219","-294.9257507324219"
"819","1639","1639","1639","-295.0782165527344","-295.0782165527344","-295.0782165527344"